invoice_id,invoice_date,customer_id,product_id,sales_rep_id,territory,quantity,unit_price,discount,sales_amount,unit_cost,gross_profit,sales_channel,campaign_id,payment_status
INV000001,2025-09-07,C0033,P007,SR006,East Malaysia,146,53.96,0,7878.16,26.47,4013.54,Hospital,CAM006,Paid
INV000002,2025-06-01,C0153,P001,SR012,East Malaysia,42,34.05,0.15,1215.58,21.72,303.34,Clinic,,Pending
INV000003,2025-04-23,C0170,P001,SR006,East Malaysia,8,34.05,0.03,264.23,21.72,90.47,Hospital,,Paid
INV000004,2025-01-17,C0045,P009,SR003,Northern,37,9.93,0.08,338.02,6.14,110.84,Pharmacy,,Pending
INV000005,2026-05-03,C0115,P012,SR004,Southern,120,23.6,0.05,2690.4,11.86,1267.2,Pharmacy,,Paid
INV000006,2026-06-18,C0078,P015,SR004,Southern,20,11.13,0.15,189.21,6.38,61.61,Clinic,,Pending
INV000007,2026-03-13,C0176,P004,SR011,East Coast,118,19.97,0,2356.46,10.13,1161.12,Hospital,CAM010,Paid
INV000008,2025-10-09,C0160,P018,SR012,East Malaysia,102,17.27,0.15,1497.31,8.38,642.55,Distributor,,Paid
INV000009,2026-03-17,C0026,P004,SR004,Southern,115,19.97,0.05,2181.72,10.13,1016.77,Hospital,,Paid
INV000010,2025-12-14,C0117,P013,SR010,Southern,29,14.36,0.03,403.95,8.98,143.53,Distributor,CAM008,Paid
INV000011,2025-06-06,C0176,P016,SR005,East Coast,28,23.84,0.1,600.77,14.05,207.37,Hospital,CAM004,Pending
INV000012,2026-01-17,C0034,P018,SR002,Kuala Lumpur,155,17.27,0.15,2275.32,8.38,976.42,Pharmacy,,Paid
INV000013,2026-02-25,C0091,P014,SR003,Northern,78,18.87,0.05,1398.27,11.75,481.77,Clinic,,Paid
INV000014,2025-08-06,C0040,P016,SR003,Northern,32,23.84,0.03,739.99,14.05,290.39,Pharmacy,,Paid
INV000015,2025-10-13,C0147,P008,SR010,Southern,148,17.6,0.15,2214.08,7.93,1040.44,Pharmacy,,Paid
INV000016,2025-01-27,C0156,P009,SR001,Central,51,9.93,0.03,491.24,6.14,178.1,Distributor,,Overdue
INV000017,2025-12-26,C0002,P006,SR001,Central,149,28.44,0.08,3898.56,16.3,1469.86,Clinic,CAM008,Paid
INV000018,2026-06-28,C0056,P013,SR009,Northern,121,14.36,0.03,1685.43,8.98,598.85,Pharmacy,,Paid
INV000019,2025-11-29,C0146,P003,SR005,East Coast,44,31.96,0,1406.24,20.33,511.72,Clinic,,Paid
INV000020,2025-10-06,C0114,P014,SR007,Central,160,18.87,0.05,2868.24,11.75,988.24,Hospital,CAM007,Paid
INV000021,2025-04-24,C0073,P016,SR011,East Coast,16,23.84,0,381.44,14.05,156.64,Pharmacy,,Paid
INV000022,2025-07-29,C0078,P007,SR004,Southern,70,53.96,0.03,3663.88,26.47,1810.98,Clinic,CAM005,Pending
INV000023,2025-06-29,C0034,P013,SR002,Kuala Lumpur,133,14.36,0.05,1814.39,8.98,620.05,Pharmacy,,Paid
INV000024,2025-12-29,C0019,P013,SR005,East Coast,116,14.36,0,1665.76,8.98,624.08,Hospital,,Pending
INV000025,2026-03-16,C0147,P013,SR010,Southern,79,14.36,0,1134.44,8.98,425.02,Pharmacy,,Paid
INV000026,2025-11-29,C0044,P015,SR007,Central,27,11.13,0.05,285.48,6.38,113.22,Clinic,CAM008,Paid
INV000027,2026-06-21,C0021,P013,SR012,East Malaysia,91,14.36,0,1306.76,8.98,489.58,Clinic,,Pending
INV000028,2025-03-20,C0131,P004,SR001,Central,94,19.97,0.03,1820.86,10.13,868.64,Hospital,,Paid
INV000029,2025-06-01,C0061,P004,SR005,East Coast,70,19.97,0,1397.9,10.13,688.8,Pharmacy,,Pending
INV000030,2025-03-19,C0046,P016,SR007,Central,149,23.84,0.08,3267.99,14.05,1174.54,Clinic,,Overdue
INV000031,2025-11-27,C0161,P011,SR001,Central,117,15.5,0,1813.5,7.06,987.48,Pharmacy,,Paid
INV000032,2025-10-09,C0152,P002,SR012,East Malaysia,134,20.37,0,2729.58,9.86,1408.34,Hospital,,Paid
INV000033,2026-01-13,C0074,P003,SR006,East Malaysia,162,31.96,0.05,4918.64,20.33,1625.18,Pharmacy,,Paid
INV000034,2025-02-12,C0116,P007,SR010,Southern,159,53.96,0.05,8150.66,26.47,3941.93,Clinic,,Paid
INV000035,2025-03-05,C0116,P004,SR010,Southern,26,19.97,0.05,493.26,10.13,229.88,Clinic,CAM002,Paid
INV000036,2026-03-26,C0135,P017,SR004,Southern,98,60.49,0.03,5750.18,30.19,2791.56,Clinic,,Paid
INV000037,2026-02-23,C0087,P002,SR007,Central,21,20.37,0.03,414.94,9.86,207.88,Clinic,,Paid
INV000038,2025-09-16,C0169,P005,SR010,Southern,25,48.8,0.05,1159.0,23.91,561.25,Hospital,CAM006,Paid
INV000039,2026-02-06,C0034,P003,SR008,Kuala Lumpur,148,31.96,0.03,4588.18,20.33,1579.34,Pharmacy,,Pending
INV000040,2025-05-11,C0172,P017,SR005,East Coast,170,60.49,0.08,9460.64,30.19,4328.34,Pharmacy,,Paid
INV000041,2025-01-19,C0093,P010,SR004,Southern,59,17.45,0.03,998.66,11.04,347.3,Pharmacy,,Paid
INV000042,2025-05-21,C0040,P003,SR009,Northern,30,31.96,0.05,910.86,20.33,300.96,Pharmacy,,Pending
INV000043,2026-06-24,C0010,P011,SR003,Northern,157,15.5,0.03,2360.49,7.06,1252.07,Pharmacy,,Paid
INV000044,2025-06-19,C0113,P002,SR009,Northern,98,20.37,0.08,1836.56,9.86,870.28,Clinic,,Paid
INV000045,2026-03-31,C0157,P010,SR010,Southern,64,17.45,0.05,1060.96,11.04,354.4,Pharmacy,CAM011,Pending
INV000046,2025-07-18,C0095,P015,SR011,East Coast,77,11.13,0.08,788.45,6.38,297.19,Pharmacy,,Paid
INV000047,2025-06-15,C0052,P005,SR008,Kuala Lumpur,18,48.8,0.05,834.48,23.91,404.1,Clinic,,Paid
INV000048,2025-04-16,C0133,P004,SR007,Central,26,19.97,0.08,477.68,10.13,214.3,Clinic,CAM003,Pending
INV000049,2025-04-04,C0057,P015,SR011,East Coast,11,11.13,0.05,116.31,6.38,46.13,Clinic,,Paid
INV000050,2026-01-31,C0021,P012,SR006,East Malaysia,12,23.6,0.03,274.7,11.86,132.38,Clinic,CAM009,Pending
INV000051,2025-05-21,C0010,P010,SR009,Northern,40,17.45,0.08,642.16,11.04,200.56,Pharmacy,,Paid
INV000052,2025-03-23,C0005,P009,SR003,Northern,43,9.93,0.05,405.64,6.14,141.62,Pharmacy,,Paid
INV000053,2025-04-24,C0074,P008,SR012,East Malaysia,36,17.6,0,633.6,7.93,348.12,Pharmacy,,Pending
INV000054,2026-04-14,C0017,P004,SR007,Central,157,19.97,0.05,2978.53,10.13,1388.12,Pharmacy,,Paid
INV000055,2025-05-28,C0075,P014,SR003,Northern,162,18.87,0.03,2965.23,11.75,1061.73,Pharmacy,,Paid
INV000056,2025-03-29,C0135,P012,SR004,Southern,139,23.6,0.05,3116.38,11.86,1467.84,Clinic,,Paid
INV000057,2025-01-21,C0100,P016,SR004,Southern,167,23.84,0.03,3861.84,14.05,1515.49,Clinic,,Pending
INV000058,2026-01-01,C0018,P012,SR002,Kuala Lumpur,173,23.6,0.05,3878.66,11.86,1826.88,Hospital,,Pending
INV000059,2025-12-07,C0035,P002,SR009,Northern,144,20.37,0.03,2845.28,9.86,1425.44,Clinic,,Pending
INV000060,2026-04-21,C0179,P016,SR004,Southern,39,23.84,0,929.76,14.05,381.81,Pharmacy,,Paid
INV000061,2025-10-28,C0052,P002,SR002,Kuala Lumpur,15,20.37,0.03,296.38,9.86,148.48,Clinic,CAM007,Overdue
INV000062,2026-04-30,C0065,P002,SR006,East Malaysia,78,20.37,0.03,1541.19,9.86,772.11,Pharmacy,,Pending
INV000063,2025-12-06,C0070,P004,SR007,Central,116,19.97,0.1,2084.87,10.13,909.79,Pharmacy,,Pending
INV000064,2026-01-31,C0087,P006,SR007,Central,132,28.44,0.03,3641.46,16.3,1489.86,Clinic,,Paid
INV000065,2025-03-26,C0109,P003,SR012,East Malaysia,159,31.96,0.15,4319.39,20.33,1086.92,Clinic,CAM002,Paid
INV000066,2025-03-23,C0084,P010,SR011,East Coast,119,17.45,0.05,1972.72,11.04,658.96,Distributor,,Paid
INV000067,2025-12-26,C0115,P002,SR010,Southern,162,20.37,0.15,2804.95,9.86,1207.63,Pharmacy,CAM008,Paid
INV000068,2026-02-20,C0094,P017,SR006,East Malaysia,12,60.49,0,725.88,30.19,363.6,Pharmacy,,Pending
INV000069,2025-02-05,C0033,P003,SR006,East Malaysia,170,31.96,0.03,5270.2,20.33,1814.1,Hospital,,Paid
INV000070,2025-06-07,C0174,P015,SR010,Southern,100,11.13,0.05,1057.35,6.38,419.35,Hospital,CAM004,Paid
INV000071,2026-02-12,C0081,P009,SR004,Southern,34,9.93,0,337.62,6.14,128.86,Pharmacy,CAM010,Pending
INV000072,2025-05-01,C0068,P009,SR011,East Coast,59,9.93,0.15,497.99,6.14,135.73,Distributor,,Paid
INV000073,2026-05-18,C0052,P004,SR002,Kuala Lumpur,23,19.97,0.05,436.34,10.13,203.35,Clinic,,Paid
INV000074,2025-03-31,C0175,P011,SR009,Northern,21,15.5,0.05,309.22,7.06,160.96,Hospital,CAM002,Pending
INV000075,2025-06-28,C0093,P017,SR004,Southern,36,60.49,0.15,1850.99,30.19,764.15,Pharmacy,,Pending
INV000076,2025-08-31,C0127,P001,SR008,Kuala Lumpur,146,34.05,0.05,4722.73,21.72,1551.61,Pharmacy,,Overdue
INV000077,2025-05-13,C0157,P003,SR004,Southern,84,31.96,0.03,2604.1,20.33,896.38,Pharmacy,,Paid
INV000078,2026-05-06,C0135,P014,SR010,Southern,152,18.87,0,2868.24,11.75,1082.24,Clinic,,Paid
INV000079,2026-04-06,C0120,P017,SR011,East Coast,37,60.49,0.1,2014.32,30.19,897.29,Pharmacy,,Paid
INV000080,2025-07-06,C0034,P014,SR002,Kuala Lumpur,36,18.87,0.05,645.35,11.75,222.35,Pharmacy,CAM005,Paid
INV000081,2025-08-19,C0089,P017,SR007,Central,25,60.49,0.03,1466.88,30.19,712.13,Hospital,,Paid
INV000082,2025-05-09,C0161,P010,SR001,Central,133,17.45,0.05,2204.81,11.04,736.49,Pharmacy,,Paid
INV000083,2025-06-07,C0044,P011,SR001,Central,12,15.5,0,186.0,7.06,101.28,Clinic,,Pending
INV000084,2025-09-29,C0167,P007,SR009,Northern,163,53.96,0.05,8355.71,26.47,4041.1,Clinic,,Paid
INV000085,2025-10-24,C0165,P010,SR012,East Malaysia,67,17.45,0.1,1052.23,11.04,312.55,Clinic,,Paid
INV000086,2025-03-16,C0177,P002,SR004,Southern,117,20.37,0.05,2264.13,9.86,1110.51,Hospital,,Paid
INV000087,2025-05-28,C0081,P011,SR010,Southern,107,15.5,0,1658.5,7.06,903.08,Pharmacy,,Paid
INV000088,2025-11-23,C0062,P015,SR002,Kuala Lumpur,73,11.13,0.05,771.87,6.38,306.13,Pharmacy,CAM008,Paid
INV000089,2026-01-29,C0158,P014,SR004,Southern,45,18.87,0.1,764.24,11.75,235.49,Pharmacy,,Pending
INV000090,2025-07-14,C0041,P016,SR012,East Malaysia,132,23.84,0.1,2832.19,14.05,977.59,Clinic,,Paid
INV000091,2026-02-07,C0130,P015,SR004,Southern,60,11.13,0.05,634.41,6.38,251.61,Clinic,,Paid
INV000092,2025-10-16,C0127,P016,SR008,Kuala Lumpur,142,23.84,0,3385.28,14.05,1390.18,Pharmacy,CAM007,Pending
INV000093,2026-01-10,C0104,P012,SR006,East Malaysia,107,23.6,0,2525.2,11.86,1256.18,Pharmacy,,Paid
INV000094,2025-10-23,C0019,P013,SR011,East Coast,145,14.36,0.03,2019.73,8.98,717.63,Hospital,,Paid
INV000095,2025-05-02,C0033,P004,SR012,East Malaysia,100,19.97,0.08,1837.24,10.13,824.24,Hospital,,Paid
INV000096,2026-01-10,C0037,P007,SR008,Kuala Lumpur,133,53.96,0,7176.68,26.47,3656.17,Pharmacy,CAM009,Pending
INV000097,2026-06-16,C0117,P005,SR004,Southern,88,48.8,0.15,3650.24,23.91,1546.16,Distributor,,Paid
INV000098,2026-02-07,C0158,P010,SR010,Southern,134,17.45,0.1,2104.47,11.04,625.11,Pharmacy,,Paid
INV000099,2025-11-03,C0122,P001,SR012,East Malaysia,89,34.05,0.08,2788.01,21.72,854.93,Pharmacy,,Overdue
INV000100,2025-11-12,C0177,P001,SR010,Southern,72,34.05,0.15,2083.86,21.72,520.02,Hospital,,Pending
INV000101,2025-08-22,C0014,P016,SR002,Kuala Lumpur,139,23.84,0.05,3148.07,14.05,1195.12,Pharmacy,,Pending
INV000102,2025-06-01,C0175,P008,SR003,Northern,151,17.6,0.15,2258.96,7.93,1061.53,Hospital,CAM004,Paid
INV000103,2026-03-05,C0039,P014,SR001,Central,110,18.87,0.05,1971.92,11.75,679.42,Distributor,,Paid
INV000104,2025-03-05,C0036,P017,SR001,Central,148,60.49,0.03,8683.94,30.19,4215.82,Distributor,,Paid
INV000105,2025-11-18,C0045,P015,SR009,Northern,144,11.13,0.03,1554.64,6.38,635.92,Pharmacy,,Pending
INV000106,2025-09-28,C0157,P016,SR004,Southern,68,23.84,0.03,1572.49,14.05,617.09,Pharmacy,CAM007,Pending
INV000107,2025-08-01,C0177,P016,SR010,Southern,127,23.84,0.03,2936.85,14.05,1152.5,Hospital,,Pending
INV000108,2025-10-08,C0074,P004,SR012,East Malaysia,106,19.97,0.1,1905.14,10.13,831.36,Pharmacy,,Pending
INV000109,2025-10-25,C0011,P010,SR001,Central,93,17.45,0.15,1379.42,11.04,352.7,Distributor,,Pending
INV000110,2025-08-08,C0052,P018,SR008,Kuala Lumpur,148,17.27,0.08,2351.48,8.38,1111.24,Clinic,CAM005,Paid
INV000111,2026-06-28,C0058,P008,SR005,East Coast,30,17.6,0.05,501.6,7.93,263.7,Hospital,,Paid
INV000112,2025-04-13,C0175,P005,SR003,Northern,145,48.8,0.15,6014.6,23.91,2547.65,Hospital,CAM003,Paid
INV000113,2025-07-24,C0074,P011,SR012,East Malaysia,170,15.5,0,2635.0,7.06,1434.8,Pharmacy,,Paid
INV000114,2025-08-26,C0137,P002,SR001,Central,111,20.37,0.1,2034.96,9.86,940.5,Pharmacy,CAM006,Overdue
INV000115,2026-02-11,C0127,P006,SR008,Kuala Lumpur,14,28.44,0,398.16,16.3,169.96,Pharmacy,,Paid
INV000116,2025-12-10,C0073,P015,SR011,East Coast,39,11.13,0.1,390.66,6.38,141.84,Pharmacy,,Paid
INV000117,2025-04-26,C0085,P006,SR008,Kuala Lumpur,170,28.44,0.03,4689.76,16.3,1918.76,Pharmacy,CAM003,Pending
INV000118,2025-07-17,C0045,P013,SR009,Northern,136,14.36,0.03,1894.37,8.98,673.09,Pharmacy,,Paid
INV000119,2025-05-24,C0123,P011,SR006,East Malaysia,6,15.5,0.03,90.21,7.06,47.85,Clinic,CAM004,Overdue
INV000120,2025-11-06,C0150,P001,SR011,East Coast,172,34.05,0.03,5680.9,21.72,1945.06,Pharmacy,,Paid
INV000121,2025-05-02,C0120,P010,SR005,East Coast,108,17.45,0.08,1733.83,11.04,541.51,Pharmacy,,Overdue
INV000122,2025-11-15,C0177,P004,SR010,Southern,99,19.97,0.05,1878.18,10.13,875.31,Hospital,CAM008,Paid
INV000123,2026-04-11,C0156,P012,SR007,Central,145,23.6,0.1,3079.8,11.86,1360.1,Distributor,,Pending
INV000124,2025-08-12,C0064,P003,SR010,Southern,140,31.96,0.08,4116.45,20.33,1270.25,Clinic,CAM005,Paid
INV000125,2026-06-02,C0052,P018,SR002,Kuala Lumpur,47,17.27,0.03,787.34,8.38,393.48,Clinic,,Paid
INV000126,2025-07-30,C0150,P016,SR005,East Coast,135,23.84,0.05,3057.48,14.05,1160.73,Pharmacy,CAM005,Paid
INV000127,2026-04-13,C0145,P002,SR010,Southern,177,20.37,0.1,3244.94,9.86,1499.72,Pharmacy,,Paid
INV000128,2025-01-04,C0056,P003,SR003,Northern,113,31.96,0.03,3503.14,20.33,1205.85,Pharmacy,CAM001,Overdue
INV000129,2025-03-12,C0121,P002,SR009,Northern,109,20.37,0,2220.33,9.86,1145.59,Distributor,CAM002,Paid
INV000130,2026-01-27,C0115,P013,SR010,Southern,25,14.36,0.08,330.28,8.98,105.78,Pharmacy,,Paid
INV000131,2025-12-23,C0031,P006,SR007,Central,140,28.44,0,3981.6,16.3,1699.6,Pharmacy,,Pending
INV000132,2025-01-24,C0077,P015,SR008,Kuala Lumpur,141,11.13,0.03,1522.25,6.38,622.67,Hospital,CAM001,Paid
INV000133,2025-10-10,C0049,P004,SR001,Central,174,19.97,0.05,3301.04,10.13,1538.42,Pharmacy,,Pending
INV000134,2025-01-17,C0062,P007,SR002,Kuala Lumpur,30,53.96,0.05,1537.86,26.47,743.76,Pharmacy,,Paid
INV000135,2025-02-19,C0063,P002,SR008,Kuala Lumpur,117,20.37,0,2383.29,9.86,1229.67,Clinic,CAM002,Paid
INV000136,2025-10-24,C0060,P011,SR011,East Coast,65,15.5,0.03,977.27,7.06,518.37,Distributor,CAM007,Paid
INV000137,2025-10-09,C0016,P018,SR005,East Coast,165,17.27,0.08,2621.59,8.38,1238.89,Clinic,,Paid
INV000138,2025-12-19,C0165,P013,SR012,East Malaysia,111,14.36,0.05,1514.26,8.98,517.48,Clinic,CAM008,Pending
INV000139,2026-04-30,C0062,P008,SR008,Kuala Lumpur,41,17.6,0.1,649.44,7.93,324.31,Pharmacy,,Paid
INV000140,2026-03-03,C0143,P017,SR002,Kuala Lumpur,104,60.49,0,6290.96,30.19,3151.2,Clinic,CAM010,Overdue
INV000141,2026-01-15,C0024,P018,SR001,Central,18,17.27,0.03,301.53,8.38,150.69,Clinic,,Paid
INV000142,2025-03-16,C0049,P018,SR001,Central,127,17.27,0,2193.29,8.38,1129.03,Pharmacy,,Paid
INV000143,2025-01-16,C0055,P007,SR003,Northern,127,53.96,0.1,6167.63,26.47,2805.94,Hospital,,Paid
INV000144,2026-02-11,C0062,P018,SR008,Kuala Lumpur,77,17.27,0.03,1289.9,8.38,644.64,Pharmacy,,Paid
INV000145,2025-09-25,C0093,P017,SR010,Southern,124,60.49,0,7500.76,30.19,3757.2,Pharmacy,,Paid
INV000146,2025-11-24,C0053,P012,SR007,Central,110,23.6,0,2596.0,11.86,1291.4,Clinic,,Pending
INV000147,2025-01-17,C0067,P018,SR008,Kuala Lumpur,80,17.27,0,1381.6,8.38,711.2,Pharmacy,CAM001,Paid
INV000148,2025-09-09,C0128,P018,SR009,Northern,70,17.27,0.08,1112.19,8.38,525.59,Hospital,,Pending
INV000149,2026-05-18,C0118,P006,SR012,East Malaysia,48,28.44,0,1365.12,16.3,582.72,Hospital,,Paid
INV000150,2025-03-02,C0135,P002,SR004,Southern,176,20.37,0,3585.12,9.86,1849.76,Clinic,CAM002,Pending
INV000151,2025-08-25,C0018,P005,SR002,Kuala Lumpur,60,48.8,0.05,2781.6,23.91,1347.0,Hospital,,Paid
INV000152,2026-05-10,C0169,P016,SR004,Southern,6,23.84,0.05,135.89,14.05,51.59,Hospital,,Paid
INV000153,2025-01-18,C0136,P009,SR012,East Malaysia,9,9.93,0.05,84.9,6.14,29.64,Clinic,,Paid
INV000154,2025-07-03,C0028,P004,SR004,Southern,66,19.97,0,1318.02,10.13,649.44,Clinic,,Pending
INV000155,2025-10-01,C0102,P003,SR010,Southern,108,31.96,0.05,3279.1,20.33,1083.46,Pharmacy,CAM006,Paid
INV000156,2025-03-24,C0168,P002,SR003,Northern,108,20.37,0.03,2133.96,9.86,1069.08,Clinic,,Paid
INV000157,2025-01-10,C0180,P006,SR001,Central,132,28.44,0.1,3378.67,16.3,1227.07,Clinic,,Paid
INV000158,2025-04-08,C0136,P002,SR006,East Malaysia,59,20.37,0.1,1081.65,9.86,499.91,Clinic,,Paid
INV000159,2025-10-05,C0012,P003,SR008,Kuala Lumpur,144,31.96,0.05,4372.13,20.33,1444.61,Pharmacy,CAM007,Paid
INV000160,2025-08-01,C0151,P005,SR008,Kuala Lumpur,24,48.8,0.03,1136.06,23.91,562.22,Distributor,,Paid
INV000161,2026-02-03,C0174,P018,SR010,Southern,103,17.27,0.08,1636.51,8.38,773.37,Hospital,CAM009,Paid
INV000162,2025-12-21,C0014,P004,SR008,Kuala Lumpur,64,19.97,0.1,1150.27,10.13,501.95,Pharmacy,,Pending
INV000163,2026-02-11,C0084,P001,SR011,East Coast,120,34.05,0.05,3881.7,21.72,1275.3,Distributor,,Overdue
INV000164,2026-03-19,C0048,P013,SR002,Kuala Lumpur,163,14.36,0.03,2270.46,8.98,806.72,Distributor,,Paid
INV000165,2025-03-17,C0022,P009,SR006,East Malaysia,102,9.93,0.08,931.83,6.14,305.55,Hospital,,Pending
INV000166,2025-11-21,C0093,P004,SR004,Southern,6,19.97,0.15,101.85,10.13,41.07,Pharmacy,,Pending
INV000167,2025-04-15,C0034,P003,SR002,Kuala Lumpur,115,31.96,0.05,3491.63,20.33,1153.68,Pharmacy,,Paid
INV000168,2025-01-27,C0023,P012,SR005,East Coast,157,23.6,0.05,3519.94,11.86,1657.92,Clinic,CAM001,Paid
INV000169,2026-02-28,C0100,P003,SR004,Southern,151,31.96,0.05,4584.66,20.33,1514.83,Clinic,,Paid
INV000170,2025-10-03,C0078,P009,SR010,Southern,42,9.93,0,417.06,6.14,159.18,Clinic,,Paid
INV000171,2026-05-11,C0020,P012,SR007,Central,68,23.6,0.08,1476.42,11.86,669.94,Clinic,,Paid
INV000172,2026-04-14,C0028,P005,SR010,Southern,6,48.8,0.15,248.88,23.91,105.42,Clinic,CAM011,Pending
INV000173,2025-12-04,C0113,P011,SR009,Northern,171,15.5,0.15,2252.92,7.06,1045.66,Clinic,CAM008,Paid
INV000174,2025-07-25,C0123,P011,SR006,East Malaysia,106,15.5,0.15,1396.55,7.06,648.19,Clinic,CAM005,Overdue
INV000175,2025-09-06,C0084,P013,SR011,East Coast,105,14.36,0.03,1462.57,8.98,519.67,Distributor,,Paid
INV000176,2025-07-04,C0175,P018,SR003,Northern,123,17.27,0.15,1805.58,8.38,774.84,Hospital,CAM005,Pending
INV000177,2025-03-12,C0105,P016,SR006,East Malaysia,167,23.84,0.03,3861.84,14.05,1515.49,Hospital,CAM002,Paid
INV000178,2026-01-22,C0019,P015,SR011,East Coast,154,11.13,0.05,1628.32,6.38,645.8,Hospital,,Overdue
INV000179,2026-03-05,C0140,P002,SR007,Central,142,20.37,0.05,2747.91,9.86,1347.79,Clinic,,Paid
INV000180,2025-09-12,C0169,P012,SR004,Southern,170,23.6,0.05,3811.4,11.86,1795.2,Hospital,,Paid
INV000181,2026-02-14,C0085,P014,SR002,Kuala Lumpur,7,18.87,0,132.09,11.75,49.84,Pharmacy,CAM010,Paid
INV000182,2026-02-05,C0119,P017,SR001,Central,93,60.49,0.15,4781.73,30.19,1974.06,Distributor,,Paid
INV000183,2025-10-30,C0107,P003,SR004,Southern,41,31.96,0.03,1271.05,20.33,437.52,Clinic,,Pending
INV000184,2026-06-18,C0124,P012,SR007,Central,29,23.6,0.05,650.18,11.86,306.24,Hospital,,Paid
INV000185,2025-11-23,C0018,P010,SR002,Kuala Lumpur,34,17.45,0,593.3,11.04,217.94,Hospital,,Paid
INV000186,2025-06-18,C0063,P017,SR002,Kuala Lumpur,146,60.49,0,8831.54,30.19,4423.8,Clinic,,Paid
INV000187,2026-04-19,C0060,P013,SR005,East Coast,52,14.36,0.05,709.38,8.98,242.42,Distributor,,Paid
INV000188,2025-07-22,C0116,P014,SR010,Southern,6,18.87,0.08,104.16,11.75,33.66,Clinic,CAM005,Paid
INV000189,2025-07-11,C0094,P011,SR006,East Malaysia,122,15.5,0,1891.0,7.06,1029.68,Pharmacy,,Paid
INV000190,2025-11-17,C0153,P013,SR012,East Malaysia,155,14.36,0,2225.8,8.98,833.9,Clinic,,Paid
INV000191,2025-06-26,C0173,P010,SR006,East Malaysia,177,17.45,0,3088.65,11.04,1134.57,Clinic,,Paid
INV000192,2025-11-09,C0030,P006,SR011,East Coast,41,28.44,0.05,1107.74,16.3,439.44,Pharmacy,,Paid
INV000193,2025-05-22,C0148,P013,SR009,Northern,52,14.36,0.05,709.38,8.98,242.42,Pharmacy,,Pending
INV000194,2025-06-27,C0143,P006,SR008,Kuala Lumpur,78,28.44,0,2218.32,16.3,946.92,Clinic,,Paid
INV000195,2026-04-07,C0159,P002,SR007,Central,7,20.37,0.05,135.46,9.86,66.44,Pharmacy,CAM011,Overdue
INV000196,2026-06-02,C0168,P016,SR009,Northern,180,23.84,0.05,4076.64,14.05,1547.64,Clinic,,Paid
INV000197,2025-06-21,C0022,P001,SR006,East Malaysia,79,34.05,0,2689.95,21.72,974.07,Hospital,,Paid
INV000198,2025-10-23,C0044,P015,SR007,Central,145,11.13,0.05,1533.16,6.38,608.06,Clinic,,Paid
INV000199,2026-01-11,C0139,P002,SR008,Kuala Lumpur,144,20.37,0,2933.28,9.86,1513.44,Clinic,,Pending
INV000200,2025-09-11,C0077,P002,SR008,Kuala Lumpur,72,20.37,0.03,1422.64,9.86,712.72,Hospital,,Paid
INV000201,2025-05-01,C0061,P007,SR011,East Coast,161,53.96,0.05,8253.18,26.47,3991.51,Pharmacy,,Paid
INV000202,2025-05-23,C0053,P007,SR001,Central,150,53.96,0.03,7851.18,26.47,3880.68,Clinic,CAM004,Paid
INV000203,2025-10-27,C0075,P009,SR003,Northern,39,9.93,0.15,329.18,6.14,89.72,Pharmacy,,Pending
INV000204,2025-10-11,C0168,P005,SR003,Northern,68,48.8,0,3318.4,23.91,1692.52,Clinic,CAM007,Pending
INV000205,2026-02-07,C0126,P005,SR008,Kuala Lumpur,165,48.8,0.05,7649.4,23.91,3704.25,Hospital,,Paid
INV000206,2025-04-06,C0104,P017,SR012,East Malaysia,99,60.49,0.05,5689.08,30.19,2700.27,Pharmacy,,Paid
INV000207,2025-04-06,C0118,P012,SR006,East Malaysia,141,23.6,0.03,3227.77,11.86,1555.51,Hospital,,Pending
INV000208,2026-05-22,C0069,P011,SR012,East Malaysia,91,15.5,0.05,1339.97,7.06,697.51,Clinic,CAM012,Pending
INV000209,2025-02-19,C0012,P004,SR008,Kuala Lumpur,9,19.97,0,179.73,10.13,88.56,Pharmacy,,Paid
INV000210,2025-01-01,C0110,P007,SR002,Kuala Lumpur,171,53.96,0.03,8950.35,26.47,4423.98,Hospital,,Pending
INV000211,2025-04-06,C0168,P012,SR009,Northern,26,23.6,0.03,595.19,11.86,286.83,Clinic,,Paid
INV000212,2026-02-10,C0161,P010,SR001,Central,114,17.45,0.08,1830.16,11.04,571.6,Pharmacy,,Paid
INV000213,2026-05-04,C0020,P005,SR001,Central,137,48.8,0.08,6150.75,23.91,2875.08,Clinic,CAM011,Pending
INV000214,2026-03-09,C0178,P005,SR007,Central,23,48.8,0,1122.4,23.91,572.47,Hospital,CAM010,Paid
INV000215,2026-01-12,C0077,P005,SR008,Kuala Lumpur,39,48.8,0.05,1808.04,23.91,875.55,Hospital,,Paid
INV000216,2025-01-09,C0157,P006,SR010,Southern,94,28.44,0.08,2459.49,16.3,927.29,Pharmacy,,Paid
INV000217,2026-02-26,C0158,P015,SR004,Southern,27,11.13,0.1,270.46,6.38,98.2,Pharmacy,CAM010,Paid
INV000218,2026-01-29,C0090,P014,SR008,Kuala Lumpur,40,18.87,0,754.8,11.75,284.8,Hospital,,Paid
INV000219,2025-10-19,C0177,P001,SR010,Southern,57,34.05,0.05,1843.81,21.72,605.77,Hospital,,Pending
INV000220,2025-10-30,C0166,P002,SR004,Southern,131,20.37,0.03,2588.42,9.86,1296.76,Pharmacy,CAM007,Paid
INV000221,2025-01-13,C0093,P011,SR004,Southern,104,15.5,0.1,1450.8,7.06,716.56,Pharmacy,,Paid
INV000222,2025-06-26,C0121,P003,SR003,Northern,155,31.96,0,4953.8,20.33,1802.65,Distributor,,Paid
INV000223,2025-02-10,C0016,P013,SR011,East Coast,165,14.36,0.08,2179.85,8.98,698.15,Clinic,,Paid
INV000224,2026-02-16,C0022,P018,SR006,East Malaysia,76,17.27,0,1312.52,8.38,675.64,Hospital,CAM010,Overdue
INV000225,2025-06-09,C0138,P011,SR010,Southern,155,15.5,0.05,2282.38,7.06,1188.08,Hospital,,Paid
INV000226,2025-03-09,C0080,P014,SR005,East Coast,19,18.87,0,358.53,11.75,135.28,Hospital,,Paid
INV000227,2025-02-26,C0080,P006,SR005,East Coast,8,28.44,0.08,209.32,16.3,78.92,Hospital,,Paid
INV000228,2025-12-22,C0134,P017,SR008,Kuala Lumpur,47,60.49,0.03,2757.74,30.19,1338.81,Distributor,,Pending
INV000229,2025-05-01,C0008,P011,SR009,Northern,74,15.5,0.05,1089.65,7.06,567.21,Clinic,,Paid
INV000230,2025-03-20,C0128,P015,SR009,Northern,19,11.13,0.05,200.9,6.38,79.68,Hospital,,Paid
INV000231,2025-09-19,C0027,P004,SR001,Central,135,19.97,0,2695.95,10.13,1328.4,Hospital,,Paid
INV000232,2025-02-17,C0121,P012,SR009,Northern,43,23.6,0,1014.8,11.86,504.82,Distributor,,Paid
INV000233,2026-03-06,C0058,P011,SR005,East Coast,111,15.5,0.1,1548.45,7.06,764.79,Hospital,CAM010,Paid
INV000234,2025-05-03,C0129,P002,SR006,East Malaysia,62,20.37,0.1,1136.65,9.86,525.33,Clinic,,Overdue
INV000235,2026-02-15,C0018,P015,SR008,Kuala Lumpur,84,11.13,0.03,906.87,6.38,370.95,Hospital,,Paid
INV000236,2025-07-25,C0075,P010,SR003,Northern,123,17.45,0.03,2081.96,11.04,724.04,Pharmacy,,Overdue
INV000237,2025-07-20,C0140,P008,SR001,Central,6,17.6,0.15,89.76,7.93,42.18,Clinic,CAM005,Paid
INV000238,2025-01-10,C0086,P001,SR009,Northern,83,34.05,0,2826.15,21.72,1023.39,Clinic,,Paid
INV000239,2026-05-19,C0016,P005,SR011,East Coast,28,48.8,0,1366.4,23.91,696.92,Clinic,CAM012,Paid
INV000240,2026-01-17,C0118,P003,SR006,East Malaysia,134,31.96,0,4282.64,20.33,1558.42,Hospital,,Paid
INV000241,2025-03-05,C0112,P005,SR005,East Coast,79,48.8,0.03,3739.54,23.91,1850.65,Pharmacy,CAM002,Paid
INV000242,2025-12-01,C0082,P015,SR010,Southern,64,11.13,0,712.32,6.38,304.0,Clinic,CAM008,Paid
INV000243,2025-06-18,C0116,P015,SR010,Southern,109,11.13,0,1213.17,6.38,517.75,Clinic,,Paid
INV000244,2025-08-01,C0116,P010,SR010,Southern,72,17.45,0.1,1130.76,11.04,335.88,Clinic,CAM005,Pending
INV000245,2025-02-11,C0056,P011,SR003,Northern,28,15.5,0.08,399.28,7.06,201.6,Pharmacy,,Paid
INV000246,2025-02-20,C0174,P010,SR010,Southern,49,17.45,0,855.05,11.04,314.09,Hospital,,Paid
INV000247,2025-09-13,C0025,P015,SR006,East Malaysia,40,11.13,0,445.2,6.38,190.0,Hospital,CAM006,Paid
INV000248,2026-02-15,C0096,P003,SR011,East Coast,24,31.96,0,767.04,20.33,279.12,Hospital,CAM010,Pending
INV000249,2025-04-05,C0085,P004,SR002,Kuala Lumpur,123,19.97,0,2456.31,10.13,1210.32,Pharmacy,,Paid
INV000250,2026-02-09,C0128,P001,SR009,Northern,179,34.05,0.05,5790.2,21.72,1902.32,Hospital,,Paid
INV000251,2025-07-11,C0071,P009,SR012,East Malaysia,43,9.93,0,426.99,6.14,162.97,Pharmacy,,Paid
INV000252,2025-10-30,C0128,P014,SR009,Northern,20,18.87,0,377.4,11.75,142.4,Hospital,,Paid
INV000253,2026-06-23,C0064,P018,SR004,Southern,102,17.27,0.08,1620.62,8.38,765.86,Clinic,,Paid
INV000254,2026-05-12,C0089,P017,SR007,Central,104,60.49,0.03,6102.23,30.19,2962.47,Hospital,CAM012,Paid
INV000255,2025-10-15,C0015,P016,SR011,East Coast,154,23.84,0.15,3120.66,14.05,956.96,Clinic,,Paid
INV000256,2025-09-04,C0069,P018,SR006,East Malaysia,61,17.27,0.05,1000.8,8.38,489.62,Clinic,,Paid
INV000257,2025-06-27,C0046,P008,SR007,Central,96,17.6,0.1,1520.64,7.93,759.36,Clinic,,Paid
INV000258,2025-12-27,C0146,P005,SR005,East Coast,131,48.8,0.05,6073.16,23.91,2940.95,Clinic,CAM008,Paid
INV000259,2025-08-27,C0155,P008,SR004,Southern,139,17.6,0.05,2324.08,7.93,1221.81,Hospital,CAM006,Pending
INV000260,2025-12-15,C0046,P011,SR001,Central,10,15.5,0,155.0,7.06,84.4,Clinic,,Paid
INV000261,2025-04-24,C0135,P012,SR004,Southern,100,23.6,0.08,2171.2,11.86,985.2,Clinic,,Paid
INV000262,2025-12-11,C0078,P011,SR004,Southern,45,15.5,0.08,641.7,7.06,324.0,Clinic,,Paid
INV000263,2026-05-14,C0167,P011,SR003,Northern,148,15.5,0.08,2110.48,7.06,1065.6,Clinic,,Pending
INV000264,2025-08-17,C0171,P006,SR007,Central,83,28.44,0.08,2171.68,16.3,818.78,Pharmacy,CAM005,Pending
INV000265,2026-02-05,C0146,P002,SR005,East Coast,159,20.37,0.03,3141.67,9.86,1573.93,Clinic,,Pending
INV000266,2025-08-15,C0164,P004,SR011,East Coast,41,19.97,0.03,794.21,10.13,378.88,Pharmacy,CAM006,Overdue
INV000267,2025-06-21,C0163,P003,SR010,Southern,119,31.96,0,3803.24,20.33,1383.97,Clinic,,Paid
INV000268,2025-03-11,C0090,P009,SR002,Kuala Lumpur,5,9.93,0,49.65,6.14,18.95,Hospital,,Paid
INV000269,2025-06-20,C0106,P016,SR012,East Malaysia,94,23.84,0.05,2128.91,14.05,808.21,Pharmacy,,Paid
INV000270,2026-05-06,C0148,P008,SR003,Northern,120,17.6,0,2112.0,7.93,1160.4,Pharmacy,,Paid
INV000271,2025-11-23,C0067,P004,SR002,Kuala Lumpur,92,19.97,0,1837.24,10.13,905.28,Pharmacy,,Pending
INV000272,2025-04-06,C0087,P016,SR001,Central,115,23.84,0.15,2330.36,14.05,714.61,Clinic,CAM003,Paid
INV000273,2025-04-14,C0085,P007,SR002,Kuala Lumpur,109,53.96,0.08,5411.11,26.47,2525.88,Pharmacy,,Pending
INV000274,2025-09-29,C0170,P010,SR012,East Malaysia,65,17.45,0,1134.25,11.04,416.65,Hospital,,Paid
INV000275,2026-05-18,C0040,P002,SR009,Northern,5,20.37,0.05,96.76,9.86,47.46,Pharmacy,CAM012,Paid
INV000276,2025-01-27,C0053,P006,SR007,Central,25,28.44,0.05,675.45,16.3,267.95,Clinic,CAM001,Paid
INV000277,2025-09-29,C0024,P018,SR007,Central,52,17.27,0.03,871.1,8.38,435.34,Clinic,,Paid
INV000278,2025-02-15,C0068,P015,SR011,East Coast,72,11.13,0,801.36,6.38,342.0,Distributor,CAM002,Paid
INV000279,2025-04-10,C0022,P012,SR012,East Malaysia,155,23.6,0,3658.0,11.86,1819.7,Hospital,CAM003,Pending
INV000280,2026-03-05,C0138,P016,SR004,Southern,126,23.84,0.03,2913.72,14.05,1143.42,Hospital,,Pending
INV000281,2025-02-05,C0129,P017,SR006,East Malaysia,35,60.49,0.15,1799.58,30.19,742.93,Clinic,,Overdue
INV000282,2025-06-21,C0055,P007,SR003,Northern,15,53.96,0.05,768.93,26.47,371.88,Hospital,,Overdue
INV000283,2026-03-22,C0052,P005,SR008,Kuala Lumpur,86,48.8,0.1,3777.12,23.91,1720.86,Clinic,,Pending
INV000284,2025-03-10,C0023,P013,SR011,East Coast,146,14.36,0.03,2033.66,8.98,722.58,Clinic,CAM002,Pending
INV000285,2025-01-13,C0180,P017,SR007,Central,33,60.49,0.05,1896.36,30.19,900.09,Clinic,CAM001,Overdue
INV000286,2025-04-14,C0074,P018,SR012,East Malaysia,110,17.27,0.03,1842.71,8.38,920.91,Pharmacy,,Paid
INV000287,2026-04-30,C0010,P006,SR009,Northern,108,28.44,0,3071.52,16.3,1311.12,Pharmacy,,Paid
INV000288,2025-02-09,C0102,P011,SR004,Southern,17,15.5,0.08,242.42,7.06,122.4,Pharmacy,,Pending
INV000289,2025-01-21,C0087,P010,SR007,Central,76,17.45,0.1,1193.58,11.04,354.54,Clinic,,Paid
INV000290,2025-08-22,C0035,P010,SR009,Northern,87,17.45,0.03,1472.61,11.04,512.13,Clinic,,Paid
INV000291,2025-07-12,C0114,P007,SR007,Central,129,53.96,0.08,6403.97,26.47,2989.34,Hospital,,Pending
INV000292,2026-06-12,C0041,P003,SR012,East Malaysia,134,31.96,0.05,4068.51,20.33,1344.29,Clinic,,Pending
INV000293,2026-06-21,C0146,P001,SR005,East Coast,54,34.05,0.1,1654.83,21.72,481.95,Clinic,,Paid
INV000294,2025-03-01,C0064,P002,SR010,Southern,17,20.37,0.1,311.66,9.86,144.04,Clinic,,Paid
INV000295,2026-04-21,C0130,P013,SR004,Southern,179,14.36,0,2570.44,8.98,963.02,Clinic,,Paid
INV000296,2025-07-01,C0122,P018,SR012,East Malaysia,93,17.27,0,1606.11,8.38,826.77,Pharmacy,,Pending
INV000297,2025-04-03,C0073,P001,SR011,East Coast,17,34.05,0,578.85,21.72,209.61,Pharmacy,,Overdue
INV000298,2025-08-15,C0166,P008,SR004,Southern,73,17.6,0.08,1182.02,7.93,603.13,Pharmacy,,Pending
INV000299,2025-01-10,C0122,P005,SR006,East Malaysia,158,48.8,0.1,6939.36,23.91,3161.58,Pharmacy,CAM001,Paid
INV000300,2025-10-09,C0109,P013,SR012,East Malaysia,122,14.36,0.03,1699.36,8.98,603.8,Clinic,,Paid
INV000301,2026-02-11,C0150,P004,SR005,East Coast,135,19.97,0.15,2291.56,10.13,924.01,Pharmacy,,Pending
INV000302,2025-10-17,C0077,P004,SR008,Kuala Lumpur,21,19.97,0.03,406.79,10.13,194.06,Hospital,CAM007,Pending
INV000303,2025-09-25,C0168,P010,SR003,Northern,43,17.45,0.05,712.83,11.04,238.11,Clinic,CAM006,Pending
INV000304,2026-02-18,C0170,P011,SR006,East Malaysia,11,15.5,0.08,156.86,7.06,79.2,Hospital,,Paid
INV000305,2026-03-05,C0104,P013,SR006,East Malaysia,154,14.36,0.08,2034.52,8.98,651.6,Pharmacy,,Paid
INV000306,2025-08-16,C0176,P018,SR011,East Coast,176,17.27,0.03,2948.33,8.38,1473.45,Hospital,CAM005,Pending
INV000307,2025-07-05,C0076,P004,SR009,Northern,37,19.97,0.08,679.78,10.13,304.97,Hospital,,Paid
INV000308,2025-07-07,C0175,P011,SR003,Northern,61,15.5,0.03,917.13,7.06,486.47,Hospital,,Paid
INV000309,2025-12-06,C0096,P009,SR011,East Coast,123,9.93,0.1,1099.25,6.14,344.03,Hospital,,Pending
INV000310,2025-03-14,C0121,P007,SR003,Northern,179,53.96,0.03,9369.07,26.47,4630.94,Distributor,CAM002,Pending
INV000311,2025-06-04,C0036,P007,SR007,Central,109,53.96,0.15,4999.39,26.47,2114.16,Distributor,,Overdue
INV000312,2025-05-27,C0081,P006,SR004,Southern,129,28.44,0.03,3558.7,16.3,1456.0,Pharmacy,,Paid
INV000313,2025-03-01,C0002,P015,SR007,Central,58,11.13,0.08,593.9,6.38,223.86,Clinic,CAM002,Paid
INV000314,2025-04-01,C0034,P014,SR008,Kuala Lumpur,108,18.87,0.05,1936.06,11.75,667.06,Pharmacy,,Paid
INV000315,2025-07-24,C0096,P001,SR011,East Coast,140,34.05,0,4767.0,21.72,1726.2,Hospital,,Paid
INV000316,2025-09-12,C0058,P012,SR011,East Coast,38,23.6,0,896.8,11.86,446.12,Hospital,,Paid
INV000317,2025-03-08,C0012,P010,SR008,Kuala Lumpur,121,17.45,0.08,1942.53,11.04,606.69,Pharmacy,,Paid
INV000318,2025-05-18,C0088,P016,SR009,Northern,53,23.84,0,1263.52,14.05,518.87,Distributor,,Pending
INV000319,2025-01-20,C0059,P008,SR005,East Coast,59,17.6,0.08,955.33,7.93,487.46,Distributor,,Paid
INV000320,2026-01-11,C0167,P002,SR009,Northern,168,20.37,0.03,3319.5,9.86,1663.02,Clinic,,Paid
INV000321,2025-02-19,C0170,P004,SR006,East Malaysia,17,19.97,0.08,312.33,10.13,140.12,Hospital,,Paid
INV000322,2025-09-16,C0122,P005,SR006,East Malaysia,180,48.8,0.05,8344.8,23.91,4041.0,Pharmacy,CAM006,Paid
INV000323,2025-10-04,C0160,P005,SR012,East Malaysia,31,48.8,0.05,1437.16,23.91,695.95,Distributor,,Paid
INV000324,2025-04-19,C0128,P007,SR003,Northern,72,53.96,0.1,3496.61,26.47,1590.77,Hospital,,Paid
INV000325,2026-02-24,C0076,P006,SR003,Northern,145,28.44,0.05,3917.61,16.3,1554.11,Hospital,CAM010,Paid
INV000326,2025-01-03,C0004,P003,SR005,East Coast,151,31.96,0.08,4439.88,20.33,1370.05,Pharmacy,CAM001,Pending
INV000327,2025-03-18,C0026,P009,SR004,Southern,121,9.93,0.15,1021.3,6.14,278.36,Hospital,CAM002,Paid
INV000328,2025-06-28,C0011,P010,SR007,Central,178,17.45,0.03,3012.92,11.04,1047.8,Distributor,,Pending
INV000329,2025-04-08,C0012,P001,SR002,Kuala Lumpur,174,34.05,0.05,5628.46,21.72,1849.18,Pharmacy,CAM003,Overdue
INV000330,2025-10-02,C0024,P012,SR007,Central,51,23.6,0,1203.6,11.86,598.74,Clinic,,Paid
INV000331,2026-01-30,C0177,P016,SR010,Southern,171,23.84,0.1,3668.98,14.05,1266.43,Hospital,CAM009,Paid
INV000332,2025-03-02,C0041,P004,SR012,East Malaysia,156,19.97,0.05,2959.55,10.13,1379.27,Clinic,,Paid
INV000333,2026-01-24,C0092,P001,SR002,Kuala Lumpur,128,34.05,0.15,3704.64,21.72,924.48,Pharmacy,CAM009,Paid
INV000334,2025-03-06,C0067,P011,SR002,Kuala Lumpur,178,15.5,0.05,2621.05,7.06,1364.37,Pharmacy,,Pending
INV000335,2025-08-18,C0172,P011,SR005,East Coast,115,15.5,0.08,1639.9,7.06,828.0,Pharmacy,CAM006,Paid
INV000336,2026-01-30,C0039,P018,SR001,Central,7,17.27,0.05,114.85,8.38,56.19,Distributor,CAM009,Pending
INV000337,2025-06-19,C0020,P016,SR007,Central,66,23.84,0.03,1526.24,14.05,598.94,Clinic,,Paid
INV000338,2026-06-04,C0058,P018,SR011,East Coast,108,17.27,0.1,1678.64,8.38,773.6,Hospital,CAM012,Pending
INV000339,2026-04-04,C0023,P016,SR011,East Coast,85,23.84,0,2026.4,14.05,832.15,Clinic,,Paid
INV000340,2025-04-16,C0104,P014,SR006,East Malaysia,147,18.87,0.05,2635.2,11.75,907.95,Pharmacy,,Pending
INV000341,2025-11-08,C0131,P018,SR001,Central,172,17.27,0.08,2732.8,8.38,1291.44,Hospital,,Overdue
INV000342,2026-01-08,C0014,P008,SR008,Kuala Lumpur,89,17.6,0.05,1488.08,7.93,782.31,Pharmacy,,Paid
INV000343,2026-01-08,C0116,P004,SR004,Southern,173,19.97,0,3454.81,10.13,1702.32,Clinic,,Pending
INV000344,2025-10-26,C0141,P017,SR012,East Malaysia,32,60.49,0,1935.68,30.19,969.6,Clinic,CAM007,Pending
INV000345,2026-02-24,C0028,P009,SR004,Southern,53,9.93,0,526.29,6.14,200.87,Clinic,,Paid
INV000346,2025-07-15,C0087,P004,SR007,Central,16,19.97,0.15,271.59,10.13,109.51,Clinic,,Paid
INV000347,2026-04-07,C0118,P017,SR006,East Malaysia,132,60.49,0,7984.68,30.19,3999.6,Hospital,,Paid
INV000348,2026-03-20,C0150,P016,SR005,East Coast,153,23.84,0,3647.52,14.05,1497.87,Pharmacy,,Pending
INV000349,2025-04-17,C0100,P011,SR010,Southern,112,15.5,0.15,1475.6,7.06,684.88,Clinic,,Pending
INV000350,2025-10-08,C0102,P011,SR010,Southern,120,15.5,0.1,1674.0,7.06,826.8,Pharmacy,CAM007,Pending
INV000351,2025-11-18,C0142,P007,SR006,East Malaysia,58,53.96,0.05,2973.2,26.47,1437.94,Pharmacy,CAM008,Overdue
INV000352,2025-05-16,C0167,P006,SR009,Northern,34,28.44,0.08,889.6,16.3,335.4,Clinic,,Paid
INV000353,2026-03-04,C0173,P018,SR012,East Malaysia,113,17.27,0.1,1756.36,8.38,809.42,Clinic,,Paid
INV000354,2025-05-29,C0014,P002,SR002,Kuala Lumpur,73,20.37,0.08,1368.05,9.86,648.27,Pharmacy,CAM004,Paid
INV000355,2025-05-30,C0016,P010,SR005,East Coast,143,17.45,0,2495.35,11.04,916.63,Clinic,,Paid
INV000356,2025-08-18,C0166,P018,SR010,Southern,65,17.27,0.05,1066.42,8.38,521.72,Pharmacy,,Paid
INV000357,2025-02-18,C0098,P013,SR012,East Malaysia,180,14.36,0.03,2507.26,8.98,890.86,Distributor,,Paid
INV000358,2025-09-15,C0052,P015,SR002,Kuala Lumpur,167,11.13,0.08,1710.01,6.38,644.55,Clinic,,Pending
INV000359,2025-07-21,C0050,P010,SR012,East Malaysia,50,17.45,0.15,741.62,11.04,189.62,Distributor,CAM005,Pending
INV000360,2025-05-03,C0097,P002,SR007,Central,76,20.37,0.05,1470.71,9.86,721.35,Pharmacy,,Paid
INV000361,2025-09-19,C0002,P011,SR007,Central,44,15.5,0,682.0,7.06,371.36,Clinic,,Paid
INV000362,2025-11-05,C0126,P018,SR008,Kuala Lumpur,23,17.27,0.08,365.43,8.38,172.69,Hospital,,Paid
INV000363,2025-08-14,C0048,P017,SR002,Kuala Lumpur,134,60.49,0,8105.66,30.19,4060.2,Distributor,,Paid
INV000364,2025-12-24,C0057,P007,SR011,East Coast,89,53.96,0.03,4658.37,26.47,2302.54,Clinic,CAM008,Overdue
INV000365,2025-01-10,C0030,P012,SR011,East Coast,66,23.6,0.1,1401.84,11.86,619.08,Pharmacy,,Paid
INV000366,2025-02-10,C0175,P011,SR009,Northern,34,15.5,0.03,511.19,7.06,271.15,Hospital,,Paid
INV000367,2026-06-14,C0096,P017,SR011,East Coast,129,60.49,0,7803.21,30.19,3908.7,Hospital,,Pending
INV000368,2025-07-17,C0083,P017,SR004,Southern,29,60.49,0,1754.21,30.19,878.7,Pharmacy,,Paid
INV000369,2025-01-08,C0161,P003,SR001,Central,176,31.96,0.05,5343.71,20.33,1765.63,Pharmacy,CAM001,Pending
INV000370,2025-07-30,C0138,P014,SR004,Southern,180,18.87,0,3396.6,11.75,1281.6,Hospital,,Paid
INV000371,2025-03-31,C0019,P002,SR005,East Coast,69,20.37,0.05,1335.25,9.86,654.91,Hospital,,Paid
INV000372,2025-09-22,C0105,P013,SR012,East Malaysia,166,14.36,0.05,2264.57,8.98,773.89,Hospital,CAM006,Paid
INV000373,2025-01-07,C0165,P003,SR006,East Malaysia,23,31.96,0.03,713.03,20.33,245.44,Clinic,,Paid
INV000374,2025-11-05,C0156,P003,SR007,Central,117,31.96,0.03,3627.14,20.33,1248.53,Distributor,,Pending
INV000375,2025-02-01,C0122,P006,SR006,East Malaysia,39,28.44,0.08,1020.43,16.3,384.73,Pharmacy,,Pending
INV000376,2025-10-30,C0163,P005,SR010,Southern,178,48.8,0.1,7817.76,23.91,3561.78,Clinic,,Pending
INV000377,2026-01-18,C0003,P018,SR005,East Coast,36,17.27,0,621.72,8.38,320.04,Pharmacy,,Paid
INV000378,2025-03-29,C0079,P007,SR010,Southern,59,53.96,0.05,3024.46,26.47,1462.73,Hospital,,Paid
INV000379,2025-06-14,C0048,P008,SR008,Kuala Lumpur,54,17.6,0,950.4,7.93,522.18,Distributor,,Paid
INV000380,2025-02-25,C0141,P015,SR006,East Malaysia,79,11.13,0.08,808.93,6.38,304.91,Clinic,CAM002,Pending
INV000381,2026-05-14,C0085,P012,SR002,Kuala Lumpur,176,23.6,0.08,3821.31,11.86,1733.95,Pharmacy,CAM012,Pending
INV000382,2025-11-22,C0125,P015,SR008,Kuala Lumpur,162,11.13,0.08,1658.82,6.38,625.26,Clinic,,Paid
INV000383,2026-01-09,C0081,P014,SR004,Southern,6,18.87,0.03,109.82,11.75,39.32,Pharmacy,,Paid
INV000384,2026-03-23,C0071,P012,SR006,East Malaysia,178,23.6,0.08,3864.74,11.86,1753.66,Pharmacy,,Pending
INV000385,2026-04-19,C0115,P012,SR010,Southern,129,23.6,0.05,2892.18,11.86,1362.24,Pharmacy,CAM011,Pending
INV000386,2025-05-24,C0138,P007,SR010,Southern,165,53.96,0,8903.4,26.47,4535.85,Hospital,CAM004,Pending
INV000387,2025-02-01,C0149,P013,SR002,Kuala Lumpur,14,14.36,0.05,190.99,8.98,65.27,Clinic,,Overdue
INV000388,2026-04-29,C0168,P005,SR009,Northern,105,48.8,0,5124.0,23.91,2613.45,Clinic,,Pending
INV000389,2025-10-25,C0035,P015,SR003,Northern,106,11.13,0.03,1144.39,6.38,468.11,Clinic,CAM007,Pending
INV000390,2025-06-19,C0132,P005,SR008,Kuala Lumpur,45,48.8,0,2196.0,23.91,1120.05,Hospital,,Overdue
INV000391,2025-05-30,C0124,P012,SR001,Central,61,23.6,0.08,1324.43,11.86,600.97,Hospital,CAM004,Paid
INV000392,2025-02-13,C0172,P007,SR011,East Coast,104,53.96,0.05,5331.25,26.47,2578.37,Pharmacy,,Paid
INV000393,2025-02-17,C0011,P011,SR001,Central,138,15.5,0.05,2032.05,7.06,1057.77,Distributor,CAM002,Paid
INV000394,2025-06-28,C0097,P013,SR007,Central,155,14.36,0.08,2047.74,8.98,655.84,Pharmacy,,Pending
INV000395,2026-06-14,C0065,P013,SR006,East Malaysia,137,14.36,0.05,1868.95,8.98,638.69,Pharmacy,,Pending
INV000396,2025-12-20,C0125,P016,SR002,Kuala Lumpur,133,23.84,0.1,2853.65,14.05,985.0,Clinic,,Paid
INV000397,2026-06-11,C0165,P009,SR006,East Malaysia,43,9.93,0,426.99,6.14,162.97,Clinic,,Paid
INV000398,2025-05-02,C0170,P008,SR012,East Malaysia,89,17.6,0.08,1441.09,7.93,735.32,Hospital,,Paid
INV000399,2026-05-06,C0123,P007,SR006,East Malaysia,170,53.96,0.1,8255.88,26.47,3755.98,Clinic,CAM011,Paid
INV000400,2025-06-14,C0035,P017,SR003,Northern,151,60.49,0,9133.99,30.19,4575.3,Clinic,CAM004,Paid
INV000401,2026-02-20,C0154,P001,SR011,East Coast,26,34.05,0,885.3,21.72,320.58,Clinic,,Paid
INV000402,2026-05-09,C0044,P008,SR007,Central,158,17.6,0,2780.8,7.93,1527.86,Clinic,,Paid
INV000403,2025-07-06,C0160,P017,SR012,East Malaysia,47,60.49,0.08,2615.59,30.19,1196.66,Distributor,,Paid
INV000404,2025-03-12,C0059,P013,SR011,East Coast,38,14.36,0,545.68,8.98,204.44,Distributor,CAM002,Pending
INV000405,2025-04-09,C0046,P016,SR001,Central,141,23.84,0.05,3193.37,14.05,1212.32,Clinic,CAM003,Paid
INV000406,2025-01-02,C0174,P014,SR010,Southern,99,18.87,0.1,1681.32,11.75,518.07,Hospital,,Paid
INV000407,2026-05-09,C0098,P012,SR006,East Malaysia,113,23.6,0,2666.8,11.86,1326.62,Distributor,,Paid
INV000408,2025-08-27,C0022,P010,SR012,East Malaysia,70,17.45,0,1221.5,11.04,448.7,Hospital,,Pending
INV000409,2026-06-20,C0031,P017,SR001,Central,101,60.49,0.08,5620.73,30.19,2571.54,Pharmacy,,Paid
INV000410,2025-11-20,C0105,P012,SR006,East Malaysia,44,23.6,0.05,986.48,11.86,464.64,Hospital,,Paid
INV000411,2026-03-10,C0145,P012,SR010,Southern,179,23.6,0.03,4097.67,11.86,1974.73,Pharmacy,CAM010,Paid
INV000412,2026-05-11,C0065,P010,SR012,East Malaysia,106,17.45,0.08,1701.72,11.04,531.48,Pharmacy,,Paid
INV000413,2025-08-24,C0115,P006,SR004,Southern,59,28.44,0.05,1594.06,16.3,632.36,Pharmacy,,Pending
INV000414,2025-02-23,C0042,P013,SR004,Southern,28,14.36,0.1,361.87,8.98,110.43,Hospital,,Paid
INV000415,2025-04-01,C0017,P009,SR001,Central,99,9.93,0,983.07,6.14,375.21,Pharmacy,CAM003,Overdue
INV000416,2026-02-15,C0158,P017,SR010,Southern,157,60.49,0,9496.93,30.19,4757.1,Pharmacy,,Paid
INV000417,2026-05-22,C0113,P001,SR003,Northern,173,34.05,0.15,5007.05,21.72,1249.49,Clinic,,Paid
INV000418,2026-06-07,C0133,P008,SR001,Central,177,17.6,0,3115.2,7.93,1711.59,Clinic,CAM012,Overdue
INV000419,2025-03-30,C0071,P013,SR012,East Malaysia,176,14.36,0.03,2451.54,8.98,871.06,Pharmacy,,Paid
INV000420,2025-03-12,C0024,P018,SR007,Central,148,17.27,0.1,2300.36,8.38,1060.12,Clinic,,Overdue
INV000421,2025-10-11,C0058,P007,SR011,East Coast,108,53.96,0.05,5536.3,26.47,2677.54,Hospital,CAM007,Paid
INV000422,2025-03-16,C0129,P010,SR012,East Malaysia,34,17.45,0.1,533.97,11.04,158.61,Clinic,,Pending
INV000423,2025-09-14,C0178,P015,SR007,Central,149,11.13,0.05,1575.45,6.38,624.83,Hospital,CAM006,Overdue
INV000424,2026-04-15,C0175,P015,SR003,Northern,128,11.13,0,1424.64,6.38,608.0,Hospital,CAM011,Paid
INV000425,2025-08-24,C0081,P014,SR010,Southern,137,18.87,0.05,2455.93,11.75,846.18,Pharmacy,,Paid
INV000426,2025-10-22,C0024,P013,SR007,Central,24,14.36,0.05,327.41,8.98,111.89,Clinic,CAM007,Paid
INV000427,2025-10-03,C0047,P007,SR011,East Coast,56,53.96,0,3021.76,26.47,1539.44,Hospital,CAM007,Paid
INV000428,2025-07-27,C0064,P012,SR004,Southern,32,23.6,0,755.2,11.86,375.68,Clinic,CAM005,Paid
INV000429,2025-02-13,C0124,P012,SR007,Central,131,23.6,0.1,2782.44,11.86,1228.78,Hospital,,Pending
INV000430,2025-10-09,C0126,P006,SR008,Kuala Lumpur,106,28.44,0,3014.64,16.3,1286.84,Hospital,,Paid
INV000431,2026-03-10,C0123,P018,SR006,East Malaysia,133,17.27,0.03,2228.0,8.38,1113.46,Clinic,,Pending
INV000432,2026-04-14,C0031,P017,SR007,Central,85,60.49,0.08,4730.32,30.19,2164.17,Pharmacy,CAM011,Paid
INV000433,2025-04-14,C0084,P012,SR011,East Coast,52,23.6,0.05,1165.84,11.86,549.12,Distributor,CAM003,Overdue
INV000434,2025-12-18,C0094,P006,SR012,East Malaysia,113,28.44,0,3213.72,16.3,1371.82,Pharmacy,,Paid
INV000435,2026-02-15,C0072,P015,SR004,Southern,151,11.13,0,1680.63,6.38,717.25,Clinic,,Paid
INV000436,2025-04-13,C0070,P008,SR007,Central,102,17.6,0,1795.2,7.93,986.34,Pharmacy,,Pending
INV000437,2026-04-30,C0003,P006,SR011,East Coast,132,28.44,0,3754.08,16.3,1602.48,Pharmacy,,Paid
INV000438,2025-11-20,C0125,P010,SR008,Kuala Lumpur,148,17.45,0.1,2324.34,11.04,690.42,Clinic,CAM008,Paid
INV000439,2025-03-03,C0056,P009,SR009,Northern,166,9.93,0,1648.38,6.14,629.14,Pharmacy,,Paid
INV000440,2026-01-04,C0144,P018,SR010,Southern,93,17.27,0,1606.11,8.38,826.77,Pharmacy,CAM009,Paid
INV000441,2025-06-28,C0073,P012,SR011,East Coast,177,23.6,0.05,3968.34,11.86,1869.12,Pharmacy,,Pending
INV000442,2026-04-03,C0021,P013,SR012,East Malaysia,123,14.36,0.05,1677.97,8.98,573.43,Clinic,CAM011,Paid
INV000443,2025-12-12,C0108,P013,SR005,East Coast,25,14.36,0,359.0,8.98,134.5,Clinic,CAM008,Paid
INV000444,2025-10-01,C0155,P013,SR010,Southern,118,14.36,0.08,1558.92,8.98,499.28,Hospital,,Pending
INV000445,2026-06-18,C0116,P014,SR004,Southern,52,18.87,0.1,883.12,11.75,272.12,Clinic,,Paid
INV000446,2025-08-29,C0170,P009,SR006,East Malaysia,58,9.93,0,575.94,6.14,219.82,Hospital,CAM006,Overdue
INV000447,2026-04-30,C0141,P002,SR006,East Malaysia,106,20.37,0.05,2051.26,9.86,1006.1,Clinic,,Paid
INV000448,2025-06-09,C0022,P013,SR012,East Malaysia,63,14.36,0,904.68,8.98,338.94,Hospital,CAM004,Paid
INV000449,2025-06-24,C0008,P002,SR009,Northern,88,20.37,0.1,1613.3,9.86,745.62,Clinic,,Paid
INV000450,2025-10-06,C0141,P015,SR006,East Malaysia,143,11.13,0,1591.59,6.38,679.25,Clinic,,Paid
INV000451,2026-03-22,C0135,P018,SR010,Southern,93,17.27,0.05,1525.8,8.38,746.46,Clinic,,Paid
INV000452,2025-04-02,C0114,P010,SR007,Central,110,17.45,0.03,1861.91,11.04,647.51,Hospital,CAM002,Paid
INV000453,2025-05-20,C0089,P010,SR007,Central,141,17.45,0,2460.45,11.04,903.81,Hospital,,Overdue
INV000454,2026-05-04,C0077,P001,SR008,Kuala Lumpur,79,34.05,0.05,2555.45,21.72,839.57,Hospital,,Paid
INV000455,2025-07-13,C0106,P018,SR012,East Malaysia,106,17.27,0,1830.62,8.38,942.34,Pharmacy,,Paid
INV000456,2026-01-23,C0057,P009,SR005,East Coast,113,9.93,0.05,1065.99,6.14,372.17,Clinic,,Pending
INV000457,2025-10-06,C0073,P018,SR011,East Coast,110,17.27,0,1899.7,8.38,977.9,Pharmacy,CAM007,Paid
INV000458,2026-04-12,C0159,P015,SR007,Central,164,11.13,0.05,1734.05,6.38,687.73,Pharmacy,CAM011,Paid
INV000459,2025-01-23,C0048,P004,SR008,Kuala Lumpur,73,19.97,0,1457.81,10.13,718.32,Distributor,,Paid
INV000460,2025-04-03,C0039,P001,SR007,Central,60,34.05,0.03,1981.71,21.72,678.51,Distributor,CAM003,Overdue
INV000461,2026-04-20,C0179,P002,SR010,Southern,25,20.37,0.1,458.32,9.86,211.82,Pharmacy,,Paid
INV000462,2026-02-06,C0019,P018,SR011,East Coast,51,17.27,0,880.77,8.38,453.39,Hospital,,Pending
INV000463,2026-01-26,C0004,P004,SR005,East Coast,103,19.97,0.08,1892.36,10.13,848.97,Pharmacy,,Pending
INV000464,2025-02-04,C0051,P015,SR001,Central,138,11.13,0.08,1413.06,6.38,532.62,Hospital,CAM001,Paid
INV000465,2025-11-16,C0083,P006,SR004,Southern,145,28.44,0.05,3917.61,16.3,1554.11,Pharmacy,CAM008,Paid
INV000466,2025-02-23,C0171,P007,SR001,Central,65,53.96,0.05,3332.03,26.47,1611.48,Pharmacy,CAM002,Pending
INV000467,2025-05-03,C0102,P008,SR004,Southern,15,17.6,0.05,250.8,7.93,131.85,Pharmacy,,Paid
INV000468,2025-06-08,C0096,P003,SR005,East Coast,45,31.96,0.05,1366.29,20.33,451.44,Hospital,,Paid
INV000469,2025-03-03,C0016,P012,SR005,East Coast,142,23.6,0.08,3083.1,11.86,1398.98,Clinic,CAM002,Paid
INV000470,2025-12-22,C0113,P007,SR003,Northern,101,53.96,0.03,5286.46,26.47,2612.99,Clinic,CAM008,Paid
INV000471,2026-03-25,C0144,P010,SR010,Southern,53,17.45,0.05,878.61,11.04,293.49,Pharmacy,,Paid
INV000472,2025-11-28,C0120,P009,SR005,East Coast,22,9.93,0.05,207.54,6.14,72.46,Pharmacy,,Pending
INV000473,2026-01-11,C0117,P001,SR010,Southern,52,34.05,0.1,1593.54,21.72,464.1,Distributor,,Paid
INV000474,2025-09-02,C0083,P003,SR010,Southern,53,31.96,0.05,1609.19,20.33,531.7,Pharmacy,,Paid
INV000475,2025-10-17,C0083,P014,SR010,Southern,33,18.87,0,622.71,11.75,234.96,Pharmacy,,Paid
INV000476,2025-05-13,C0046,P002,SR001,Central,32,20.37,0.05,619.25,9.86,303.73,Clinic,,Paid
INV000477,2026-02-02,C0169,P016,SR010,Southern,17,23.84,0.03,393.12,14.05,154.27,Hospital,,Paid
INV000478,2025-08-02,C0168,P016,SR003,Northern,124,23.84,0.1,2660.54,14.05,918.34,Clinic,CAM005,Pending
INV000479,2025-03-01,C0158,P009,SR004,Southern,23,9.93,0.1,205.55,6.14,64.33,Pharmacy,CAM002,Overdue
INV000480,2025-04-10,C0026,P008,SR010,Southern,53,17.6,0,932.8,7.93,512.51,Hospital,,Paid
INV000481,2025-07-03,C0143,P018,SR008,Kuala Lumpur,32,17.27,0.08,508.43,8.38,240.27,Clinic,,Paid
INV000482,2026-03-14,C0027,P006,SR001,Central,145,28.44,0.05,3917.61,16.3,1554.11,Hospital,,Paid
INV000483,2025-06-11,C0137,P015,SR007,Central,85,11.13,0.05,898.75,6.38,356.45,Pharmacy,,Pending
INV000484,2026-02-27,C0163,P014,SR010,Southern,160,18.87,0,3019.2,11.75,1139.2,Clinic,,Paid
INV000485,2025-09-18,C0093,P015,SR010,Southern,106,11.13,0,1179.78,6.38,503.5,Pharmacy,CAM006,Paid
INV000486,2026-06-15,C0035,P010,SR003,Northern,81,17.45,0.15,1201.43,11.04,307.19,Clinic,,Paid
INV000487,2025-11-19,C0006,P009,SR006,East Malaysia,29,9.93,0,287.97,6.14,109.91,Clinic,,Paid
INV000488,2026-01-11,C0150,P008,SR005,East Coast,70,17.6,0.1,1108.8,7.93,553.7,Pharmacy,CAM009,Paid
INV000489,2025-08-11,C0020,P011,SR007,Central,49,15.5,0.05,721.52,7.06,375.58,Clinic,,Paid
INV000490,2025-04-08,C0153,P010,SR006,East Malaysia,152,17.45,0.03,2572.83,11.04,894.75,Clinic,,Overdue
INV000491,2025-12-09,C0090,P014,SR008,Kuala Lumpur,35,18.87,0.1,594.41,11.75,183.16,Hospital,CAM008,Paid
INV000492,2026-01-27,C0014,P010,SR002,Kuala Lumpur,86,17.45,0.05,1425.66,11.04,476.22,Pharmacy,CAM009,Paid
INV000493,2026-02-07,C0115,P017,SR004,Southern,61,60.49,0.05,3505.4,30.19,1663.81,Pharmacy,,Pending
INV000494,2025-06-01,C0034,P011,SR002,Kuala Lumpur,126,15.5,0.05,1855.35,7.06,965.79,Pharmacy,CAM004,Paid
INV000495,2026-02-13,C0129,P014,SR006,East Malaysia,39,18.87,0.05,699.13,11.75,240.88,Clinic,CAM010,Paid
INV000496,2025-07-20,C0144,P017,SR004,Southern,67,60.49,0,4052.83,30.19,2030.1,Pharmacy,,Paid
INV000497,2025-04-02,C0029,P014,SR011,East Coast,98,18.87,0.03,1793.78,11.75,642.28,Distributor,CAM002,Pending
INV000498,2025-06-23,C0090,P015,SR002,Kuala Lumpur,117,11.13,0,1302.21,6.38,555.75,Hospital,,Pending
INV000499,2025-07-24,C0176,P012,SR005,East Coast,26,23.6,0,613.6,11.86,305.24,Hospital,CAM005,Pending
INV000500,2025-10-22,C0004,P011,SR005,East Coast,83,15.5,0.05,1222.17,7.06,636.19,Pharmacy,CAM007,Pending
INV000501,2025-08-05,C0053,P018,SR007,Central,145,17.27,0.05,2378.94,8.38,1163.84,Clinic,,Paid
INV000502,2025-01-19,C0097,P017,SR001,Central,70,60.49,0,4234.3,30.19,2121.0,Pharmacy,CAM001,Paid
INV000503,2025-01-09,C0018,P013,SR008,Kuala Lumpur,174,14.36,0.1,2248.78,8.98,686.26,Hospital,,Pending
INV000504,2025-01-20,C0075,P013,SR003,Northern,102,14.36,0.05,1391.48,8.98,475.52,Pharmacy,,Pending
INV000505,2026-05-12,C0153,P018,SR006,East Malaysia,52,17.27,0,898.04,8.38,462.28,Clinic,,Paid
INV000506,2025-01-23,C0011,P008,SR007,Central,90,17.6,0.05,1504.8,7.93,791.1,Distributor,,Paid
INV000507,2025-12-27,C0091,P010,SR003,Northern,133,17.45,0.03,2251.22,11.04,782.9,Clinic,CAM009,Pending
INV000508,2025-01-31,C0143,P009,SR002,Kuala Lumpur,43,9.93,0.03,414.18,6.14,150.16,Clinic,,Paid
INV000509,2026-01-27,C0134,P008,SR008,Kuala Lumpur,66,17.6,0.05,1103.52,7.93,580.14,Distributor,,Paid
INV000510,2025-12-04,C0115,P018,SR004,Southern,57,17.27,0.08,905.64,8.38,427.98,Pharmacy,,Paid
INV000511,2025-07-27,C0036,P010,SR001,Central,115,17.45,0.15,1705.74,11.04,436.14,Distributor,,Paid
INV000512,2025-06-11,C0082,P003,SR004,Southern,52,31.96,0.03,1612.06,20.33,554.9,Clinic,,Pending
INV000513,2025-11-23,C0106,P014,SR012,East Malaysia,118,18.87,0.08,2048.53,11.75,662.03,Pharmacy,,Paid
INV000514,2025-10-08,C0039,P007,SR001,Central,38,53.96,0,2050.48,26.47,1044.62,Distributor,,Paid
INV000515,2025-10-01,C0156,P008,SR001,Central,64,17.6,0.08,1036.29,7.93,528.77,Distributor,,Paid
INV000516,2026-05-04,C0035,P017,SR009,Northern,171,60.49,0.03,10033.48,30.19,4870.99,Clinic,,Paid
INV000517,2025-05-21,C0042,P007,SR004,Southern,13,53.96,0.05,666.41,26.47,322.3,Hospital,,Overdue
INV000518,2026-02-27,C0057,P007,SR005,East Coast,21,53.96,0,1133.16,26.47,577.29,Clinic,,Paid
INV000519,2026-05-17,C0177,P011,SR010,Southern,68,15.5,0.05,1001.3,7.06,521.22,Hospital,,Paid
INV000520,2026-01-25,C0081,P013,SR004,Southern,138,14.36,0,1981.68,8.98,742.44,Pharmacy,,Pending
INV000521,2025-09-09,C0133,P018,SR007,Central,15,17.27,0.05,246.1,8.38,120.4,Clinic,,Paid
INV000522,2025-02-20,C0049,P010,SR007,Central,106,17.45,0.1,1664.73,11.04,494.49,Pharmacy,,Paid
INV000523,2025-06-20,C0109,P010,SR006,East Malaysia,137,17.45,0.1,2151.59,11.04,639.11,Clinic,,Paid
INV000524,2026-04-08,C0024,P017,SR001,Central,51,60.49,0.08,2838.19,30.19,1298.5,Clinic,,Paid
INV000525,2025-05-19,C0101,P014,SR009,Northern,120,18.87,0,2264.4,11.75,854.4,Distributor,,Pending
INV000526,2025-07-26,C0117,P003,SR010,Southern,87,31.96,0.08,2558.08,20.33,789.37,Distributor,,Pending
INV000527,2025-05-07,C0024,P004,SR007,Central,167,19.97,0.03,3234.94,10.13,1543.23,Clinic,,Paid
INV000528,2026-01-29,C0131,P006,SR007,Central,145,28.44,0.03,4000.09,16.3,1636.59,Hospital,,Pending
INV000529,2025-06-03,C0042,P005,SR004,Southern,18,48.8,0.05,834.48,23.91,404.1,Hospital,CAM004,Paid
INV000530,2025-07-05,C0031,P005,SR001,Central,5,48.8,0.05,231.8,23.91,112.25,Pharmacy,CAM005,Paid
INV000531,2026-05-26,C0140,P001,SR007,Central,65,34.05,0,2213.25,21.72,801.45,Clinic,,Paid
INV000532,2026-03-29,C0021,P001,SR006,East Malaysia,145,34.05,0.03,4789.13,21.72,1639.73,Clinic,,Pending
INV000533,2025-08-01,C0013,P006,SR005,East Coast,19,28.44,0.08,497.13,16.3,187.43,Pharmacy,CAM005,Paid
INV000534,2025-11-02,C0085,P003,SR002,Kuala Lumpur,32,31.96,0.05,971.58,20.33,321.02,Pharmacy,,Paid
INV000535,2025-10-19,C0157,P018,SR004,Southern,121,17.27,0.08,1922.5,8.38,908.52,Pharmacy,,Paid
INV000536,2025-11-03,C0083,P012,SR010,Southern,22,23.6,0.08,477.66,11.86,216.74,Pharmacy,,Pending
INV000537,2025-03-08,C0075,P016,SR003,Northern,36,23.84,0.08,789.58,14.05,283.78,Pharmacy,CAM002,Paid
INV000538,2025-08-03,C0157,P002,SR004,Southern,151,20.37,0.08,2829.8,9.86,1340.94,Pharmacy,,Overdue
INV000539,2026-05-11,C0177,P010,SR010,Southern,160,17.45,0.1,2512.8,11.04,746.4,Hospital,CAM012,Overdue
INV000540,2026-05-24,C0134,P016,SR008,Kuala Lumpur,51,23.84,0.1,1094.26,14.05,377.71,Distributor,CAM012,Overdue
INV000541,2025-01-02,C0031,P001,SR007,Central,165,34.05,0.08,5168.79,21.72,1584.99,Pharmacy,,Paid
INV000542,2026-03-01,C0106,P002,SR012,East Malaysia,94,20.37,0.05,1819.04,9.86,892.2,Pharmacy,,Paid
INV000543,2025-07-26,C0177,P010,SR010,Southern,22,17.45,0.03,372.38,11.04,129.5,Hospital,,Paid
INV000544,2025-01-07,C0030,P011,SR011,East Coast,106,15.5,0.08,1511.56,7.06,763.2,Pharmacy,,Paid
INV000545,2025-06-29,C0050,P011,SR012,East Malaysia,177,15.5,0.05,2606.32,7.06,1356.7,Distributor,,Paid
INV000546,2025-02-06,C0166,P005,SR010,Southern,44,48.8,0.05,2039.84,23.91,987.8,Pharmacy,,Paid
INV000547,2025-12-10,C0119,P014,SR001,Central,138,18.87,0.03,2525.94,11.75,904.44,Distributor,,Paid
INV000548,2025-01-20,C0054,P011,SR011,East Coast,21,15.5,0.15,276.68,7.06,128.42,Pharmacy,CAM001,Paid
INV000549,2026-01-20,C0161,P018,SR001,Central,151,17.27,0.05,2477.38,8.38,1212.0,Pharmacy,CAM009,Pending
INV000550,2025-11-12,C0081,P002,SR010,Southern,110,20.37,0,2240.7,9.86,1156.1,Pharmacy,,Paid
INV000551,2025-11-06,C0056,P017,SR009,Northern,49,60.49,0,2964.01,30.19,1484.7,Pharmacy,,Pending
INV000552,2025-07-26,C0024,P015,SR001,Central,128,11.13,0.1,1282.18,6.38,465.54,Clinic,CAM005,Overdue
INV000553,2026-06-21,C0080,P011,SR005,East Coast,30,15.5,0.1,418.5,7.06,206.7,Hospital,,Overdue
INV000554,2025-05-16,C0053,P002,SR007,Central,104,20.37,0.08,1949.0,9.86,923.56,Clinic,,Paid
INV000555,2025-02-15,C0176,P003,SR011,East Coast,124,31.96,0.1,3566.74,20.33,1045.82,Hospital,CAM002,Paid
INV000556,2025-11-16,C0164,P007,SR011,East Coast,56,53.96,0,3021.76,26.47,1539.44,Pharmacy,CAM008,Pending
INV000557,2025-05-01,C0070,P005,SR001,Central,75,48.8,0,3660.0,23.91,1866.75,Pharmacy,,Overdue
INV000558,2026-06-11,C0027,P007,SR007,Central,145,53.96,0.03,7589.47,26.47,3751.32,Hospital,,Paid
INV000559,2025-10-18,C0147,P008,SR004,Southern,23,17.6,0.03,392.66,7.93,210.27,Pharmacy,,Paid
INV000560,2025-02-21,C0034,P001,SR008,Kuala Lumpur,177,34.05,0,6026.85,21.72,2182.41,Pharmacy,,Paid
INV000561,2026-02-06,C0046,P015,SR007,Central,84,11.13,0.03,906.87,6.38,370.95,Clinic,,Paid
INV000562,2025-03-22,C0120,P005,SR005,East Coast,124,48.8,0,6051.2,23.91,3086.36,Pharmacy,CAM002,Paid
INV000563,2025-08-18,C0037,P009,SR008,Kuala Lumpur,105,9.93,0,1042.65,6.14,397.95,Pharmacy,,Paid
INV000564,2025-11-29,C0117,P016,SR004,Southern,21,23.84,0.05,475.61,14.05,180.56,Distributor,,Paid
INV000565,2025-06-24,C0073,P012,SR005,East Coast,135,23.6,0,3186.0,11.86,1584.9,Pharmacy,,Pending
INV000566,2025-04-20,C0084,P018,SR005,East Coast,82,17.27,0.05,1345.33,8.38,658.17,Distributor,,Paid
INV000567,2025-09-07,C0141,P006,SR012,East Malaysia,103,28.44,0,2929.32,16.3,1250.42,Clinic,CAM006,Pending
INV000568,2026-03-22,C0146,P011,SR005,East Coast,49,15.5,0.08,698.74,7.06,352.8,Clinic,,Paid
INV000569,2026-05-14,C0030,P015,SR011,East Coast,147,11.13,0,1636.11,6.38,698.25,Pharmacy,,Paid
INV000570,2026-02-20,C0018,P004,SR008,Kuala Lumpur,88,19.97,0.05,1669.49,10.13,778.05,Hospital,,Paid
INV000571,2025-05-23,C0149,P001,SR002,Kuala Lumpur,174,34.05,0,5924.7,21.72,2145.42,Clinic,,Paid
INV000572,2026-04-03,C0051,P007,SR007,Central,81,53.96,0.05,4152.22,26.47,2008.15,Hospital,,Paid
INV000573,2026-03-22,C0089,P003,SR001,Central,161,31.96,0.15,4373.73,20.33,1100.6,Hospital,,Paid
INV000574,2025-05-11,C0076,P002,SR009,Northern,145,20.37,0.15,2510.6,9.86,1080.9,Hospital,,Paid
INV000575,2026-01-03,C0029,P010,SR005,East Coast,65,17.45,0.05,1077.54,11.04,359.94,Distributor,,Paid
INV000576,2026-01-27,C0104,P013,SR012,East Malaysia,144,14.36,0,2067.84,8.98,774.72,Pharmacy,CAM009,Paid
INV000577,2026-01-29,C0093,P014,SR004,Southern,78,18.87,0.15,1251.08,11.75,334.58,Pharmacy,,Paid
INV000578,2025-03-15,C0166,P001,SR004,Southern,129,34.05,0.08,4041.05,21.72,1239.17,Pharmacy,,Paid
INV000579,2025-05-21,C0165,P014,SR012,East Malaysia,159,18.87,0.15,2550.28,11.75,682.03,Clinic,,Paid
INV000580,2026-03-11,C0142,P015,SR012,East Malaysia,95,11.13,0,1057.35,6.38,451.25,Pharmacy,,Paid
INV000581,2026-05-26,C0061,P017,SR011,East Coast,110,60.49,0.15,5655.82,30.19,2334.92,Pharmacy,,Paid
INV000582,2025-02-08,C0146,P016,SR011,East Coast,33,23.84,0.05,747.38,14.05,283.73,Clinic,,Paid
INV000583,2026-06-24,C0072,P015,SR004,Southern,138,11.13,0.1,1382.35,6.38,501.91,Clinic,,Paid
INV000584,2026-04-29,C0162,P003,SR007,Central,161,31.96,0,5145.56,20.33,1872.43,Hospital,,Pending
INV000585,2026-04-26,C0117,P017,SR010,Southern,151,60.49,0.08,8403.27,30.19,3844.58,Distributor,,Overdue
INV000586,2025-10-29,C0075,P006,SR003,Northern,157,28.44,0.08,4107.87,16.3,1548.77,Pharmacy,,Paid
INV000587,2025-03-04,C0162,P016,SR001,Central,151,23.84,0,3599.84,14.05,1478.29,Hospital,,Pending
INV000588,2025-01-28,C0074,P016,SR006,East Malaysia,37,23.84,0.05,837.98,14.05,318.13,Pharmacy,,Paid
INV000589,2025-05-16,C0158,P009,SR010,Southern,70,9.93,0,695.1,6.14,265.3,Pharmacy,CAM004,Pending
INV000590,2025-06-04,C0169,P015,SR010,Southern,49,11.13,0.03,529.01,6.38,216.39,Hospital,,Paid
INV000591,2026-06-25,C0009,P011,SR005,East Coast,42,15.5,0.05,618.45,7.06,321.93,Distributor,,Pending
INV000592,2026-05-23,C0106,P013,SR006,East Malaysia,174,14.36,0.05,2373.71,8.98,811.19,Pharmacy,,Paid
INV000593,2025-12-20,C0014,P009,SR002,Kuala Lumpur,18,9.93,0,178.74,6.14,68.22,Pharmacy,,Paid
INV000594,2026-06-30,C0060,P013,SR011,East Coast,126,14.36,0.03,1755.08,8.98,623.6,Distributor,,Paid
INV000595,2026-03-22,C0004,P010,SR011,East Coast,102,17.45,0.08,1637.51,11.04,511.43,Pharmacy,,Overdue
INV000596,2025-02-12,C0025,P018,SR012,East Malaysia,115,17.27,0.05,1886.75,8.38,923.05,Hospital,,Paid
INV000597,2025-10-07,C0086,P009,SR009,Northern,30,9.93,0.03,288.96,6.14,104.76,Clinic,,Paid
INV000598,2025-09-05,C0173,P007,SR012,East Malaysia,178,53.96,0.08,8836.49,26.47,4124.83,Clinic,CAM006,Paid
INV000599,2025-03-11,C0004,P014,SR005,East Coast,139,18.87,0,2622.93,11.75,989.68,Pharmacy,,Paid
INV000600,2025-10-18,C0065,P007,SR006,East Malaysia,11,53.96,0.05,563.88,26.47,272.71,Pharmacy,CAM007,Overdue
INV000601,2025-05-05,C0031,P003,SR001,Central,101,31.96,0.08,2969.72,20.33,916.39,Pharmacy,,Pending
INV000602,2025-07-09,C0029,P006,SR011,East Coast,80,28.44,0.05,2161.44,16.3,857.44,Distributor,,Paid
INV000603,2025-10-11,C0110,P011,SR008,Kuala Lumpur,46,15.5,0.08,655.96,7.06,331.2,Hospital,CAM007,Paid
INV000604,2025-12-07,C0016,P009,SR011,East Coast,50,9.93,0.05,471.67,6.14,164.67,Clinic,,Overdue
INV000605,2026-02-07,C0046,P016,SR001,Central,41,23.84,0.05,928.57,14.05,352.52,Clinic,,Paid
INV000606,2025-04-19,C0114,P009,SR001,Central,13,9.93,0,129.09,6.14,49.27,Hospital,,Paid
INV000607,2026-04-02,C0005,P016,SR003,Northern,172,23.84,0.05,3895.46,14.05,1478.86,Pharmacy,,Paid
INV000608,2025-09-30,C0039,P011,SR007,Central,152,15.5,0,2356.0,7.06,1282.88,Distributor,,Pending
INV000609,2026-05-05,C0112,P013,SR005,East Coast,143,14.36,0,2053.48,8.98,769.34,Pharmacy,,Paid
INV000610,2026-05-09,C0032,P018,SR011,East Coast,90,17.27,0.08,1429.96,8.38,675.76,Hospital,,Paid
INV000611,2025-04-03,C0094,P018,SR012,East Malaysia,25,17.27,0.1,388.57,8.38,179.07,Pharmacy,,Paid
INV000612,2025-07-27,C0046,P018,SR001,Central,103,17.27,0.08,1636.51,8.38,773.37,Clinic,CAM005,Pending
INV000613,2026-01-03,C0125,P003,SR008,Kuala Lumpur,53,31.96,0,1693.88,20.33,616.39,Clinic,CAM009,Paid
INV000614,2025-03-06,C0139,P010,SR008,Kuala Lumpur,141,17.45,0.15,2091.38,11.04,534.74,Clinic,,Overdue
INV000615,2025-01-17,C0010,P011,SR003,Northern,91,15.5,0.08,1297.66,7.06,655.2,Pharmacy,CAM001,Paid
INV000616,2026-06-20,C0118,P018,SR006,East Malaysia,153,17.27,0,2642.31,8.38,1360.17,Hospital,,Paid
INV000617,2025-05-25,C0126,P001,SR008,Kuala Lumpur,163,34.05,0,5550.15,21.72,2009.79,Hospital,,Paid
INV000618,2025-06-26,C0162,P002,SR007,Central,29,20.37,0.05,561.19,9.86,275.25,Hospital,,Paid
INV000619,2025-03-07,C0028,P004,SR010,Southern,157,19.97,0.08,2884.47,10.13,1294.06,Clinic,CAM002,Paid
INV000620,2026-02-16,C0084,P004,SR005,East Coast,87,19.97,0.1,1563.65,10.13,682.34,Distributor,,Pending
INV000621,2025-06-27,C0086,P003,SR003,Northern,75,31.96,0,2397.0,20.33,872.25,Clinic,,Paid
INV000622,2026-01-14,C0142,P006,SR012,East Malaysia,67,28.44,0.15,1619.66,16.3,527.56,Pharmacy,CAM009,Pending
INV000623,2026-01-21,C0041,P001,SR012,East Malaysia,25,34.05,0,851.25,21.72,308.25,Clinic,CAM009,Paid
INV000624,2025-10-18,C0107,P016,SR004,Southern,57,23.84,0,1358.88,14.05,558.03,Clinic,CAM007,Paid
INV000625,2025-06-28,C0157,P002,SR004,Southern,132,20.37,0.05,2554.4,9.86,1252.88,Pharmacy,,Paid
INV000626,2025-11-05,C0090,P014,SR002,Kuala Lumpur,147,18.87,0,2773.89,11.75,1046.64,Hospital,,Paid
INV000627,2026-06-27,C0025,P012,SR006,East Malaysia,123,23.6,0.08,2670.58,11.86,1211.8,Hospital,,Paid
INV000628,2025-10-11,C0014,P007,SR002,Kuala Lumpur,43,53.96,0.08,2134.66,26.47,996.45,Pharmacy,,Paid
INV000629,2025-06-30,C0041,P002,SR006,East Malaysia,170,20.37,0.03,3359.01,9.86,1682.81,Clinic,CAM005,Paid
INV000630,2026-04-10,C0012,P004,SR002,Kuala Lumpur,142,19.97,0,2835.74,10.13,1397.28,Pharmacy,,Paid
INV000631,2025-04-29,C0019,P008,SR011,East Coast,156,17.6,0.05,2608.32,7.93,1371.24,Hospital,,Pending
INV000632,2025-11-30,C0059,P004,SR011,East Coast,63,19.97,0,1258.11,10.13,619.92,Distributor,,Pending
INV000633,2026-01-20,C0057,P003,SR011,East Coast,154,31.96,0.05,4675.75,20.33,1544.93,Clinic,,Paid
INV000634,2026-04-11,C0046,P013,SR007,Central,39,14.36,0.05,532.04,8.98,181.82,Clinic,CAM011,Overdue
INV000635,2025-07-27,C0086,P005,SR003,Northern,150,48.8,0,7320.0,23.91,3733.5,Clinic,CAM005,Paid
INV000636,2025-06-25,C0088,P008,SR009,Northern,159,17.6,0,2798.4,7.93,1537.53,Distributor,,Pending
INV000637,2025-06-24,C0148,P018,SR003,Northern,27,17.27,0.05,442.98,8.38,216.72,Pharmacy,,Paid
INV000638,2025-08-10,C0152,P016,SR012,East Malaysia,76,23.84,0,1811.84,14.05,744.04,Hospital,,Pending
INV000639,2025-09-11,C0084,P014,SR005,East Coast,156,18.87,0.15,2502.16,11.75,669.16,Distributor,,Pending
INV000640,2026-03-04,C0012,P002,SR008,Kuala Lumpur,134,20.37,0,2729.58,9.86,1408.34,Pharmacy,,Paid
INV000641,2025-04-11,C0116,P016,SR004,Southern,26,23.84,0.05,588.85,14.05,223.55,Clinic,CAM003,Overdue
INV000642,2025-05-16,C0092,P010,SR002,Kuala Lumpur,170,17.45,0.15,2521.53,11.04,644.73,Pharmacy,CAM004,Paid
INV000643,2026-04-16,C0147,P001,SR010,Southern,123,34.05,0.08,3853.1,21.72,1181.54,Pharmacy,,Paid
INV000644,2026-01-15,C0161,P015,SR001,Central,165,11.13,0,1836.45,6.38,783.75,Pharmacy,,Paid
INV000645,2025-02-03,C0076,P014,SR009,Northern,161,18.87,0.05,2886.17,11.75,994.42,Hospital,,Pending
INV000646,2025-03-24,C0159,P011,SR001,Central,136,15.5,0.15,1791.8,7.06,831.64,Pharmacy,,Pending
INV000647,2025-04-24,C0099,P012,SR012,East Malaysia,163,23.6,0,3846.8,11.86,1913.62,Pharmacy,,Paid
INV000648,2025-03-10,C0144,P007,SR004,Southern,90,53.96,0,4856.4,26.47,2474.1,Pharmacy,CAM002,Pending
INV000649,2025-08-03,C0058,P011,SR011,East Coast,73,15.5,0.05,1074.92,7.06,559.54,Hospital,,Paid
INV000650,2026-01-17,C0089,P015,SR007,Central,133,11.13,0.05,1406.28,6.38,557.74,Hospital,CAM009,Paid
INV000651,2026-01-12,C0173,P003,SR006,East Malaysia,122,31.96,0,3899.12,20.33,1418.86,Clinic,,Paid
INV000652,2025-03-20,C0028,P006,SR010,Southern,33,28.44,0.08,863.44,16.3,325.54,Clinic,,Pending
INV000653,2026-06-18,C0161,P001,SR007,Central,111,34.05,0.15,3212.62,21.72,801.7,Pharmacy,,Paid
INV000654,2025-05-16,C0122,P012,SR012,East Malaysia,118,23.6,0.08,2562.02,11.86,1162.54,Pharmacy,CAM004,Paid
INV000655,2025-08-26,C0134,P011,SR008,Kuala Lumpur,153,15.5,0.03,2300.36,7.06,1220.18,Distributor,,Paid
INV000656,2026-06-27,C0141,P015,SR012,East Malaysia,82,11.13,0.05,867.03,6.38,343.87,Clinic,,Pending
INV000657,2025-11-10,C0044,P009,SR001,Central,128,9.93,0.03,1232.91,6.14,446.99,Clinic,,Paid
INV000658,2025-02-18,C0038,P012,SR009,Northern,121,23.6,0.15,2427.26,11.86,992.2,Pharmacy,,Paid
INV000659,2025-10-20,C0047,P006,SR005,East Coast,46,28.44,0,1308.24,16.3,558.44,Hospital,CAM007,Paid
INV000660,2026-03-28,C0067,P012,SR002,Kuala Lumpur,57,23.6,0.05,1277.94,11.86,601.92,Pharmacy,CAM011,Overdue
INV000661,2025-06-01,C0096,P015,SR005,East Coast,141,11.13,0.03,1522.25,6.38,622.67,Hospital,,Paid
INV000662,2026-05-27,C0038,P015,SR009,Northern,44,11.13,0,489.72,6.38,209.0,Pharmacy,,Overdue
INV000663,2025-12-06,C0166,P010,SR010,Southern,79,17.45,0.15,1171.77,11.04,299.61,Pharmacy,,Overdue
INV000664,2025-05-31,C0145,P015,SR010,Southern,33,11.13,0.08,337.91,6.38,127.37,Pharmacy,,Paid
INV000665,2025-04-30,C0079,P001,SR010,Southern,163,34.05,0.1,4995.14,21.72,1454.78,Hospital,,Paid
INV000666,2025-02-26,C0156,P007,SR001,Central,76,53.96,0,4100.96,26.47,2089.24,Distributor,CAM002,Paid
INV000667,2025-03-31,C0132,P013,SR002,Kuala Lumpur,130,14.36,0.03,1810.8,8.98,643.4,Hospital,,Overdue
INV000668,2026-01-05,C0102,P005,SR010,Southern,99,48.8,0.03,4686.26,23.91,2319.17,Pharmacy,CAM009,Paid
INV000669,2026-04-02,C0144,P003,SR004,Southern,118,31.96,0.08,3469.58,20.33,1070.64,Pharmacy,,Paid
INV000670,2025-06-17,C0109,P014,SR006,East Malaysia,155,18.87,0.05,2778.61,11.75,957.36,Clinic,CAM004,Paid
INV000671,2026-06-22,C0086,P003,SR009,Northern,27,31.96,0,862.92,20.33,314.01,Clinic,,Paid
INV000672,2025-10-07,C0107,P006,SR010,Southern,150,28.44,0.08,3924.72,16.3,1479.72,Clinic,CAM007,Pending
INV000673,2025-10-24,C0142,P016,SR006,East Malaysia,82,23.84,0.1,1759.39,14.05,607.29,Pharmacy,CAM007,Paid
INV000674,2025-01-03,C0040,P009,SR009,Northern,168,9.93,0.1,1501.42,6.14,469.9,Pharmacy,,Paid
INV000675,2025-10-22,C0107,P006,SR010,Southern,170,28.44,0,4834.8,16.3,2063.8,Clinic,CAM007,Paid
INV000676,2025-03-10,C0154,P012,SR011,East Coast,149,23.6,0.05,3340.58,11.86,1573.44,Clinic,CAM002,Overdue
INV000677,2025-05-03,C0096,P017,SR005,East Coast,71,60.49,0,4294.79,30.19,2151.3,Hospital,,Paid
INV000678,2025-11-24,C0119,P005,SR007,Central,46,48.8,0,2244.8,23.91,1144.94,Distributor,,Paid
INV000679,2025-12-31,C0013,P010,SR011,East Coast,140,17.45,0.05,2320.85,11.04,775.25,Pharmacy,CAM008,Pending
INV000680,2025-07-07,C0025,P006,SR012,East Malaysia,85,28.44,0.1,2175.66,16.3,790.16,Hospital,,Paid
INV000681,2026-01-07,C0025,P018,SR012,East Malaysia,41,17.27,0,708.07,8.38,364.49,Hospital,,Paid
INV000682,2026-05-12,C0106,P011,SR006,East Malaysia,31,15.5,0,480.5,7.06,261.64,Pharmacy,,Pending
INV000683,2026-06-23,C0137,P018,SR001,Central,111,17.27,0.05,1821.12,8.38,890.94,Pharmacy,,Paid
INV000684,2025-05-15,C0005,P016,SR009,Northern,84,23.84,0.08,1842.36,14.05,662.16,Pharmacy,,Paid
INV000685,2026-03-29,C0153,P017,SR012,East Malaysia,49,60.49,0.08,2726.89,30.19,1247.58,Clinic,CAM011,Paid
INV000686,2025-05-26,C0177,P008,SR010,Southern,37,17.6,0,651.2,7.93,357.79,Hospital,,Paid
INV000687,2025-04-25,C0020,P001,SR007,Central,115,34.05,0,3915.75,21.72,1417.95,Clinic,CAM003,Paid
INV000688,2025-09-17,C0012,P003,SR008,Kuala Lumpur,175,31.96,0,5593.0,20.33,2035.25,Pharmacy,CAM006,Overdue
INV000689,2025-07-30,C0151,P007,SR002,Kuala Lumpur,176,53.96,0.03,9212.05,26.47,4553.33,Distributor,CAM005,Overdue
INV000690,2025-12-23,C0091,P006,SR003,Northern,134,28.44,0.05,3620.41,16.3,1436.21,Clinic,CAM008,Paid
INV000691,2025-07-16,C0073,P006,SR005,East Coast,30,28.44,0.15,725.22,16.3,236.22,Pharmacy,,Pending
INV000692,2026-05-02,C0094,P006,SR012,East Malaysia,177,28.44,0.15,4278.8,16.3,1393.7,Pharmacy,CAM011,Overdue
INV000693,2026-03-11,C0055,P017,SR003,Northern,109,60.49,0,6593.41,30.19,3302.7,Hospital,,Paid
INV000694,2025-04-23,C0134,P005,SR008,Kuala Lumpur,97,48.8,0.08,4354.91,23.91,2035.64,Distributor,,Paid
INV000695,2025-12-02,C0127,P004,SR008,Kuala Lumpur,77,19.97,0.05,1460.81,10.13,680.8,Pharmacy,,Paid
INV000696,2026-03-31,C0058,P018,SR011,East Coast,79,17.27,0.15,1159.68,8.38,497.66,Hospital,,Pending
INV000697,2026-05-03,C0174,P012,SR004,Southern,8,23.6,0.15,160.48,11.86,65.6,Hospital,,Paid
INV000698,2026-03-25,C0134,P003,SR002,Kuala Lumpur,41,31.96,0.03,1271.05,20.33,437.52,Distributor,,Paid
INV000699,2025-04-15,C0044,P003,SR007,Central,55,31.96,0.03,1705.07,20.33,586.92,Clinic,,Overdue
INV000700,2025-05-06,C0060,P014,SR011,East Coast,76,18.87,0.08,1319.39,11.75,426.39,Distributor,,Pending
INV000701,2025-10-07,C0165,P013,SR012,East Malaysia,126,14.36,0.08,1664.61,8.98,533.13,Clinic,,Overdue
INV000702,2026-06-08,C0072,P005,SR010,Southern,32,48.8,0,1561.6,23.91,796.48,Clinic,,Paid
INV000703,2025-05-18,C0008,P004,SR003,Northern,22,19.97,0.05,417.37,10.13,194.51,Clinic,CAM004,Paid
INV000704,2025-12-01,C0040,P010,SR003,Northern,24,17.45,0.08,385.3,11.04,120.34,Pharmacy,,Paid
INV000705,2026-04-23,C0052,P010,SR008,Kuala Lumpur,130,17.45,0.05,2155.07,11.04,719.87,Clinic,,Pending
INV000706,2025-01-19,C0009,P014,SR005,East Coast,103,18.87,0.05,1846.43,11.75,636.18,Distributor,,Paid
INV000707,2025-02-06,C0009,P006,SR011,East Coast,47,28.44,0.05,1269.85,16.3,503.75,Distributor,CAM001,Paid
INV000708,2025-04-23,C0146,P016,SR011,East Coast,126,23.84,0.05,2853.65,14.05,1083.35,Clinic,CAM003,Paid
INV000709,2026-05-22,C0152,P013,SR012,East Malaysia,77,14.36,0.03,1072.55,8.98,381.09,Hospital,CAM012,Paid
INV000710,2026-01-11,C0090,P001,SR008,Kuala Lumpur,102,34.05,0,3473.1,21.72,1257.66,Hospital,,Paid
INV000711,2025-12-26,C0015,P008,SR005,East Coast,65,17.6,0.05,1086.8,7.93,571.35,Clinic,,Pending
INV000712,2025-03-09,C0079,P004,SR010,Southern,48,19.97,0,958.56,10.13,472.32,Hospital,CAM002,Paid
INV000713,2026-03-09,C0146,P017,SR011,East Coast,73,60.49,0,4415.77,30.19,2211.9,Clinic,,Paid
INV000714,2025-11-21,C0097,P013,SR007,Central,151,14.36,0,2168.36,8.98,812.38,Pharmacy,,Paid
INV000715,2025-07-30,C0087,P016,SR007,Central,47,23.84,0.05,1064.46,14.05,404.11,Clinic,,Paid
INV000716,2026-05-24,C0163,P003,SR004,Southern,78,31.96,0.03,2418.09,20.33,832.35,Clinic,CAM012,Pending
INV000717,2025-04-05,C0149,P004,SR008,Kuala Lumpur,74,19.97,0,1477.78,10.13,728.16,Clinic,,Paid
INV000718,2025-08-03,C0089,P003,SR007,Central,134,31.96,0.1,3854.38,20.33,1130.16,Hospital,,Paid
INV000719,2025-07-24,C0107,P013,SR010,Southern,164,14.36,0.05,2237.29,8.98,764.57,Clinic,,Paid
INV000720,2025-01-20,C0161,P017,SR001,Central,152,60.49,0.05,8734.76,30.19,4145.88,Pharmacy,,Pending
INV000721,2026-04-24,C0069,P018,SR012,East Malaysia,149,17.27,0.08,2367.37,8.38,1118.75,Clinic,CAM011,Paid
INV000722,2025-06-01,C0062,P005,SR008,Kuala Lumpur,116,48.8,0.05,5377.76,23.91,2604.2,Pharmacy,,Pending
INV000723,2025-07-28,C0106,P009,SR012,East Malaysia,170,9.93,0,1688.1,6.14,644.3,Pharmacy,,Paid
INV000724,2025-09-02,C0030,P005,SR005,East Coast,12,48.8,0,585.6,23.91,298.68,Pharmacy,,Paid
INV000725,2026-03-23,C0109,P002,SR006,East Malaysia,45,20.37,0.03,889.15,9.86,445.45,Clinic,,Paid
INV000726,2025-10-12,C0169,P018,SR004,Southern,169,17.27,0.1,2626.77,8.38,1210.55,Hospital,,Paid
INV000727,2025-01-21,C0015,P003,SR011,East Coast,159,31.96,0.03,4929.19,20.33,1696.72,Clinic,CAM001,Pending
INV000728,2025-04-03,C0102,P005,SR004,Southern,33,48.8,0.05,1529.88,23.91,740.85,Pharmacy,,Paid
INV000729,2026-06-22,C0065,P016,SR006,East Malaysia,65,23.84,0.05,1472.12,14.05,558.87,Pharmacy,,Pending
INV000730,2025-11-17,C0085,P013,SR002,Kuala Lumpur,113,14.36,0,1622.68,8.98,607.94,Pharmacy,CAM008,Overdue
INV000731,2026-03-27,C0105,P009,SR006,East Malaysia,130,9.93,0.05,1226.35,6.14,428.15,Hospital,,Paid
INV000732,2026-03-10,C0122,P008,SR012,East Malaysia,42,17.6,0.03,717.02,7.93,383.96,Pharmacy,,Pending
INV000733,2025-01-22,C0166,P002,SR004,Southern,176,20.37,0,3585.12,9.86,1849.76,Pharmacy,,Paid
INV000734,2026-01-07,C0176,P004,SR005,East Coast,118,19.97,0.03,2285.77,10.13,1090.43,Hospital,,Paid
INV000735,2025-09-19,C0078,P003,SR004,Southern,81,31.96,0,2588.76,20.33,942.03,Clinic,,Pending
INV000736,2025-11-21,C0165,P014,SR006,East Malaysia,75,18.87,0.1,1273.73,11.75,392.48,Clinic,,Overdue
INV000737,2026-04-28,C0106,P011,SR012,East Malaysia,30,15.5,0.1,418.5,7.06,206.7,Pharmacy,,Paid
INV000738,2025-12-27,C0108,P018,SR011,East Coast,121,17.27,0.08,1922.5,8.38,908.52,Clinic,,Paid
INV000739,2025-07-08,C0162,P015,SR001,Central,5,11.13,0.05,52.87,6.38,20.97,Hospital,,Paid
INV000740,2025-03-26,C0029,P006,SR005,East Coast,137,28.44,0.08,3584.58,16.3,1351.48,Distributor,,Paid
INV000741,2025-05-14,C0153,P014,SR012,East Malaysia,120,18.87,0.05,2151.18,11.75,741.18,Clinic,,Pending
INV000742,2025-09-24,C0045,P011,SR009,Northern,55,15.5,0,852.5,7.06,464.2,Pharmacy,,Paid
INV000743,2026-01-22,C0147,P008,SR004,Southern,10,17.6,0.15,149.6,7.93,70.3,Pharmacy,,Paid
INV000744,2025-04-02,C0119,P007,SR007,Central,48,53.96,0,2590.08,26.47,1319.52,Distributor,,Paid
INV000745,2025-06-02,C0023,P012,SR005,East Coast,150,23.6,0,3540.0,11.86,1761.0,Clinic,,Paid
INV000746,2026-04-10,C0173,P016,SR006,East Malaysia,62,23.84,0.08,1359.83,14.05,488.73,Clinic,CAM011,Paid
INV000747,2026-05-22,C0098,P005,SR012,East Malaysia,57,48.8,0.05,2642.52,23.91,1279.65,Distributor,,Paid
INV000748,2025-07-13,C0108,P006,SR011,East Coast,42,28.44,0,1194.48,16.3,509.88,Clinic,,Paid
INV000749,2026-04-07,C0064,P012,SR010,Southern,26,23.6,0,613.6,11.86,305.24,Clinic,CAM011,Overdue
INV000750,2026-02-12,C0176,P007,SR011,East Coast,113,53.96,0.08,5609.68,26.47,2618.57,Hospital,CAM010,Paid
INV000751,2025-02-23,C0086,P008,SR009,Northern,95,17.6,0.15,1421.2,7.93,667.85,Clinic,,Overdue
INV000752,2025-02-16,C0002,P009,SR007,Central,82,9.93,0.15,692.12,6.14,188.64,Clinic,,Paid
INV000753,2025-02-12,C0149,P006,SR008,Kuala Lumpur,48,28.44,0.05,1296.86,16.3,514.46,Clinic,,Overdue
INV000754,2026-04-25,C0034,P003,SR008,Kuala Lumpur,140,31.96,0.05,4250.68,20.33,1404.48,Pharmacy,CAM011,Paid
INV000755,2025-05-11,C0128,P009,SR009,Northern,115,9.93,0.03,1107.69,6.14,401.59,Hospital,,Pending
INV000756,2025-09-28,C0133,P011,SR007,Central,47,15.5,0.03,706.64,7.06,374.82,Clinic,,Pending
INV000757,2025-06-04,C0143,P015,SR002,Kuala Lumpur,53,11.13,0,589.89,6.38,251.75,Clinic,CAM004,Paid
INV000758,2025-06-17,C0120,P014,SR005,East Coast,131,18.87,0,2471.97,11.75,932.72,Pharmacy,,Paid
INV000759,2026-05-12,C0118,P016,SR006,East Malaysia,42,23.84,0,1001.28,14.05,411.18,Hospital,CAM012,Paid
INV000760,2025-06-22,C0131,P009,SR001,Central,154,9.93,0.15,1299.84,6.14,354.28,Hospital,,Paid
INV000761,2025-07-04,C0107,P003,SR004,Southern,132,31.96,0.08,3881.22,20.33,1197.66,Clinic,,Paid
INV000762,2025-05-05,C0101,P012,SR003,Northern,87,23.6,0,2053.2,11.86,1021.38,Distributor,,Paid
INV000763,2026-05-07,C0117,P009,SR004,Southern,89,9.93,0.15,751.2,6.14,204.74,Distributor,,Overdue
INV000764,2025-11-29,C0146,P005,SR005,East Coast,17,48.8,0.1,746.64,23.91,340.17,Clinic,CAM008,Pending
INV000765,2026-01-26,C0024,P013,SR007,Central,50,14.36,0,718.0,8.98,269.0,Clinic,,Paid
INV000766,2025-01-22,C0054,P006,SR011,East Coast,108,28.44,0.03,2979.37,16.3,1218.97,Pharmacy,,Paid
INV000767,2025-05-04,C0077,P016,SR008,Kuala Lumpur,84,23.84,0.1,1802.3,14.05,622.1,Hospital,,Paid
INV000768,2026-01-03,C0171,P004,SR007,Central,136,19.97,0,2715.92,10.13,1338.24,Pharmacy,,Paid
INV000769,2025-10-02,C0145,P014,SR004,Southern,113,18.87,0.1,1919.08,11.75,591.33,Pharmacy,,Paid
INV000770,2026-03-13,C0024,P002,SR007,Central,123,20.37,0.08,2305.07,9.86,1092.29,Clinic,,Paid
INV000771,2026-05-23,C0135,P017,SR004,Southern,79,60.49,0.05,4539.77,30.19,2154.76,Clinic,CAM012,Paid
INV000772,2025-05-11,C0176,P010,SR005,East Coast,138,17.45,0.05,2287.69,11.04,764.17,Hospital,,Paid
INV000773,2025-03-20,C0012,P017,SR002,Kuala Lumpur,135,60.49,0.05,7757.84,30.19,3682.19,Pharmacy,CAM002,Paid
INV000774,2025-03-25,C0129,P001,SR006,East Malaysia,174,34.05,0.05,5628.46,21.72,1849.18,Clinic,,Pending
INV000775,2025-02-16,C0022,P014,SR012,East Malaysia,85,18.87,0.05,1523.75,11.75,525.0,Hospital,,Paid
INV000776,2025-09-29,C0088,P006,SR003,Northern,52,28.44,0,1478.88,16.3,631.28,Distributor,,Paid
INV000777,2025-04-19,C0112,P018,SR005,East Coast,6,17.27,0.03,100.51,8.38,50.23,Pharmacy,CAM003,Paid
INV000778,2026-02-19,C0169,P016,SR010,Southern,163,23.84,0.1,3497.33,14.05,1207.18,Hospital,,Paid
INV000779,2026-02-09,C0078,P003,SR004,Southern,39,31.96,0,1246.44,20.33,453.57,Clinic,,Paid
INV000780,2025-01-17,C0179,P007,SR004,Southern,58,53.96,0.05,2973.2,26.47,1437.94,Pharmacy,CAM001,Paid
INV000781,2025-07-15,C0023,P010,SR011,East Coast,42,17.45,0.05,696.25,11.04,232.57,Clinic,CAM005,Pending
INV000782,2026-04-01,C0125,P016,SR002,Kuala Lumpur,120,23.84,0.05,2717.76,14.05,1031.76,Clinic,CAM011,Paid
INV000783,2025-01-09,C0027,P014,SR007,Central,131,18.87,0.08,2274.21,11.75,734.96,Hospital,,Paid
INV000784,2025-10-25,C0010,P016,SR009,Northern,129,23.84,0.05,2921.59,14.05,1109.14,Pharmacy,,Overdue
INV000785,2026-05-15,C0060,P002,SR005,East Coast,113,20.37,0.05,2186.72,9.86,1072.54,Distributor,,Paid
INV000786,2026-03-04,C0122,P004,SR012,East Malaysia,164,19.97,0.15,2783.82,10.13,1122.5,Pharmacy,,Paid
INV000787,2025-01-22,C0042,P010,SR004,Southern,125,17.45,0.03,2115.81,11.04,735.81,Hospital,CAM001,Paid
INV000788,2025-12-14,C0155,P015,SR004,Southern,80,11.13,0.08,819.17,6.38,308.77,Hospital,,Paid
INV000789,2026-01-04,C0121,P006,SR003,Northern,77,28.44,0.08,2014.69,16.3,759.59,Distributor,CAM009,Paid
INV000790,2025-07-24,C0041,P016,SR006,East Malaysia,111,23.84,0.15,2249.3,14.05,689.75,Clinic,,Paid
INV000791,2025-02-18,C0005,P012,SR009,Northern,96,23.6,0.08,2084.35,11.86,945.79,Pharmacy,CAM002,Pending
INV000792,2025-12-12,C0111,P004,SR002,Kuala Lumpur,35,19.97,0.05,664.0,10.13,309.45,Pharmacy,,Overdue
INV000793,2025-12-30,C0012,P018,SR008,Kuala Lumpur,43,17.27,0.1,668.35,8.38,308.01,Pharmacy,,Paid
INV000794,2025-04-17,C0013,P015,SR011,East Coast,33,11.13,0.15,312.2,6.38,101.66,Pharmacy,,Paid
INV000795,2025-04-15,C0144,P002,SR004,Southern,47,20.37,0.05,909.52,9.86,446.1,Pharmacy,,Pending
INV000796,2025-06-10,C0075,P015,SR009,Northern,30,11.13,0,333.9,6.38,142.5,Pharmacy,,Pending
INV000797,2025-05-06,C0052,P015,SR008,Kuala Lumpur,6,11.13,0,66.78,6.38,28.5,Clinic,,Pending
INV000798,2025-12-16,C0074,P017,SR006,East Malaysia,26,60.49,0.03,1525.56,30.19,740.62,Pharmacy,,Paid
INV000799,2025-09-09,C0039,P017,SR007,Central,63,60.49,0,3810.87,30.19,1908.9,Distributor,,Pending
INV000800,2026-04-15,C0133,P012,SR001,Central,118,23.6,0,2784.8,11.86,1385.32,Clinic,CAM011,Paid
INV000801,2025-11-19,C0103,P006,SR008,Kuala Lumpur,20,28.44,0.03,551.74,16.3,225.74,Clinic,CAM008,Pending
INV000802,2025-03-01,C0162,P017,SR007,Central,112,60.49,0.05,6436.14,30.19,3054.86,Hospital,,Paid
INV000803,2025-11-08,C0081,P012,SR004,Southern,76,23.6,0.1,1614.24,11.86,712.88,Pharmacy,,Paid
INV000804,2025-05-31,C0180,P013,SR007,Central,169,14.36,0,2426.84,8.98,909.22,Clinic,,Pending
INV000805,2026-03-29,C0179,P012,SR010,Southern,55,23.6,0.1,1168.2,11.86,515.9,Pharmacy,CAM011,Paid
INV000806,2025-05-10,C0134,P018,SR008,Kuala Lumpur,59,17.27,0,1018.93,8.38,524.51,Distributor,,Paid
INV000807,2026-06-18,C0088,P006,SR003,Northern,12,28.44,0.1,307.15,16.3,111.55,Distributor,,Paid
INV000808,2025-09-22,C0062,P010,SR008,Kuala Lumpur,134,17.45,0,2338.3,11.04,858.94,Pharmacy,CAM006,Paid
INV000809,2026-06-04,C0091,P004,SR003,Northern,171,19.97,0.15,2902.64,10.13,1170.41,Clinic,,Paid
INV000810,2025-01-06,C0117,P011,SR004,Southern,153,15.5,0.05,2252.92,7.06,1172.74,Distributor,,Paid
INV000811,2025-08-28,C0090,P010,SR008,Kuala Lumpur,175,17.45,0.08,2809.45,11.04,877.45,Hospital,,Paid
INV000812,2026-01-22,C0134,P008,SR002,Kuala Lumpur,88,17.6,0.05,1471.36,7.93,773.52,Distributor,CAM009,Paid
INV000813,2025-05-31,C0109,P014,SR006,East Malaysia,28,18.87,0,528.36,11.75,199.36,Clinic,,Paid
INV000814,2026-04-02,C0020,P012,SR007,Central,155,23.6,0.05,3475.1,11.86,1636.8,Clinic,,Pending
INV000815,2026-05-26,C0163,P014,SR010,Southern,130,18.87,0.08,2256.85,11.75,729.35,Clinic,,Paid
INV000816,2026-06-02,C0033,P016,SR012,East Malaysia,38,23.84,0.15,770.03,14.05,236.13,Hospital,,Paid
INV000817,2025-08-06,C0117,P016,SR004,Southern,45,23.84,0.15,911.88,14.05,279.63,Distributor,,Overdue
INV000818,2026-02-23,C0029,P004,SR011,East Coast,151,19.97,0.03,2925.01,10.13,1395.38,Distributor,,Paid
INV000819,2025-11-09,C0096,P010,SR011,East Coast,129,17.45,0,2251.05,11.04,826.89,Hospital,,Paid
INV000820,2026-03-08,C0013,P010,SR011,East Coast,60,17.45,0,1047.0,11.04,384.6,Pharmacy,,Paid
INV000821,2025-12-24,C0018,P002,SR008,Kuala Lumpur,128,20.37,0.05,2476.99,9.86,1214.91,Hospital,,Pending
INV000822,2026-01-22,C0122,P005,SR006,East Malaysia,134,48.8,0.05,6212.24,23.91,3008.3,Pharmacy,,Paid
INV000823,2025-06-02,C0084,P003,SR011,East Coast,104,31.96,0,3323.84,20.33,1209.52,Distributor,,Paid
INV000824,2026-03-30,C0072,P003,SR004,Southern,11,31.96,0.05,333.98,20.33,110.35,Clinic,,Paid
INV000825,2025-05-07,C0165,P018,SR006,East Malaysia,54,17.27,0.15,792.69,8.38,340.17,Clinic,,Paid
INV000826,2025-02-24,C0146,P017,SR005,East Coast,126,60.49,0.05,7240.65,30.19,3436.71,Clinic,CAM002,Overdue
INV000827,2025-10-09,C0053,P008,SR007,Central,26,17.6,0.1,411.84,7.93,205.66,Clinic,,Paid
INV000828,2025-02-16,C0126,P001,SR008,Kuala Lumpur,116,34.05,0,3949.8,21.72,1430.28,Hospital,CAM002,Paid
INV000829,2025-04-04,C0030,P004,SR005,East Coast,78,19.97,0,1557.66,10.13,767.52,Pharmacy,CAM002,Paid
INV000830,2026-02-22,C0174,P006,SR004,Southern,162,28.44,0.15,3916.19,16.3,1275.59,Hospital,CAM010,Paid
INV000831,2025-04-12,C0082,P005,SR010,Southern,87,48.8,0.03,4118.23,23.91,2038.06,Clinic,,Pending
INV000832,2025-02-23,C0052,P008,SR002,Kuala Lumpur,131,17.6,0.05,2190.32,7.93,1151.49,Clinic,,Overdue
INV000833,2025-10-03,C0016,P011,SR011,East Coast,146,15.5,0.05,2149.85,7.06,1119.09,Clinic,,Paid
INV000834,2025-08-28,C0005,P009,SR003,Northern,68,9.93,0.08,621.22,6.14,203.7,Pharmacy,,Paid
INV000835,2026-02-21,C0115,P003,SR004,Southern,41,31.96,0.03,1271.05,20.33,437.52,Pharmacy,,Pending
INV000836,2026-03-10,C0143,P015,SR002,Kuala Lumpur,5,11.13,0.1,50.09,6.38,18.19,Clinic,,Paid
INV000837,2025-06-21,C0001,P002,SR010,Southern,74,20.37,0.05,1432.01,9.86,702.37,Pharmacy,,Pending
INV000838,2026-01-25,C0090,P007,SR008,Kuala Lumpur,16,53.96,0,863.36,26.47,439.84,Hospital,,Paid
INV000839,2025-04-02,C0102,P004,SR004,Southern,147,19.97,0.15,2495.25,10.13,1006.14,Pharmacy,,Paid
INV000840,2026-06-01,C0082,P011,SR010,Southern,120,15.5,0.03,1804.2,7.06,957.0,Clinic,,Paid
INV000841,2025-08-04,C0118,P011,SR006,East Malaysia,39,15.5,0.05,574.27,7.06,298.93,Hospital,CAM005,Paid
INV000842,2025-01-10,C0173,P006,SR012,East Malaysia,147,28.44,0.1,3762.61,16.3,1366.51,Clinic,,Pending
INV000843,2025-03-25,C0167,P003,SR003,Northern,176,31.96,0.05,5343.71,20.33,1765.63,Clinic,CAM002,Pending
INV000844,2026-01-02,C0100,P006,SR004,Southern,36,28.44,0.05,972.65,16.3,385.85,Clinic,,Paid
INV000845,2025-08-15,C0006,P009,SR012,East Malaysia,54,9.93,0,536.22,6.14,204.66,Clinic,,Paid
INV000846,2025-08-15,C0060,P016,SR011,East Coast,14,23.84,0.03,323.75,14.05,127.05,Distributor,,Paid
INV000847,2025-08-03,C0002,P007,SR007,Central,33,53.96,0.1,1602.61,26.47,729.1,Clinic,,Paid
INV000848,2025-07-18,C0169,P006,SR004,Southern,155,28.44,0,4408.2,16.3,1881.7,Hospital,CAM005,Overdue
INV000849,2025-08-22,C0134,P009,SR002,Kuala Lumpur,178,9.93,0,1767.54,6.14,674.62,Distributor,,Paid
INV000850,2025-09-16,C0175,P018,SR009,Northern,5,17.27,0.15,73.4,8.38,31.5,Hospital,,Overdue
INV000851,2025-02-23,C0083,P014,SR010,Southern,75,18.87,0,1415.25,11.75,534.0,Pharmacy,,Paid
INV000852,2026-06-14,C0012,P008,SR002,Kuala Lumpur,76,17.6,0.1,1203.84,7.93,601.16,Pharmacy,,Paid
INV000853,2025-11-20,C0002,P013,SR001,Central,90,14.36,0,1292.4,8.98,484.2,Clinic,,Paid
INV000854,2025-08-20,C0177,P014,SR004,Southern,68,18.87,0,1283.16,11.75,484.16,Hospital,CAM005,Paid
INV000855,2025-04-10,C0008,P016,SR009,Northern,11,23.84,0.05,249.13,14.05,94.58,Clinic,,Paid
INV000856,2025-09-14,C0064,P004,SR010,Southern,66,19.97,0.15,1120.32,10.13,451.74,Clinic,,Pending
INV000857,2026-06-17,C0061,P003,SR011,East Coast,29,31.96,0.05,880.5,20.33,290.93,Pharmacy,,Paid
INV000858,2025-03-29,C0016,P002,SR011,East Coast,85,20.37,0.1,1558.31,9.86,720.21,Clinic,,Pending
INV000859,2025-03-05,C0114,P002,SR007,Central,161,20.37,0.05,3115.59,9.86,1528.13,Hospital,CAM002,Paid
INV000860,2025-10-29,C0098,P013,SR006,East Malaysia,163,14.36,0.08,2153.43,8.98,689.69,Distributor,CAM007,Paid
INV000861,2026-04-21,C0110,P004,SR008,Kuala Lumpur,171,19.97,0.15,2902.64,10.13,1170.41,Hospital,,Paid
INV000862,2025-12-03,C0151,P007,SR002,Kuala Lumpur,31,53.96,0,1672.76,26.47,852.19,Distributor,,Paid
INV000863,2025-07-18,C0147,P005,SR010,Southern,95,48.8,0.05,4404.2,23.91,2132.75,Pharmacy,,Paid
INV000864,2025-09-06,C0036,P002,SR001,Central,37,20.37,0.03,731.08,9.86,366.26,Distributor,,Overdue
INV000865,2026-01-02,C0080,P018,SR005,East Coast,42,17.27,0.05,689.07,8.38,337.11,Hospital,,Paid
INV000866,2025-01-09,C0133,P005,SR001,Central,65,48.8,0.05,3013.4,23.91,1459.25,Clinic,,Pending
INV000867,2026-03-09,C0089,P007,SR001,Central,168,53.96,0.1,8158.75,26.47,3711.79,Hospital,,Paid
INV000868,2026-05-03,C0178,P015,SR007,Central,153,11.13,0.05,1617.75,6.38,641.61,Hospital,CAM011,Paid
INV000869,2025-06-16,C0027,P015,SR001,Central,131,11.13,0,1458.03,6.38,622.25,Hospital,CAM004,Paid
INV000870,2026-04-23,C0160,P007,SR006,East Malaysia,128,53.96,0.08,6354.33,26.47,2966.17,Distributor,,Paid
INV000871,2026-01-20,C0053,P013,SR001,Central,6,14.36,0.03,83.58,8.98,29.7,Clinic,CAM009,Paid
INV000872,2025-05-26,C0075,P015,SR003,Northern,166,11.13,0.05,1755.2,6.38,696.12,Pharmacy,,Paid
INV000873,2025-01-31,C0051,P007,SR007,Central,49,53.96,0,2644.04,26.47,1347.01,Hospital,CAM001,Paid
INV000874,2025-09-09,C0046,P007,SR001,Central,50,53.96,0.1,2428.2,26.47,1104.7,Clinic,,Paid
INV000875,2025-05-21,C0098,P004,SR012,East Malaysia,58,19.97,0.03,1123.51,10.13,535.97,Distributor,CAM004,Paid
INV000876,2026-06-24,C0160,P014,SR006,East Malaysia,35,18.87,0,660.45,11.75,249.2,Distributor,,Overdue
INV000877,2025-07-14,C0050,P018,SR012,East Malaysia,100,17.27,0.03,1675.19,8.38,837.19,Distributor,,Paid
INV000878,2025-02-17,C0158,P007,SR010,Southern,43,53.96,0.03,2250.67,26.47,1112.46,Pharmacy,CAM002,Pending
INV000879,2026-06-05,C0150,P016,SR005,East Coast,25,23.84,0.08,548.32,14.05,197.07,Pharmacy,,Paid
INV000880,2025-06-21,C0131,P013,SR007,Central,132,14.36,0.05,1800.74,8.98,615.38,Hospital,,Paid
INV000881,2026-01-18,C0135,P016,SR010,Southern,126,23.84,0.03,2913.72,14.05,1143.42,Clinic,,Overdue
INV000882,2025-02-07,C0054,P008,SR005,East Coast,120,17.6,0.1,1900.8,7.93,949.2,Pharmacy,,Paid
INV000883,2026-01-22,C0147,P006,SR010,Southern,70,28.44,0.05,1891.26,16.3,750.26,Pharmacy,CAM009,Paid
INV000884,2026-06-16,C0091,P008,SR003,Northern,124,17.6,0.05,2073.28,7.93,1089.96,Clinic,,Paid
INV000885,2026-04-07,C0120,P014,SR011,East Coast,99,18.87,0.1,1681.32,11.75,518.07,Pharmacy,CAM011,Paid
INV000886,2026-03-29,C0060,P009,SR005,East Coast,96,9.93,0.1,857.95,6.14,268.51,Distributor,CAM011,Pending
INV000887,2025-08-22,C0026,P004,SR004,Southern,97,19.97,0,1937.09,10.13,954.48,Hospital,CAM005,Paid
INV000888,2025-09-14,C0078,P009,SR004,Southern,159,9.93,0.15,1342.04,6.14,365.78,Clinic,,Pending
INV000889,2025-09-25,C0003,P010,SR011,East Coast,93,17.45,0.08,1493.02,11.04,466.3,Pharmacy,,Paid
INV000890,2025-01-13,C0121,P017,SR003,Northern,106,60.49,0,6411.94,30.19,3211.8,Distributor,,Paid
INV000891,2025-08-28,C0133,P018,SR007,Central,123,17.27,0.03,2060.48,8.38,1029.74,Clinic,CAM006,Paid
INV000892,2026-03-04,C0054,P015,SR011,East Coast,147,11.13,0,1636.11,6.38,698.25,Pharmacy,CAM010,Paid
INV000893,2025-01-10,C0128,P012,SR009,Northern,62,23.6,0.05,1390.04,11.86,654.72,Hospital,,Paid
INV000894,2025-11-03,C0084,P001,SR005,East Coast,40,34.05,0,1362.0,21.72,493.2,Distributor,,Overdue
INV000895,2025-12-05,C0146,P013,SR011,East Coast,57,14.36,0.15,695.74,8.98,183.88,Clinic,CAM008,Paid
INV000896,2025-04-22,C0085,P015,SR008,Kuala Lumpur,28,11.13,0,311.64,6.38,133.0,Pharmacy,,Paid
INV000897,2026-05-16,C0007,P006,SR001,Central,22,28.44,0.1,563.11,16.3,204.51,Clinic,,Paid
INV000898,2025-10-26,C0169,P017,SR004,Southern,121,60.49,0,7319.29,30.19,3666.3,Hospital,,Paid
INV000899,2026-02-25,C0101,P006,SR003,Northern,38,28.44,0.05,1026.68,16.3,407.28,Distributor,,Paid
INV000900,2025-07-31,C0034,P007,SR008,Kuala Lumpur,115,53.96,0.1,5584.86,26.47,2540.81,Pharmacy,,Paid
INV000901,2025-11-14,C0151,P007,SR008,Kuala Lumpur,75,53.96,0,4047.0,26.47,2061.75,Distributor,,Paid
INV000902,2026-02-13,C0155,P008,SR010,Southern,150,17.6,0.1,2376.0,7.93,1186.5,Hospital,,Paid
INV000903,2025-04-04,C0074,P015,SR012,East Malaysia,81,11.13,0.03,874.48,6.38,357.7,Pharmacy,,Pending
INV000904,2026-03-02,C0064,P006,SR010,Southern,122,28.44,0.03,3365.59,16.3,1376.99,Clinic,,Paid
INV000905,2025-04-08,C0101,P002,SR003,Northern,45,20.37,0.03,889.15,9.86,445.45,Distributor,,Paid
INV000906,2025-03-10,C0179,P007,SR010,Southern,110,53.96,0.15,5045.26,26.47,2133.56,Pharmacy,,Overdue
INV000907,2025-03-20,C0027,P017,SR007,Central,109,60.49,0.05,6263.74,30.19,2973.03,Hospital,CAM002,Paid
INV000908,2025-03-16,C0164,P015,SR011,East Coast,92,11.13,0.08,942.04,6.38,355.08,Pharmacy,,Paid
INV000909,2025-01-11,C0065,P004,SR006,East Malaysia,88,19.97,0.08,1616.77,10.13,725.33,Pharmacy,,Paid
INV000910,2025-03-26,C0141,P008,SR012,East Malaysia,40,17.6,0.05,668.8,7.93,351.6,Clinic,CAM002,Paid
INV000911,2025-01-19,C0156,P004,SR001,Central,80,19.97,0,1597.6,10.13,787.2,Distributor,,Paid
INV000912,2025-01-12,C0174,P009,SR004,Southern,117,9.93,0.03,1126.96,6.14,408.58,Hospital,CAM001,Pending
INV000913,2026-06-30,C0056,P015,SR003,Northern,167,11.13,0.1,1672.84,6.38,607.38,Pharmacy,,Paid
INV000914,2025-04-16,C0100,P010,SR010,Southern,18,17.45,0.05,298.39,11.04,99.67,Clinic,CAM003,Pending
INV000915,2025-09-13,C0096,P008,SR005,East Coast,28,17.6,0,492.8,7.93,270.76,Hospital,CAM006,Paid
INV000916,2025-07-16,C0175,P003,SR003,Northern,29,31.96,0.08,852.69,20.33,263.12,Hospital,,Paid
INV000917,2025-06-21,C0012,P014,SR002,Kuala Lumpur,88,18.87,0.03,1610.74,11.75,576.74,Pharmacy,,Paid
INV000918,2025-08-01,C0139,P013,SR008,Kuala Lumpur,35,14.36,0,502.6,8.98,188.3,Clinic,CAM005,Paid
INV000919,2026-02-16,C0168,P011,SR003,Northern,104,15.5,0,1612.0,7.06,877.76,Clinic,CAM010,Paid
INV000920,2026-01-13,C0012,P003,SR002,Kuala Lumpur,110,31.96,0.03,3410.13,20.33,1173.83,Pharmacy,,Overdue
INV000921,2025-04-15,C0138,P006,SR010,Southern,29,28.44,0.05,783.52,16.3,310.82,Hospital,,Paid
INV000922,2025-05-17,C0086,P006,SR009,Northern,175,28.44,0.05,4728.15,16.3,1875.65,Clinic,CAM004,Paid
INV000923,2025-08-27,C0129,P001,SR006,East Malaysia,10,34.05,0.05,323.47,21.72,106.27,Clinic,,Paid
INV000924,2026-03-15,C0063,P003,SR002,Kuala Lumpur,40,31.96,0.03,1240.05,20.33,426.85,Clinic,,Paid
INV000925,2025-06-05,C0097,P007,SR001,Central,65,53.96,0.15,2981.29,26.47,1260.74,Pharmacy,,Overdue
INV000926,2025-12-03,C0035,P009,SR009,Northern,169,9.93,0.08,1543.92,6.14,506.26,Clinic,CAM008,Paid
INV000927,2025-10-23,C0007,P008,SR007,Central,92,17.6,0,1619.2,7.93,889.64,Clinic,,Pending
INV000928,2025-09-12,C0176,P008,SR011,East Coast,138,17.6,0.03,2355.94,7.93,1261.6,Hospital,,Paid
INV000929,2026-05-19,C0018,P007,SR002,Kuala Lumpur,167,53.96,0.15,7659.62,26.47,3239.13,Hospital,,Paid
INV000930,2025-06-27,C0152,P018,SR006,East Malaysia,65,17.27,0.05,1066.42,8.38,521.72,Hospital,,Paid
INV000931,2026-04-24,C0080,P006,SR005,East Coast,67,28.44,0.05,1810.21,16.3,718.11,Hospital,,Paid
INV000932,2026-04-05,C0163,P007,SR010,Southern,128,53.96,0,6906.88,26.47,3518.72,Clinic,,Paid
INV000933,2025-06-21,C0121,P015,SR009,Northern,134,11.13,0.05,1416.85,6.38,561.93,Distributor,,Paid
INV000934,2025-06-09,C0124,P001,SR007,Central,114,34.05,0.1,3493.53,21.72,1017.45,Hospital,,Overdue
INV000935,2025-06-06,C0142,P006,SR012,East Malaysia,102,28.44,0.05,2755.84,16.3,1093.24,Pharmacy,,Paid
INV000936,2026-05-08,C0019,P011,SR005,East Coast,125,15.5,0,1937.5,7.06,1055.0,Hospital,,Paid
INV000937,2026-05-28,C0096,P016,SR011,East Coast,111,23.84,0.15,2249.3,14.05,689.75,Hospital,,Paid
INV000938,2026-05-17,C0079,P003,SR010,Southern,14,31.96,0.15,380.32,20.33,95.7,Hospital,CAM012,Paid
INV000939,2026-03-23,C0066,P012,SR011,East Coast,167,23.6,0.08,3625.9,11.86,1645.28,Pharmacy,,Paid
INV000940,2026-01-30,C0109,P008,SR006,East Malaysia,127,17.6,0,2235.2,7.93,1228.09,Clinic,,Paid
INV000941,2025-01-29,C0179,P005,SR010,Southern,159,48.8,0.05,7371.24,23.91,3569.55,Pharmacy,,Paid
INV000942,2025-06-15,C0004,P004,SR005,East Coast,169,19.97,0.08,3104.94,10.13,1392.97,Pharmacy,,Paid
INV000943,2025-03-24,C0133,P007,SR007,Central,47,53.96,0.1,2282.51,26.47,1038.42,Clinic,CAM002,Paid
INV000944,2026-06-30,C0169,P013,SR010,Southern,110,14.36,0.08,1453.23,8.98,465.43,Hospital,,Overdue
INV000945,2025-04-02,C0028,P012,SR004,Southern,73,23.6,0.08,1584.98,11.86,719.2,Clinic,,Paid
INV000946,2025-11-12,C0002,P006,SR007,Central,5,28.44,0,142.2,16.3,60.7,Clinic,,Paid
INV000947,2026-03-03,C0168,P010,SR009,Northern,48,17.45,0,837.6,11.04,307.68,Clinic,CAM010,Paid
INV000948,2025-07-06,C0129,P004,SR012,East Malaysia,150,19.97,0.1,2695.95,10.13,1176.45,Clinic,CAM005,Pending
INV000949,2025-07-16,C0067,P014,SR008,Kuala Lumpur,165,18.87,0.1,2802.2,11.75,863.45,Pharmacy,CAM005,Paid
INV000950,2025-03-29,C0097,P004,SR007,Central,21,19.97,0.03,406.79,10.13,194.06,Pharmacy,,Paid
INV000951,2025-04-14,C0003,P002,SR011,East Coast,6,20.37,0.08,112.44,9.86,53.28,Pharmacy,,Paid
INV000952,2025-08-05,C0134,P001,SR008,Kuala Lumpur,159,34.05,0.05,5143.25,21.72,1689.77,Distributor,,Paid
INV000953,2026-05-13,C0122,P011,SR012,East Malaysia,91,15.5,0.03,1368.18,7.06,725.72,Pharmacy,,Overdue
INV000954,2025-09-03,C0093,P013,SR010,Southern,161,14.36,0,2311.96,8.98,866.18,Pharmacy,,Paid
INV000955,2025-04-13,C0001,P015,SR010,Southern,40,11.13,0,445.2,6.38,190.0,Pharmacy,CAM003,Overdue
INV000956,2025-09-12,C0095,P015,SR011,East Coast,136,11.13,0.05,1438.0,6.38,570.32,Pharmacy,CAM006,Paid
INV000957,2026-01-04,C0012,P011,SR008,Kuala Lumpur,64,15.5,0.05,942.4,7.06,490.56,Pharmacy,,Paid
INV000958,2025-03-25,C0090,P014,SR008,Kuala Lumpur,173,18.87,0.1,2938.06,11.75,905.31,Hospital,,Pending
INV000959,2025-10-28,C0156,P007,SR001,Central,138,53.96,0.1,6701.83,26.47,3048.97,Distributor,,Paid
INV000960,2025-02-02,C0033,P016,SR006,East Malaysia,82,23.84,0.1,1759.39,14.05,607.29,Hospital,,Overdue
INV000961,2026-04-24,C0044,P015,SR001,Central,128,11.13,0.08,1310.67,6.38,494.03,Clinic,CAM011,Paid
INV000962,2025-04-02,C0028,P014,SR004,Southern,46,18.87,0.15,737.82,11.75,197.32,Clinic,CAM003,Pending
INV000963,2025-08-14,C0066,P016,SR005,East Coast,175,23.84,0,4172.0,14.05,1713.25,Pharmacy,,Pending
INV000964,2025-04-03,C0178,P011,SR001,Central,152,15.5,0.08,2167.52,7.06,1094.4,Hospital,,Paid
INV000965,2026-01-22,C0098,P018,SR012,East Malaysia,64,17.27,0,1105.28,8.38,568.96,Distributor,CAM009,Paid
INV000966,2025-12-15,C0152,P007,SR006,East Malaysia,151,53.96,0.03,7903.52,26.47,3906.55,Hospital,,Overdue
INV000967,2025-01-02,C0080,P002,SR005,East Coast,104,20.37,0.15,1800.71,9.86,775.27,Hospital,CAM001,Pending
INV000968,2025-05-10,C0134,P008,SR002,Kuala Lumpur,106,17.6,0,1865.6,7.93,1025.02,Distributor,,Pending
INV000969,2025-11-20,C0038,P010,SR003,Northern,132,17.45,0.08,2119.13,11.04,661.85,Pharmacy,CAM008,Paid
INV000970,2025-02-05,C0154,P011,SR011,East Coast,133,15.5,0.15,1752.27,7.06,813.29,Clinic,CAM001,Paid
INV000971,2025-08-09,C0127,P010,SR008,Kuala Lumpur,20,17.45,0.15,296.65,11.04,75.85,Pharmacy,CAM005,Pending
INV000972,2025-08-19,C0180,P002,SR001,Central,129,20.37,0.08,2417.51,9.86,1145.57,Clinic,CAM005,Overdue
INV000973,2026-02-06,C0087,P014,SR007,Central,94,18.87,0.08,1631.88,11.75,527.38,Clinic,,Paid
INV000974,2026-06-25,C0073,P010,SR005,East Coast,145,17.45,0.03,2454.34,11.04,853.54,Pharmacy,,Paid
INV000975,2025-02-25,C0078,P015,SR004,Southern,152,11.13,0,1691.76,6.38,722.0,Clinic,,Paid
INV000976,2025-05-29,C0054,P007,SR005,East Coast,171,53.96,0,9227.16,26.47,4700.79,Pharmacy,,Paid
INV000977,2025-06-01,C0097,P014,SR001,Central,19,18.87,0,358.53,11.75,135.28,Pharmacy,,Paid
INV000978,2025-02-23,C0031,P017,SR007,Central,156,60.49,0.05,8964.62,30.19,4254.98,Pharmacy,CAM002,Paid
INV000979,2025-05-02,C0062,P013,SR008,Kuala Lumpur,82,14.36,0.08,1083.32,8.98,346.96,Pharmacy,,Overdue
INV000980,2026-01-20,C0178,P003,SR007,Central,171,31.96,0.03,5301.21,20.33,1824.78,Hospital,,Paid
INV000981,2025-01-12,C0031,P004,SR001,Central,36,19.97,0.05,682.97,10.13,318.29,Pharmacy,,Paid
INV000982,2025-01-24,C0151,P016,SR008,Kuala Lumpur,29,23.84,0.08,636.05,14.05,228.6,Distributor,CAM001,Overdue
INV000983,2026-03-21,C0077,P005,SR002,Kuala Lumpur,88,48.8,0,4294.4,23.91,2190.32,Hospital,,Pending
INV000984,2025-07-09,C0104,P001,SR012,East Malaysia,147,34.05,0.1,4504.81,21.72,1311.97,Pharmacy,,Paid
INV000985,2025-03-07,C0133,P018,SR001,Central,58,17.27,0.15,851.41,8.38,365.37,Clinic,,Paid
INV000986,2025-07-04,C0002,P018,SR007,Central,85,17.27,0,1467.95,8.38,755.65,Clinic,CAM005,Paid
INV000987,2025-03-31,C0144,P009,SR004,Southern,26,9.93,0.15,219.45,6.14,59.81,Pharmacy,,Paid
INV000988,2025-06-25,C0109,P001,SR006,East Malaysia,81,34.05,0,2758.05,21.72,998.73,Clinic,,Overdue
INV000989,2025-10-28,C0169,P018,SR010,Southern,40,17.27,0.05,656.26,8.38,321.06,Hospital,,Paid
INV000990,2025-12-27,C0156,P018,SR001,Central,30,17.27,0.08,476.65,8.38,225.25,Distributor,CAM008,Paid
INV000991,2025-11-03,C0056,P005,SR003,Northern,156,48.8,0.03,7384.42,23.91,3654.46,Pharmacy,,Paid
INV000992,2026-03-09,C0020,P018,SR007,Central,71,17.27,0.03,1189.38,8.38,594.4,Clinic,,Paid
INV000993,2025-03-27,C0066,P014,SR005,East Coast,142,18.87,0,2679.54,11.75,1011.04,Pharmacy,,Paid
INV000994,2025-07-17,C0096,P017,SR005,East Coast,112,60.49,0.1,6097.39,30.19,2716.11,Hospital,CAM005,Paid
INV000995,2025-09-11,C0020,P009,SR001,Central,141,9.93,0,1400.13,6.14,534.39,Clinic,,Paid
INV000996,2025-04-02,C0093,P011,SR010,Southern,42,15.5,0.1,585.9,7.06,289.38,Pharmacy,CAM002,Paid
INV000997,2025-08-16,C0097,P004,SR001,Central,49,19.97,0.05,929.6,10.13,433.23,Pharmacy,,Paid
INV000998,2026-05-17,C0025,P017,SR012,East Malaysia,151,60.49,0.1,8220.59,30.19,3661.9,Hospital,,Paid
INV000999,2025-02-19,C0044,P011,SR007,Central,51,15.5,0.03,766.78,7.06,406.72,Clinic,,Overdue
INV001000,2026-06-29,C0142,P013,SR012,East Malaysia,156,14.36,0,2240.16,8.98,839.28,Pharmacy,,Paid
INV001001,2026-06-10,C0040,P005,SR003,Northern,101,48.8,0.05,4682.36,23.91,2267.45,Pharmacy,CAM012,Paid
INV001002,2025-09-13,C0174,P014,SR010,Southern,51,18.87,0.05,914.25,11.75,315.0,Hospital,,Paid
INV001003,2025-10-21,C0071,P014,SR006,East Malaysia,83,18.87,0.05,1487.9,11.75,512.65,Pharmacy,CAM007,Paid
INV001004,2025-11-17,C0024,P003,SR001,Central,66,31.96,0.15,1792.96,20.33,451.18,Clinic,CAM008,Paid
INV001005,2025-10-20,C0142,P016,SR006,East Malaysia,113,23.84,0.08,2478.41,14.05,890.76,Pharmacy,,Paid
INV001006,2026-05-25,C0132,P018,SR002,Kuala Lumpur,108,17.27,0,1865.16,8.38,960.12,Hospital,CAM012,Paid
INV001007,2025-12-20,C0063,P017,SR002,Kuala Lumpur,160,60.49,0.05,9194.48,30.19,4364.08,Clinic,CAM008,Paid
INV001008,2026-01-11,C0035,P017,SR009,Northern,18,60.49,0.05,1034.38,30.19,490.96,Clinic,,Paid
INV001009,2025-04-26,C0087,P008,SR001,Central,79,17.6,0.03,1348.69,7.93,722.22,Clinic,CAM003,Paid
INV001010,2026-02-08,C0056,P010,SR003,Northern,123,17.45,0.1,1931.71,11.04,573.79,Pharmacy,,Pending
INV001011,2025-02-28,C0092,P001,SR008,Kuala Lumpur,89,34.05,0.03,2939.54,21.72,1006.46,Pharmacy,CAM002,Pending
INV001012,2025-07-10,C0103,P012,SR002,Kuala Lumpur,30,23.6,0.05,672.6,11.86,316.8,Clinic,CAM005,Paid
INV001013,2026-05-15,C0002,P005,SR007,Central,62,48.8,0.05,2874.32,23.91,1391.9,Clinic,,Paid
INV001014,2025-07-06,C0138,P009,SR004,Southern,117,9.93,0.08,1068.87,6.14,350.49,Hospital,,Paid
INV001015,2026-03-21,C0002,P012,SR001,Central,33,23.6,0,778.8,11.86,387.42,Clinic,,Paid
INV001016,2026-02-09,C0108,P011,SR005,East Coast,46,15.5,0.08,655.96,7.06,331.2,Clinic,,Overdue
INV001017,2025-09-30,C0031,P014,SR007,Central,145,18.87,0.05,2599.34,11.75,895.59,Pharmacy,,Paid
INV001018,2026-02-14,C0129,P013,SR006,East Malaysia,33,14.36,0.15,402.8,8.98,106.46,Clinic,,Paid
INV001019,2025-12-19,C0129,P001,SR006,East Malaysia,18,34.05,0.08,563.87,21.72,172.91,Clinic,,Overdue
INV001020,2025-01-09,C0112,P016,SR011,East Coast,77,23.84,0.05,1743.9,14.05,662.05,Pharmacy,,Paid
INV001021,2025-06-06,C0131,P006,SR001,Central,76,28.44,0.08,1988.52,16.3,749.72,Hospital,,Overdue
INV001022,2025-09-11,C0171,P014,SR001,Central,126,18.87,0.08,2187.41,11.75,706.91,Pharmacy,,Paid
INV001023,2026-05-30,C0157,P006,SR004,Southern,156,28.44,0.05,4214.81,16.3,1672.01,Pharmacy,CAM012,Paid
INV001024,2025-02-09,C0071,P007,SR006,East Malaysia,114,53.96,0,6151.44,26.47,3133.86,Pharmacy,CAM001,Paid
INV001025,2026-06-22,C0079,P008,SR004,Southern,91,17.6,0.05,1521.52,7.93,799.89,Hospital,,Paid
INV001026,2026-03-14,C0165,P002,SR012,East Malaysia,33,20.37,0.03,652.04,9.86,326.66,Clinic,,Paid
INV001027,2025-12-26,C0108,P008,SR011,East Coast,17,17.6,0,299.2,7.93,164.39,Clinic,CAM008,Paid
INV001028,2026-04-29,C0072,P004,SR010,Southern,52,19.97,0.03,1007.29,10.13,480.53,Clinic,,Paid
INV001029,2025-04-25,C0025,P001,SR006,East Malaysia,89,34.05,0.03,2939.54,21.72,1006.46,Hospital,,Pending
INV001030,2026-06-26,C0155,P012,SR004,Southern,171,23.6,0.03,3914.53,11.86,1886.47,Hospital,,Paid
INV001031,2025-03-31,C0028,P005,SR004,Southern,15,48.8,0.05,695.4,23.91,336.75,Clinic,,Paid
INV001032,2025-07-15,C0050,P015,SR006,East Malaysia,24,11.13,0.15,227.05,6.38,73.93,Distributor,,Paid
INV001033,2026-05-01,C0052,P018,SR002,Kuala Lumpur,16,17.27,0,276.32,8.38,142.24,Clinic,,Paid
INV001034,2025-12-22,C0094,P015,SR006,East Malaysia,116,11.13,0,1291.08,6.38,551.0,Pharmacy,,Overdue
INV001035,2026-05-31,C0006,P006,SR012,East Malaysia,38,28.44,0.03,1048.3,16.3,428.9,Clinic,,Paid
INV001036,2025-07-14,C0102,P016,SR004,Southern,47,23.84,0.05,1064.46,14.05,404.11,Pharmacy,,Paid
INV001037,2026-02-04,C0103,P009,SR002,Kuala Lumpur,52,9.93,0,516.36,6.14,197.08,Clinic,,Paid
INV001038,2025-01-10,C0132,P015,SR008,Kuala Lumpur,82,11.13,0.1,821.39,6.38,298.23,Hospital,CAM001,Paid
INV001039,2025-06-25,C0058,P002,SR005,East Coast,79,20.37,0,1609.23,9.86,830.29,Hospital,,Paid
INV001040,2025-10-12,C0035,P009,SR003,Northern,169,9.93,0.15,1426.44,6.14,388.78,Clinic,,Paid
INV001041,2025-04-29,C0001,P012,SR010,Southern,88,23.6,0,2076.8,11.86,1033.12,Pharmacy,,Paid
INV001042,2025-05-17,C0105,P010,SR012,East Malaysia,19,17.45,0.05,314.97,11.04,105.21,Hospital,CAM004,Paid
INV001043,2025-10-14,C0046,P009,SR001,Central,142,9.93,0.08,1297.26,6.14,425.38,Clinic,,Overdue
INV001044,2025-04-19,C0177,P013,SR010,Southern,165,14.36,0.05,2250.93,8.98,769.23,Hospital,,Pending
INV001045,2025-08-14,C0084,P009,SR005,East Coast,153,9.93,0.05,1443.33,6.14,503.91,Distributor,,Paid
INV001046,2026-04-02,C0060,P014,SR011,East Coast,42,18.87,0.1,713.29,11.75,219.79,Distributor,CAM011,Paid
INV001047,2025-06-30,C0049,P016,SR001,Central,170,23.84,0.03,3931.22,14.05,1542.72,Pharmacy,CAM005,Pending
INV001048,2025-07-12,C0018,P005,SR002,Kuala Lumpur,114,48.8,0,5563.2,23.91,2837.46,Hospital,,Overdue
INV001049,2025-04-13,C0135,P005,SR004,Southern,159,48.8,0,7759.2,23.91,3957.51,Clinic,,Paid
INV001050,2025-01-14,C0165,P002,SR006,East Malaysia,68,20.37,0.08,1274.35,9.86,603.87,Clinic,CAM001,Pending
INV001051,2025-01-10,C0028,P018,SR010,Southern,26,17.27,0,449.02,8.38,231.14,Clinic,,Paid
INV001052,2026-03-31,C0042,P010,SR010,Southern,127,17.45,0,2216.15,11.04,814.07,Hospital,CAM011,Paid
INV001053,2025-05-07,C0006,P002,SR006,East Malaysia,144,20.37,0.03,2845.28,9.86,1425.44,Clinic,,Paid
INV001054,2026-03-02,C0037,P001,SR002,Kuala Lumpur,11,34.05,0,374.55,21.72,135.63,Pharmacy,,Paid
INV001055,2025-10-21,C0058,P013,SR005,East Coast,130,14.36,0,1866.8,8.98,699.4,Hospital,CAM007,Overdue
INV001056,2025-10-16,C0092,P003,SR008,Kuala Lumpur,35,31.96,0.03,1085.04,20.33,373.49,Pharmacy,,Paid
INV001057,2025-02-14,C0155,P005,SR004,Southern,114,48.8,0.05,5285.04,23.91,2559.3,Hospital,,Paid
INV001058,2026-03-12,C0039,P010,SR007,Central,94,17.45,0.1,1476.27,11.04,438.51,Distributor,CAM010,Paid
INV001059,2025-09-29,C0020,P001,SR001,Central,172,34.05,0,5856.6,21.72,2120.76,Clinic,CAM007,Pending
INV001060,2026-05-05,C0018,P004,SR008,Kuala Lumpur,76,19.97,0,1517.72,10.13,747.84,Hospital,CAM011,Paid
INV001061,2026-01-30,C0091,P011,SR009,Northern,113,15.5,0.05,1663.92,7.06,866.14,Clinic,,Paid
INV001062,2025-12-08,C0036,P008,SR007,Central,112,17.6,0.05,1872.64,7.93,984.48,Distributor,,Paid
INV001063,2025-08-24,C0099,P003,SR012,East Malaysia,139,31.96,0.05,4220.32,20.33,1394.45,Pharmacy,,Pending
INV001064,2025-03-31,C0061,P012,SR005,East Coast,57,23.6,0.15,1143.42,11.86,467.4,Pharmacy,CAM002,Overdue
INV001065,2025-04-23,C0016,P012,SR011,East Coast,40,23.6,0.03,915.68,11.86,441.28,Clinic,CAM003,Paid
INV001066,2025-08-18,C0015,P005,SR005,East Coast,41,48.8,0.03,1940.78,23.91,960.47,Clinic,CAM006,Paid
INV001067,2025-04-19,C0170,P003,SR012,East Malaysia,157,31.96,0.1,4515.95,20.33,1324.14,Hospital,CAM003,Paid
INV001068,2025-09-08,C0020,P001,SR007,Central,43,34.05,0.08,1347.02,21.72,413.06,Clinic,,Paid
INV001069,2026-06-25,C0179,P010,SR010,Southern,110,17.45,0.08,1765.94,11.04,551.54,Pharmacy,,Paid
INV001070,2025-01-14,C0074,P004,SR006,East Malaysia,20,19.97,0.1,359.46,10.13,156.86,Pharmacy,CAM001,Paid
INV001071,2025-01-12,C0102,P014,SR010,Southern,146,18.87,0.08,2534.62,11.75,819.12,Pharmacy,CAM001,Paid
INV001072,2026-03-10,C0041,P009,SR006,East Malaysia,138,9.93,0.03,1329.23,6.14,481.91,Clinic,,Pending
INV001073,2026-02-15,C0159,P002,SR001,Central,105,20.37,0,2138.85,9.86,1103.55,Pharmacy,,Paid
INV001074,2025-03-21,C0178,P015,SR007,Central,85,11.13,0.08,870.37,6.38,328.07,Hospital,,Paid
INV001075,2025-02-25,C0096,P014,SR005,East Coast,74,18.87,0,1396.38,11.75,526.88,Hospital,CAM002,Paid
INV001076,2025-10-16,C0042,P018,SR004,Southern,21,17.27,0,362.67,8.38,186.69,Hospital,CAM007,Paid
INV001077,2025-07-26,C0164,P002,SR005,East Coast,73,20.37,0,1487.01,9.86,767.23,Pharmacy,,Paid
INV001078,2026-05-11,C0012,P002,SR008,Kuala Lumpur,28,20.37,0.15,484.81,9.86,208.73,Pharmacy,CAM012,Pending
INV001079,2026-02-12,C0129,P007,SR012,East Malaysia,105,53.96,0.08,5212.54,26.47,2433.19,Clinic,,Paid
INV001080,2025-04-10,C0085,P014,SR002,Kuala Lumpur,133,18.87,0.1,2258.74,11.75,695.99,Pharmacy,CAM003,Paid
INV001081,2025-02-08,C0075,P006,SR003,Northern,179,28.44,0.05,4836.22,16.3,1918.52,Pharmacy,,Paid
INV001082,2025-08-26,C0056,P005,SR003,Northern,133,48.8,0.05,6165.88,23.91,2985.85,Pharmacy,,Paid
INV001083,2025-12-16,C0115,P005,SR010,Southern,79,48.8,0.03,3739.54,23.91,1850.65,Pharmacy,,Paid
INV001084,2026-02-01,C0062,P007,SR002,Kuala Lumpur,44,53.96,0.05,2255.53,26.47,1090.85,Pharmacy,,Paid
INV001085,2025-01-16,C0037,P010,SR002,Kuala Lumpur,132,17.45,0,2303.4,11.04,846.12,Pharmacy,CAM001,Paid
INV001086,2025-10-14,C0148,P012,SR009,Northern,27,23.6,0,637.2,11.86,316.98,Pharmacy,,Paid
INV001087,2026-04-30,C0066,P015,SR005,East Coast,36,11.13,0.15,340.58,6.38,110.9,Pharmacy,,Paid
INV001088,2025-10-21,C0103,P014,SR002,Kuala Lumpur,117,18.87,0.03,2141.56,11.75,766.81,Clinic,,Overdue
INV001089,2026-01-18,C0022,P014,SR012,East Malaysia,72,18.87,0.1,1222.78,11.75,376.78,Hospital,,Paid
INV001090,2025-02-28,C0063,P018,SR002,Kuala Lumpur,44,17.27,0.1,683.89,8.38,315.17,Clinic,CAM002,Paid
INV001091,2025-03-16,C0058,P013,SR011,East Coast,176,14.36,0,2527.36,8.98,946.88,Hospital,,Paid
INV001092,2026-04-22,C0028,P003,SR004,Southern,32,31.96,0.1,920.45,20.33,269.89,Clinic,,Pending
INV001093,2025-07-24,C0103,P011,SR002,Kuala Lumpur,86,15.5,0.03,1293.01,7.06,685.85,Clinic,,Paid
INV001094,2026-05-03,C0030,P009,SR011,East Coast,14,9.93,0.05,132.07,6.14,46.11,Pharmacy,,Paid
INV001095,2025-08-07,C0082,P002,SR010,Southern,20,20.37,0.15,346.29,9.86,149.09,Clinic,,Paid
INV001096,2026-04-30,C0055,P002,SR003,Northern,10,20.37,0.15,173.15,9.86,74.55,Hospital,,Paid
INV001097,2025-06-30,C0022,P005,SR006,East Malaysia,75,48.8,0.05,3477.0,23.91,1683.75,Hospital,CAM005,Pending
INV001098,2026-06-22,C0055,P009,SR003,Northern,18,9.93,0,178.74,6.14,68.22,Hospital,,Pending
INV001099,2025-12-17,C0077,P006,SR002,Kuala Lumpur,94,28.44,0.15,2272.36,16.3,740.16,Hospital,,Paid
INV001100,2025-06-14,C0179,P014,SR010,Southern,151,18.87,0.03,2763.89,11.75,989.64,Pharmacy,CAM004,Paid
INV001101,2025-05-29,C0083,P011,SR004,Southern,43,15.5,0.1,599.85,7.06,296.27,Pharmacy,,Paid
INV001102,2025-11-21,C0030,P014,SR011,East Coast,138,18.87,0.08,2395.74,11.75,774.24,Pharmacy,,Overdue
INV001103,2025-05-09,C0163,P015,SR004,Southern,14,11.13,0,155.82,6.38,66.5,Clinic,,Overdue
INV001104,2026-03-07,C0179,P018,SR004,Southern,158,17.27,0.03,2646.8,8.38,1322.76,Pharmacy,,Overdue
INV001105,2025-01-15,C0095,P012,SR005,East Coast,82,23.6,0.1,1741.68,11.86,769.16,Pharmacy,,Pending
INV001106,2026-05-27,C0167,P015,SR009,Northern,110,11.13,0.03,1187.57,6.38,485.77,Clinic,,Paid
INV001107,2025-12-10,C0030,P006,SR011,East Coast,114,28.44,0.03,3144.9,16.3,1286.7,Pharmacy,,Paid
INV001108,2026-03-23,C0098,P010,SR012,East Malaysia,167,17.45,0.03,2826.73,11.04,983.05,Distributor,,Paid
INV001109,2025-04-12,C0023,P004,SR005,East Coast,171,19.97,0,3414.87,10.13,1682.64,Clinic,,Paid
INV001110,2025-04-13,C0163,P015,SR004,Southern,175,11.13,0.03,1889.32,6.38,772.82,Clinic,,Paid
INV001111,2026-04-11,C0142,P013,SR006,East Malaysia,55,14.36,0.1,710.82,8.98,216.92,Pharmacy,,Paid
INV001112,2026-04-21,C0106,P013,SR006,East Malaysia,100,14.36,0.08,1321.12,8.98,423.12,Pharmacy,,Paid
INV001113,2025-09-28,C0079,P014,SR004,Southern,6,18.87,0.1,101.9,11.75,31.4,Hospital,,Paid
INV001114,2025-06-07,C0096,P017,SR011,East Coast,90,60.49,0,5444.1,30.19,2727.0,Hospital,,Paid
INV001115,2026-02-05,C0050,P013,SR006,East Malaysia,152,14.36,0.05,2073.58,8.98,708.62,Distributor,,Overdue
INV001116,2026-02-04,C0045,P013,SR009,Northern,137,14.36,0,1967.32,8.98,737.06,Pharmacy,,Paid
INV001117,2025-05-10,C0130,P004,SR010,Southern,165,19.97,0.1,2965.54,10.13,1294.09,Clinic,,Pending
INV001118,2025-06-12,C0083,P007,SR004,Southern,28,53.96,0,1510.88,26.47,769.72,Pharmacy,CAM004,Paid
INV001119,2025-03-22,C0147,P013,SR004,Southern,38,14.36,0.15,463.83,8.98,122.59,Pharmacy,,Pending
INV001120,2025-07-11,C0062,P008,SR008,Kuala Lumpur,54,17.6,0.05,902.88,7.93,474.66,Pharmacy,CAM005,Pending
INV001121,2025-02-22,C0071,P003,SR006,East Malaysia,165,31.96,0,5273.4,20.33,1918.95,Pharmacy,,Pending
INV001122,2025-04-24,C0118,P004,SR006,East Malaysia,41,19.97,0.03,794.21,10.13,378.88,Hospital,,Paid
INV001123,2026-05-22,C0093,P007,SR010,Southern,30,53.96,0.05,1537.86,26.47,743.76,Pharmacy,CAM012,Paid
INV001124,2025-03-20,C0054,P014,SR011,East Coast,85,18.87,0.05,1523.75,11.75,525.0,Pharmacy,,Paid
INV001125,2025-11-02,C0003,P006,SR005,East Coast,35,28.44,0.15,846.09,16.3,275.59,Pharmacy,,Overdue
INV001126,2026-05-11,C0158,P018,SR004,Southern,45,17.27,0.05,738.29,8.38,361.19,Pharmacy,CAM012,Paid
INV001127,2025-01-31,C0138,P001,SR004,Southern,60,34.05,0.1,1838.7,21.72,535.5,Hospital,CAM001,Paid
INV001128,2025-05-22,C0057,P003,SR005,East Coast,73,31.96,0.03,2263.09,20.33,779.0,Clinic,CAM004,Paid
INV001129,2025-10-29,C0120,P016,SR011,East Coast,136,23.84,0.15,2755.9,14.05,845.1,Pharmacy,,Paid
INV001130,2025-07-22,C0176,P009,SR011,East Coast,31,9.93,0.05,292.44,6.14,102.1,Hospital,,Paid
INV001131,2025-07-30,C0125,P014,SR008,Kuala Lumpur,113,18.87,0.05,2025.69,11.75,697.94,Clinic,CAM005,Paid
INV001132,2026-01-28,C0110,P007,SR008,Kuala Lumpur,100,53.96,0.1,4856.4,26.47,2209.4,Hospital,,Paid
INV001133,2025-02-04,C0131,P009,SR007,Central,80,9.93,0.05,754.68,6.14,263.48,Hospital,,Overdue
INV001134,2026-06-28,C0091,P013,SR003,Northern,34,14.36,0,488.24,8.98,182.92,Clinic,,Paid
INV001135,2025-07-10,C0092,P008,SR002,Kuala Lumpur,60,17.6,0.08,971.52,7.93,495.72,Pharmacy,,Pending
INV001136,2025-05-06,C0003,P011,SR005,East Coast,89,15.5,0,1379.5,7.06,751.16,Pharmacy,,Paid
INV001137,2025-11-26,C0060,P018,SR005,East Coast,103,17.27,0.03,1725.45,8.38,862.31,Distributor,CAM008,Paid
INV001138,2025-10-12,C0156,P003,SR007,Central,179,31.96,0.08,5263.17,20.33,1624.1,Distributor,CAM007,Paid
INV001139,2025-02-20,C0127,P016,SR002,Kuala Lumpur,75,23.84,0.05,1698.6,14.05,644.85,Pharmacy,CAM002,Paid
INV001140,2026-01-28,C0061,P001,SR011,East Coast,9,34.05,0.05,291.13,21.72,95.65,Pharmacy,,Overdue
INV001141,2026-04-18,C0073,P005,SR011,East Coast,14,48.8,0.1,614.88,23.91,280.14,Pharmacy,,Paid
INV001142,2025-01-17,C0018,P016,SR002,Kuala Lumpur,111,23.84,0.08,2434.54,14.05,874.99,Hospital,CAM001,Paid
INV001143,2025-11-17,C0127,P002,SR008,Kuala Lumpur,81,20.37,0.08,1517.97,9.86,719.31,Pharmacy,,Pending
INV001144,2025-05-05,C0096,P004,SR005,East Coast,62,19.97,0,1238.14,10.13,610.08,Hospital,,Paid
INV001145,2025-04-18,C0083,P014,SR004,Southern,48,18.87,0,905.76,11.75,341.76,Pharmacy,,Pending
INV001146,2025-01-06,C0177,P002,SR010,Southern,16,20.37,0,325.92,9.86,168.16,Hospital,,Paid
INV001147,2025-12-04,C0177,P013,SR010,Southern,48,14.36,0.15,585.89,8.98,154.85,Hospital,,Paid
INV001148,2025-11-23,C0038,P014,SR009,Northern,176,18.87,0,3321.12,11.75,1253.12,Pharmacy,,Paid
INV001149,2026-05-17,C0072,P011,SR010,Southern,62,15.5,0,961.0,7.06,523.28,Clinic,,Paid
INV001150,2025-12-28,C0143,P008,SR002,Kuala Lumpur,24,17.6,0,422.4,7.93,232.08,Clinic,,Paid
INV001151,2025-08-10,C0120,P013,SR005,East Coast,129,14.36,0,1852.44,8.98,694.02,Pharmacy,CAM005,Pending
INV001152,2025-11-16,C0117,P005,SR004,Southern,38,48.8,0,1854.4,23.91,945.82,Distributor,,Overdue
INV001153,2026-06-10,C0052,P013,SR002,Kuala Lumpur,22,14.36,0.03,306.44,8.98,108.88,Clinic,CAM012,Overdue
INV001154,2025-04-15,C0038,P015,SR003,Northern,33,11.13,0,367.29,6.38,156.75,Pharmacy,,Paid
INV001155,2025-01-30,C0122,P017,SR012,East Malaysia,95,60.49,0.03,5574.15,30.19,2706.1,Pharmacy,,Paid
INV001156,2026-03-18,C0055,P005,SR009,Northern,133,48.8,0.05,6165.88,23.91,2985.85,Hospital,,Paid
INV001157,2026-03-28,C0070,P012,SR001,Central,17,23.6,0.05,381.14,11.86,179.52,Pharmacy,,Paid
INV001158,2025-10-29,C0049,P013,SR001,Central,157,14.36,0.03,2186.88,8.98,777.02,Pharmacy,,Paid
INV001159,2025-04-22,C0175,P002,SR003,Northern,33,20.37,0,672.21,9.86,346.83,Hospital,CAM003,Paid
INV001160,2025-09-02,C0017,P018,SR001,Central,75,17.27,0,1295.25,8.38,666.75,Pharmacy,,Paid
INV001161,2026-02-06,C0101,P004,SR003,Northern,73,19.97,0.05,1384.92,10.13,645.43,Distributor,,Paid
INV001162,2025-07-28,C0089,P010,SR007,Central,5,17.45,0,87.25,11.04,32.05,Hospital,,Paid
INV001163,2026-05-04,C0079,P008,SR004,Southern,85,17.6,0.08,1376.32,7.93,702.27,Hospital,CAM011,Pending
INV001164,2025-05-26,C0004,P016,SR011,East Coast,90,23.84,0,2145.6,14.05,881.1,Pharmacy,,Pending
INV001165,2025-06-24,C0174,P001,SR010,Southern,126,34.05,0.05,4075.78,21.72,1339.06,Hospital,,Paid
INV001166,2025-09-11,C0121,P004,SR003,Northern,9,19.97,0.05,170.74,10.13,79.57,Distributor,,Pending
INV001167,2026-06-22,C0129,P006,SR006,East Malaysia,29,28.44,0,824.76,16.3,352.06,Clinic,,Pending
INV001168,2025-12-10,C0116,P016,SR010,Southern,144,23.84,0.03,3329.97,14.05,1306.77,Clinic,,Paid
INV001169,2025-01-14,C0091,P010,SR009,Northern,137,17.45,0.08,2199.4,11.04,686.92,Clinic,,Pending
INV001170,2026-05-11,C0029,P009,SR005,East Coast,42,9.93,0.15,354.5,6.14,96.62,Distributor,,Paid
INV001171,2025-05-26,C0092,P016,SR002,Kuala Lumpur,67,23.84,0.05,1517.42,14.05,576.07,Pharmacy,,Paid
INV001172,2025-07-31,C0023,P007,SR011,East Coast,168,53.96,0,9065.28,26.47,4618.32,Clinic,CAM005,Overdue
INV001173,2026-06-24,C0045,P009,SR009,Northern,89,9.93,0.03,857.26,6.14,310.8,Pharmacy,,Paid
INV001174,2025-10-10,C0080,P007,SR005,East Coast,153,53.96,0.05,7843.09,26.47,3793.18,Hospital,,Paid
INV001175,2026-03-20,C0117,P012,SR010,Southern,33,23.6,0.15,661.98,11.86,270.6,Distributor,,Paid
INV001176,2025-05-31,C0120,P005,SR011,East Coast,164,48.8,0.05,7603.04,23.91,3681.8,Pharmacy,CAM004,Paid
INV001177,2025-10-29,C0004,P015,SR005,East Coast,60,11.13,0.03,647.77,6.38,264.97,Pharmacy,,Paid
INV001178,2025-11-10,C0002,P014,SR007,Central,174,18.87,0.1,2955.04,11.75,910.54,Clinic,,Paid
INV001179,2025-05-22,C0090,P010,SR002,Kuala Lumpur,27,17.45,0.08,433.46,11.04,135.38,Hospital,CAM004,Paid
INV001180,2025-03-24,C0075,P008,SR003,Northern,126,17.6,0.15,1884.96,7.93,885.78,Pharmacy,CAM002,Paid
INV001181,2025-04-11,C0067,P010,SR008,Kuala Lumpur,49,17.45,0.05,812.3,11.04,271.34,Pharmacy,,Paid
INV001182,2025-05-23,C0175,P007,SR009,Northern,39,53.96,0.05,1999.22,26.47,966.89,Hospital,CAM004,Paid
INV001183,2026-04-18,C0140,P006,SR007,Central,116,28.44,0,3299.04,16.3,1408.24,Clinic,,Paid
INV001184,2026-05-31,C0176,P012,SR011,East Coast,95,23.6,0.05,2129.9,11.86,1003.2,Hospital,,Paid
INV001185,2025-01-29,C0144,P001,SR010,Southern,27,34.05,0.08,845.8,21.72,259.36,Pharmacy,,Paid
INV001186,2025-09-06,C0149,P017,SR008,Kuala Lumpur,37,60.49,0.05,2126.22,30.19,1009.19,Clinic,,Pending
INV001187,2025-02-24,C0101,P005,SR009,Northern,176,48.8,0,8588.8,23.91,4380.64,Distributor,,Pending
INV001188,2026-04-17,C0014,P003,SR002,Kuala Lumpur,74,31.96,0.1,2128.54,20.33,624.12,Pharmacy,,Paid
INV001189,2025-04-10,C0075,P016,SR009,Northern,20,23.84,0,476.8,14.05,195.8,Pharmacy,,Paid
INV001190,2025-02-24,C0180,P007,SR001,Central,148,53.96,0.08,7347.19,26.47,3429.63,Clinic,,Paid
INV001191,2025-06-08,C0078,P010,SR004,Southern,129,17.45,0.05,2138.5,11.04,714.34,Clinic,CAM004,Paid
INV001192,2025-05-04,C0134,P004,SR002,Kuala Lumpur,57,19.97,0,1138.29,10.13,560.88,Distributor,,Paid
INV001193,2026-06-02,C0114,P013,SR001,Central,36,14.36,0.03,501.45,8.98,178.17,Hospital,,Paid
INV001194,2025-08-29,C0140,P009,SR007,Central,173,9.93,0.05,1632.0,6.14,569.78,Clinic,,Paid
INV001195,2025-07-09,C0037,P008,SR002,Kuala Lumpur,135,17.6,0.08,2185.92,7.93,1115.37,Pharmacy,,Paid
INV001196,2025-10-24,C0075,P004,SR009,Northern,99,19.97,0.08,1818.87,10.13,816.0,Pharmacy,,Paid
INV001197,2025-04-20,C0119,P014,SR007,Central,42,18.87,0,792.54,11.75,299.04,Distributor,,Paid
INV001198,2025-01-12,C0149,P010,SR002,Kuala Lumpur,170,17.45,0.08,2729.18,11.04,852.38,Clinic,,Paid
INV001199,2025-12-30,C0036,P015,SR007,Central,75,11.13,0,834.75,6.38,356.25,Distributor,CAM008,Paid
INV001200,2026-06-22,C0100,P017,SR004,Southern,49,60.49,0.08,2726.89,30.19,1247.58,Clinic,,Paid
INV001201,2025-12-14,C0118,P005,SR012,East Malaysia,173,48.8,0.03,8189.13,23.91,4052.7,Hospital,,Pending
INV001202,2026-05-11,C0097,P016,SR001,Central,152,23.84,0.08,3333.79,14.05,1198.19,Pharmacy,,Paid
INV001203,2025-09-23,C0034,P011,SR008,Kuala Lumpur,154,15.5,0.05,2267.65,7.06,1180.41,Pharmacy,,Paid
INV001204,2025-06-12,C0060,P004,SR005,East Coast,132,19.97,0.15,2240.63,10.13,903.47,Distributor,,Pending
INV001205,2025-08-31,C0027,P006,SR007,Central,112,28.44,0.15,2707.49,16.3,881.89,Hospital,CAM006,Paid
INV001206,2025-03-16,C0114,P012,SR001,Central,49,23.6,0.03,1121.71,11.86,540.57,Hospital,,Paid
INV001207,2025-07-24,C0051,P009,SR007,Central,117,9.93,0.08,1068.87,6.14,350.49,Hospital,CAM005,Paid
INV001208,2026-06-26,C0050,P003,SR006,East Malaysia,166,31.96,0.15,4509.56,20.33,1134.78,Distributor,,Paid
INV001209,2025-02-04,C0036,P001,SR007,Central,109,34.05,0.05,3525.88,21.72,1158.4,Distributor,,Paid
INV001210,2026-06-25,C0128,P007,SR003,Northern,151,53.96,0.1,7333.16,26.47,3336.19,Hospital,,Paid
INV001211,2026-01-01,C0159,P018,SR001,Central,22,17.27,0.05,360.94,8.38,176.58,Pharmacy,,Pending
INV001212,2025-03-22,C0033,P017,SR012,East Malaysia,30,60.49,0,1814.7,30.19,909.0,Hospital,CAM002,Paid
INV001213,2025-10-24,C0065,P013,SR012,East Malaysia,22,14.36,0.1,284.33,8.98,86.77,Pharmacy,CAM007,Paid
INV001214,2025-09-05,C0133,P017,SR007,Central,107,60.49,0.05,6148.81,30.19,2918.48,Clinic,,Pending
INV001215,2026-04-28,C0068,P001,SR005,East Coast,91,34.05,0.05,2943.62,21.72,967.1,Distributor,CAM011,Paid
INV001216,2025-12-04,C0170,P002,SR006,East Malaysia,131,20.37,0,2668.47,9.86,1376.81,Hospital,,Pending
INV001217,2025-02-06,C0089,P003,SR007,Central,158,31.96,0.08,4645.71,20.33,1433.57,Hospital,,Pending
INV001218,2026-05-06,C0034,P009,SR002,Kuala Lumpur,31,9.93,0,307.83,6.14,117.49,Pharmacy,,Paid
INV001219,2026-03-18,C0123,P010,SR006,East Malaysia,10,17.45,0.15,148.32,11.04,37.92,Clinic,,Paid
INV001220,2025-07-20,C0137,P013,SR001,Central,146,14.36,0.05,1991.73,8.98,680.65,Pharmacy,,Paid
INV001221,2025-05-09,C0111,P014,SR002,Kuala Lumpur,34,18.87,0.05,609.5,11.75,210.0,Pharmacy,,Pending
INV001222,2026-01-12,C0091,P007,SR009,Northern,116,53.96,0.1,5633.42,26.47,2562.9,Clinic,CAM009,Paid
INV001223,2025-08-21,C0106,P018,SR006,East Malaysia,8,17.27,0.1,124.34,8.38,57.3,Pharmacy,CAM005,Paid
INV001224,2025-05-10,C0113,P006,SR009,Northern,16,28.44,0.03,441.39,16.3,180.59,Clinic,,Paid
INV001225,2025-09-08,C0075,P005,SR009,Northern,127,48.8,0.08,5701.79,23.91,2665.22,Pharmacy,,Paid
INV001226,2025-07-30,C0127,P012,SR002,Kuala Lumpur,118,23.6,0.08,2562.02,11.86,1162.54,Pharmacy,,Pending
INV001227,2025-10-27,C0168,P008,SR009,Northern,86,17.6,0.08,1392.51,7.93,710.53,Clinic,,Paid
INV001228,2026-02-25,C0160,P016,SR012,East Malaysia,25,23.84,0,596.0,14.05,244.75,Distributor,CAM010,Paid
INV001229,2025-08-04,C0032,P012,SR005,East Coast,14,23.6,0.15,280.84,11.86,114.8,Hospital,,Paid
INV001230,2026-04-10,C0030,P001,SR011,East Coast,13,34.05,0.03,429.37,21.72,147.01,Pharmacy,,Paid
INV001231,2025-03-28,C0016,P009,SR011,East Coast,131,9.93,0,1300.83,6.14,496.49,Clinic,,Paid
INV001232,2025-08-18,C0053,P013,SR001,Central,173,14.36,0.05,2360.07,8.98,806.53,Clinic,CAM006,Paid
INV001233,2025-12-23,C0007,P011,SR007,Central,156,15.5,0,2418.0,7.06,1316.64,Clinic,CAM008,Pending
INV001234,2025-02-28,C0028,P018,SR010,Southern,178,17.27,0.03,2981.84,8.38,1490.2,Clinic,,Paid
INV001235,2026-03-11,C0147,P017,SR010,Southern,46,60.49,0.15,2365.16,30.19,976.42,Pharmacy,,Overdue
INV001236,2025-09-01,C0034,P001,SR008,Kuala Lumpur,179,34.05,0.15,5180.71,21.72,1292.83,Pharmacy,CAM006,Pending
INV001237,2025-10-30,C0087,P013,SR001,Central,162,14.36,0.03,2256.53,8.98,801.77,Clinic,CAM007,Pending
INV001238,2025-01-13,C0032,P010,SR011,East Coast,72,17.45,0.1,1130.76,11.04,335.88,Hospital,,Paid
INV001239,2025-01-10,C0120,P002,SR011,East Coast,127,20.37,0.05,2457.64,9.86,1205.42,Pharmacy,,Paid
INV001240,2025-03-23,C0071,P018,SR012,East Malaysia,21,17.27,0.05,344.54,8.38,168.56,Pharmacy,CAM002,Paid
INV001241,2026-05-22,C0033,P008,SR006,East Malaysia,42,17.6,0.1,665.28,7.93,332.22,Hospital,,Paid
INV001242,2025-02-09,C0048,P017,SR008,Kuala Lumpur,153,60.49,0.03,8977.32,30.19,4358.25,Distributor,,Paid
INV001243,2025-09-23,C0066,P001,SR011,East Coast,143,34.05,0.08,4479.62,21.72,1373.66,Pharmacy,,Paid
INV001244,2025-03-21,C0130,P015,SR004,Southern,135,11.13,0,1502.55,6.38,641.25,Clinic,CAM002,Pending
INV001245,2026-03-02,C0019,P014,SR011,East Coast,41,18.87,0,773.67,11.75,291.92,Hospital,,Paid
INV001246,2026-02-22,C0167,P012,SR009,Northern,80,23.6,0.05,1793.6,11.86,844.8,Clinic,CAM010,Paid
INV001247,2025-06-03,C0152,P001,SR006,East Malaysia,160,34.05,0,5448.0,21.72,1972.8,Hospital,CAM004,Overdue
INV001248,2026-01-23,C0150,P002,SR005,East Coast,102,20.37,0.08,1911.52,9.86,905.8,Pharmacy,,Overdue
INV001249,2025-08-18,C0145,P017,SR010,Southern,142,60.49,0.08,7902.41,30.19,3615.43,Pharmacy,,Paid
INV001250,2025-02-22,C0156,P016,SR007,Central,86,23.84,0.03,1988.73,14.05,780.43,Distributor,,Paid
INV001251,2025-09-07,C0085,P008,SR008,Kuala Lumpur,64,17.6,0.05,1070.08,7.93,562.56,Pharmacy,,Paid
INV001252,2025-09-04,C0114,P014,SR007,Central,25,18.87,0.03,457.6,11.75,163.85,Hospital,,Pending
INV001253,2026-05-11,C0155,P008,SR010,Southern,112,17.6,0,1971.2,7.93,1083.04,Hospital,,Overdue
INV001254,2025-09-08,C0105,P005,SR012,East Malaysia,78,48.8,0.03,3692.21,23.91,1827.23,Hospital,CAM006,Paid
INV001255,2025-06-01,C0148,P016,SR003,Northern,51,23.84,0.1,1094.26,14.05,377.71,Pharmacy,CAM004,Paid
INV001256,2026-04-27,C0026,P005,SR004,Southern,115,48.8,0,5612.0,23.91,2862.35,Hospital,CAM011,Paid
INV001257,2026-06-27,C0100,P014,SR010,Southern,37,18.87,0.05,663.28,11.75,228.53,Clinic,,Paid
INV001258,2025-10-28,C0031,P011,SR007,Central,156,15.5,0.05,2297.1,7.06,1195.74,Pharmacy,CAM007,Paid
INV001259,2025-12-30,C0115,P014,SR010,Southern,116,18.87,0.03,2123.25,11.75,760.25,Pharmacy,,Paid
INV001260,2025-07-07,C0151,P017,SR002,Kuala Lumpur,43,60.49,0.1,2340.96,30.19,1042.79,Distributor,,Paid
INV001261,2026-04-10,C0098,P011,SR012,East Malaysia,50,15.5,0.05,736.25,7.06,383.25,Distributor,,Overdue
INV001262,2025-04-10,C0060,P010,SR011,East Coast,92,17.45,0,1605.4,11.04,589.72,Distributor,,Paid
INV001263,2026-06-05,C0110,P010,SR008,Kuala Lumpur,103,17.45,0.03,1743.43,11.04,606.31,Hospital,CAM012,Paid
INV001264,2025-08-04,C0111,P017,SR008,Kuala Lumpur,152,60.49,0.1,8275.03,30.19,3686.15,Pharmacy,CAM005,Paid
INV001265,2025-05-02,C0074,P009,SR012,East Malaysia,117,9.93,0,1161.81,6.14,443.43,Pharmacy,,Paid
INV001266,2025-09-23,C0156,P004,SR001,Central,175,19.97,0.03,3389.91,10.13,1617.16,Distributor,CAM006,Paid
INV001267,2025-02-10,C0139,P018,SR002,Kuala Lumpur,6,17.27,0.05,98.44,8.38,48.16,Clinic,,Paid
INV001268,2025-10-16,C0147,P014,SR010,Southern,138,18.87,0,2604.06,11.75,982.56,Pharmacy,,Pending
INV001269,2025-05-03,C0114,P014,SR007,Central,72,18.87,0,1358.64,11.75,512.64,Hospital,,Paid
INV001270,2025-10-13,C0172,P004,SR011,East Coast,25,19.97,0.08,459.31,10.13,206.06,Pharmacy,CAM007,Paid
INV001271,2026-06-04,C0086,P009,SR009,Northern,166,9.93,0.08,1516.51,6.14,497.27,Clinic,,Paid
INV001272,2025-11-19,C0010,P014,SR003,Northern,138,18.87,0.03,2525.94,11.75,904.44,Pharmacy,,Paid
INV001273,2025-02-06,C0163,P001,SR004,Southern,40,34.05,0.05,1293.9,21.72,425.1,Clinic,,Paid
INV001274,2025-07-20,C0068,P016,SR005,East Coast,129,23.84,0.1,2767.82,14.05,955.37,Distributor,,Paid
INV001275,2025-07-23,C0163,P003,SR004,Southern,5,31.96,0.05,151.81,20.33,50.16,Clinic,,Paid
INV001276,2025-07-02,C0010,P014,SR009,Northern,162,18.87,0.03,2965.23,11.75,1061.73,Pharmacy,,Paid
INV001277,2026-05-11,C0136,P006,SR012,East Malaysia,64,28.44,0.1,1638.14,16.3,594.94,Clinic,,Paid
INV001278,2026-02-06,C0154,P012,SR011,East Coast,80,23.6,0,1888.0,11.86,939.2,Clinic,,Paid
INV001279,2025-10-22,C0108,P015,SR011,East Coast,68,11.13,0.08,696.29,6.38,262.45,Clinic,CAM007,Overdue
INV001280,2025-04-27,C0089,P013,SR001,Central,128,14.36,0.1,1654.27,8.98,504.83,Hospital,,Paid
INV001281,2025-08-29,C0008,P010,SR009,Northern,134,17.45,0,2338.3,11.04,858.94,Clinic,,Paid
INV001282,2025-11-27,C0067,P011,SR008,Kuala Lumpur,105,15.5,0.1,1464.75,7.06,723.45,Pharmacy,,Paid
INV001283,2025-02-25,C0069,P016,SR006,East Malaysia,91,23.84,0.05,2060.97,14.05,782.42,Clinic,CAM002,Paid
INV001284,2025-06-20,C0138,P007,SR004,Southern,162,53.96,0.05,8304.44,26.47,4016.3,Hospital,,Paid
INV001285,2025-01-21,C0006,P013,SR006,East Malaysia,90,14.36,0.1,1163.16,8.98,354.96,Clinic,,Paid
INV001286,2025-02-20,C0133,P007,SR007,Central,142,53.96,0,7662.32,26.47,3903.58,Clinic,CAM002,Pending
INV001287,2025-08-23,C0075,P006,SR009,Northern,89,28.44,0.05,2404.6,16.3,953.9,Pharmacy,,Paid
INV001288,2025-01-14,C0010,P001,SR003,Northern,133,34.05,0.03,4392.79,21.72,1504.03,Pharmacy,,Paid
INV001289,2025-11-05,C0007,P008,SR001,Central,13,17.6,0.03,221.94,7.93,118.85,Clinic,,Paid
INV001290,2026-01-22,C0168,P013,SR003,Northern,74,14.36,0.1,956.38,8.98,291.86,Clinic,CAM009,Paid
INV001291,2025-06-05,C0025,P013,SR006,East Malaysia,160,14.36,0.1,2067.84,8.98,631.04,Hospital,,Paid
INV001292,2025-01-24,C0078,P009,SR010,Southern,56,9.93,0,556.08,6.14,212.24,Clinic,,Paid
INV001293,2026-01-21,C0075,P014,SR003,Northern,61,18.87,0.15,978.41,11.75,261.66,Pharmacy,,Paid
INV001294,2026-06-03,C0063,P013,SR002,Kuala Lumpur,132,14.36,0.08,1743.88,8.98,558.52,Clinic,,Pending
INV001295,2025-04-21,C0116,P008,SR004,Southern,106,17.6,0.08,1716.35,7.93,875.77,Clinic,,Paid
INV001296,2025-04-22,C0165,P010,SR012,East Malaysia,41,17.45,0.1,643.9,11.04,191.26,Clinic,,Paid
INV001297,2025-06-23,C0054,P016,SR005,East Coast,26,23.84,0,619.84,14.05,254.54,Pharmacy,,Paid
INV001298,2026-04-30,C0134,P008,SR002,Kuala Lumpur,131,17.6,0.03,2236.43,7.93,1197.6,Distributor,CAM011,Pending
INV001299,2025-02-07,C0083,P014,SR004,Southern,73,18.87,0.08,1267.31,11.75,409.56,Pharmacy,,Pending
INV001300,2026-05-27,C0081,P008,SR010,Southern,123,17.6,0.08,1991.62,7.93,1016.23,Pharmacy,,Pending
INV001301,2025-03-25,C0027,P014,SR001,Central,101,18.87,0,1905.87,11.75,719.12,Hospital,CAM002,Paid
INV001302,2026-03-25,C0030,P002,SR011,East Coast,131,20.37,0,2668.47,9.86,1376.81,Pharmacy,,Pending
INV001303,2026-05-14,C0036,P018,SR007,Central,107,17.27,0,1847.89,8.38,951.23,Distributor,CAM012,Paid
INV001304,2025-10-05,C0134,P011,SR008,Kuala Lumpur,149,15.5,0.08,2124.74,7.06,1072.8,Distributor,CAM007,Pending
INV001305,2026-01-16,C0133,P009,SR007,Central,123,9.93,0,1221.39,6.14,466.17,Clinic,CAM009,Paid
INV001306,2026-05-01,C0003,P011,SR011,East Coast,50,15.5,0,775.0,7.06,422.0,Pharmacy,CAM011,Paid
INV001307,2025-07-12,C0052,P004,SR008,Kuala Lumpur,89,19.97,0,1777.33,10.13,875.76,Clinic,,Paid
INV001308,2025-03-10,C0090,P018,SR002,Kuala Lumpur,93,17.27,0.05,1525.8,8.38,746.46,Hospital,,Paid
INV001309,2026-03-13,C0150,P010,SR011,East Coast,164,17.45,0.08,2632.86,11.04,822.3,Pharmacy,,Paid
INV001310,2025-07-27,C0020,P005,SR001,Central,60,48.8,0.03,2840.16,23.91,1405.56,Clinic,CAM005,Paid
INV001311,2026-06-19,C0151,P013,SR008,Kuala Lumpur,152,14.36,0.08,2008.1,8.98,643.14,Distributor,,Paid
INV001312,2025-10-11,C0158,P016,SR004,Southern,48,23.84,0,1144.32,14.05,469.92,Pharmacy,CAM007,Paid
INV001313,2025-05-31,C0037,P006,SR008,Kuala Lumpur,5,28.44,0.03,137.93,16.3,56.43,Pharmacy,,Paid
INV001314,2026-06-08,C0113,P014,SR009,Northern,88,18.87,0.03,1610.74,11.75,576.74,Clinic,,Paid
INV001315,2026-02-07,C0097,P013,SR007,Central,95,14.36,0.03,1323.27,8.98,470.17,Pharmacy,,Paid
INV001316,2026-06-28,C0021,P007,SR006,East Malaysia,167,53.96,0.1,8110.19,26.47,3689.7,Clinic,,Paid
INV001317,2026-03-24,C0144,P015,SR010,Southern,69,11.13,0.08,706.53,6.38,266.31,Pharmacy,,Paid
INV001318,2026-03-22,C0167,P012,SR003,Northern,11,23.6,0.1,233.64,11.86,103.18,Clinic,,Pending
INV001319,2025-12-21,C0109,P007,SR006,East Malaysia,102,53.96,0.03,5338.8,26.47,2638.86,Clinic,,Overdue
INV001320,2025-07-20,C0114,P012,SR001,Central,6,23.6,0.05,134.52,11.86,63.36,Hospital,CAM005,Pending
INV001321,2026-05-30,C0004,P009,SR005,East Coast,170,9.93,0.03,1637.46,6.14,593.66,Pharmacy,,Paid
INV001322,2025-09-17,C0071,P002,SR006,East Malaysia,125,20.37,0.15,2164.31,9.86,931.81,Pharmacy,,Paid
INV001323,2026-04-30,C0166,P018,SR004,Southern,14,17.27,0.03,234.53,8.38,117.21,Pharmacy,,Paid
INV001324,2025-07-01,C0034,P003,SR008,Kuala Lumpur,35,31.96,0,1118.6,20.33,407.05,Pharmacy,,Paid
INV001325,2025-04-10,C0140,P009,SR001,Central,172,9.93,0.05,1622.56,6.14,566.48,Clinic,CAM003,Pending
INV001326,2025-06-23,C0151,P012,SR002,Kuala Lumpur,175,23.6,0.05,3923.5,11.86,1848.0,Distributor,,Pending
INV001327,2025-03-04,C0017,P007,SR001,Central,73,53.96,0,3939.08,26.47,2006.77,Pharmacy,,Paid
INV001328,2025-07-23,C0177,P017,SR010,Southern,49,60.49,0.05,2815.81,30.19,1336.5,Hospital,,Overdue
INV001329,2025-11-15,C0071,P018,SR012,East Malaysia,35,17.27,0.03,586.32,8.38,293.02,Pharmacy,,Paid
INV001330,2026-04-20,C0023,P004,SR005,East Coast,51,19.97,0.08,936.99,10.13,420.36,Clinic,CAM011,Pending
INV001331,2025-01-11,C0056,P012,SR009,Northern,25,23.6,0.1,531.0,11.86,234.5,Pharmacy,,Paid
INV001332,2025-07-15,C0034,P010,SR002,Kuala Lumpur,102,17.45,0.08,1637.51,11.04,511.43,Pharmacy,CAM005,Paid
INV001333,2026-02-28,C0058,P007,SR011,East Coast,56,53.96,0,3021.76,26.47,1539.44,Hospital,CAM010,Paid
INV001334,2026-05-17,C0091,P012,SR009,Northern,169,23.6,0.05,3788.98,11.86,1784.64,Clinic,,Paid
INV001335,2025-06-24,C0010,P013,SR003,Northern,142,14.36,0.05,1937.16,8.98,662.0,Pharmacy,,Overdue
INV001336,2026-03-21,C0089,P010,SR001,Central,92,17.45,0.08,1476.97,11.04,461.29,Hospital,,Paid
INV001337,2025-10-03,C0024,P017,SR001,Central,71,60.49,0,4294.79,30.19,2151.3,Clinic,CAM007,Paid
INV001338,2025-07-10,C0122,P005,SR012,East Malaysia,155,48.8,0.03,7337.08,23.91,3631.03,Pharmacy,,Paid
INV001339,2025-02-04,C0083,P004,SR010,Southern,7,19.97,0,139.79,10.13,68.88,Pharmacy,,Paid
INV001340,2025-04-13,C0048,P012,SR008,Kuala Lumpur,46,23.6,0.05,1031.32,11.86,485.76,Distributor,CAM003,Paid
INV001341,2026-04-13,C0152,P014,SR012,East Malaysia,126,18.87,0.1,2139.86,11.75,659.36,Hospital,CAM011,Paid
INV001342,2026-05-10,C0174,P013,SR010,Southern,15,14.36,0.15,183.09,8.98,48.39,Hospital,,Pending
INV001343,2026-06-04,C0028,P014,SR010,Southern,73,18.87,0.15,1170.88,11.75,313.13,Clinic,,Paid
INV001344,2026-06-09,C0043,P010,SR003,Northern,150,17.45,0.08,2408.1,11.04,752.1,Hospital,CAM012,Pending
INV001345,2025-02-25,C0024,P010,SR001,Central,93,17.45,0.05,1541.71,11.04,514.99,Clinic,CAM002,Paid
INV001346,2025-07-25,C0045,P010,SR009,Northern,25,17.45,0,436.25,11.04,160.25,Pharmacy,,Paid
INV001347,2025-09-08,C0040,P018,SR009,Northern,6,17.27,0.05,98.44,8.38,48.16,Pharmacy,,Paid
INV001348,2026-02-08,C0179,P007,SR010,Southern,176,53.96,0.03,9212.05,26.47,4553.33,Pharmacy,,Paid
INV001349,2025-09-06,C0025,P013,SR006,East Malaysia,86,14.36,0.08,1136.16,8.98,363.88,Hospital,CAM006,Pending
INV001350,2026-03-11,C0153,P013,SR006,East Malaysia,93,14.36,0.05,1268.71,8.98,433.57,Clinic,,Paid
INV001351,2025-08-16,C0156,P006,SR001,Central,99,28.44,0.03,2731.09,16.3,1117.39,Distributor,,Paid
INV001352,2026-02-12,C0020,P008,SR001,Central,132,17.6,0,2323.2,7.93,1276.44,Clinic,CAM010,Paid
INV001353,2026-01-29,C0168,P006,SR009,Northern,43,28.44,0.03,1186.23,16.3,485.33,Clinic,,Pending
INV001354,2025-02-05,C0067,P014,SR002,Kuala Lumpur,46,18.87,0.03,841.98,11.75,301.48,Pharmacy,,Paid
INV001355,2025-03-26,C0089,P004,SR007,Central,8,19.97,0,159.76,10.13,78.72,Hospital,CAM002,Paid
INV001356,2025-01-12,C0125,P013,SR008,Kuala Lumpur,18,14.36,0.03,250.73,8.98,89.09,Clinic,CAM001,Paid
INV001357,2026-04-07,C0129,P012,SR012,East Malaysia,90,23.6,0.1,1911.6,11.86,844.2,Clinic,,Paid
INV001358,2025-07-03,C0109,P018,SR012,East Malaysia,177,17.27,0,3056.79,8.38,1573.53,Clinic,CAM005,Paid
INV001359,2026-04-11,C0112,P002,SR011,East Coast,77,20.37,0,1568.49,9.86,809.27,Pharmacy,,Paid
INV001360,2025-02-21,C0154,P012,SR011,East Coast,113,23.6,0.03,2586.8,11.86,1246.62,Clinic,CAM002,Paid
INV001361,2025-07-03,C0076,P012,SR009,Northern,9,23.6,0.05,201.78,11.86,95.04,Hospital,CAM005,Paid
INV001362,2026-01-01,C0010,P018,SR009,Northern,68,17.27,0,1174.36,8.38,604.52,Pharmacy,,Paid
INV001363,2025-05-29,C0163,P016,SR010,Southern,75,23.84,0.03,1734.36,14.05,680.61,Clinic,,Paid
INV001364,2026-06-21,C0146,P015,SR005,East Coast,24,11.13,0.03,259.11,6.38,105.99,Clinic,,Paid
INV001365,2025-04-14,C0098,P017,SR006,East Malaysia,91,60.49,0.15,4678.9,30.19,1931.61,Distributor,,Paid
INV001366,2025-01-23,C0048,P009,SR002,Kuala Lumpur,115,9.93,0.15,970.66,6.14,264.56,Distributor,,Paid
INV001367,2025-11-07,C0158,P017,SR004,Southern,17,60.49,0.03,997.48,30.19,484.25,Pharmacy,,Paid
INV001368,2026-03-24,C0071,P006,SR012,East Malaysia,133,28.44,0.08,3479.92,16.3,1312.02,Pharmacy,,Paid
INV001369,2025-07-05,C0174,P010,SR010,Southern,6,17.45,0.05,99.46,11.04,33.22,Hospital,CAM005,Paid
INV001370,2025-10-09,C0069,P015,SR012,East Malaysia,29,11.13,0,322.77,6.38,137.75,Clinic,CAM007,Paid
INV001371,2025-10-22,C0156,P015,SR007,Central,167,11.13,0.05,1765.77,6.38,700.31,Distributor,,Paid
INV001372,2025-01-13,C0088,P011,SR009,Northern,93,15.5,0.1,1297.35,7.06,640.77,Distributor,CAM001,Paid
INV001373,2025-06-24,C0173,P013,SR012,East Malaysia,108,14.36,0,1550.88,8.98,581.04,Clinic,,Pending
INV001374,2025-03-22,C0162,P016,SR007,Central,26,23.84,0,619.84,14.05,254.54,Hospital,,Paid
INV001375,2025-10-26,C0081,P015,SR010,Southern,12,11.13,0,133.56,6.38,57.0,Pharmacy,,Paid
INV001376,2026-03-18,C0107,P001,SR010,Southern,147,34.05,0.08,4604.92,21.72,1412.08,Clinic,,Overdue
INV001377,2026-01-20,C0138,P005,SR010,Southern,160,48.8,0.15,6636.8,23.91,2811.2,Hospital,CAM009,Paid
INV001378,2025-04-24,C0147,P010,SR004,Southern,45,17.45,0.08,722.43,11.04,225.63,Pharmacy,,Overdue
INV001379,2026-02-23,C0091,P007,SR009,Northern,158,53.96,0.03,8269.91,26.47,4087.65,Clinic,,Paid
INV001380,2025-11-22,C0129,P018,SR012,East Malaysia,62,17.27,0.1,963.67,8.38,444.11,Clinic,,Paid
INV001381,2026-04-06,C0041,P006,SR012,East Malaysia,78,28.44,0,2218.32,16.3,946.92,Clinic,,Pending
INV001382,2025-06-26,C0175,P004,SR009,Northern,153,19.97,0.08,2810.98,10.13,1261.09,Hospital,,Overdue
INV001383,2026-02-25,C0049,P001,SR001,Central,40,34.05,0.05,1293.9,21.72,425.1,Pharmacy,,Paid
INV001384,2026-02-23,C0006,P011,SR006,East Malaysia,47,15.5,0.05,692.07,7.06,360.25,Clinic,,Paid
INV001385,2026-01-15,C0006,P013,SR006,East Malaysia,46,14.36,0.05,627.53,8.98,214.45,Clinic,,Paid
INV001386,2026-04-29,C0052,P011,SR002,Kuala Lumpur,80,15.5,0,1240.0,7.06,675.2,Clinic,CAM011,Paid
INV001387,2026-03-31,C0062,P006,SR008,Kuala Lumpur,133,28.44,0.05,3593.39,16.3,1425.49,Pharmacy,,Pending
INV001388,2025-06-13,C0063,P015,SR002,Kuala Lumpur,6,11.13,0.08,61.44,6.38,23.16,Clinic,,Paid
INV001389,2026-06-17,C0121,P013,SR003,Northern,111,14.36,0.15,1354.87,8.98,358.09,Distributor,,Pending
INV001390,2025-05-04,C0156,P018,SR001,Central,117,17.27,0.05,1919.56,8.38,939.1,Distributor,,Pending
INV001391,2025-10-27,C0102,P002,SR010,Southern,107,20.37,0.08,2005.22,9.86,950.2,Pharmacy,,Paid
INV001392,2026-03-15,C0032,P004,SR005,East Coast,72,19.97,0.08,1322.81,10.13,593.45,Hospital,,Paid
INV001393,2025-04-25,C0044,P012,SR007,Central,173,23.6,0.03,3960.32,11.86,1908.54,Clinic,,Pending
INV001394,2025-08-04,C0068,P004,SR011,East Coast,169,19.97,0.08,3104.94,10.13,1392.97,Distributor,,Paid
INV001395,2025-09-08,C0067,P011,SR008,Kuala Lumpur,118,15.5,0.03,1774.13,7.06,941.05,Pharmacy,,Paid
INV001396,2025-10-09,C0153,P002,SR006,East Malaysia,42,20.37,0.05,812.76,9.86,398.64,Clinic,CAM007,Paid
INV001397,2025-10-26,C0079,P006,SR010,Southern,126,28.44,0.08,3296.76,16.3,1242.96,Hospital,,Paid
INV001398,2025-05-12,C0038,P010,SR009,Northern,70,17.45,0.05,1160.42,11.04,387.62,Pharmacy,,Paid
INV001399,2025-08-05,C0150,P010,SR005,East Coast,154,17.45,0,2687.3,11.04,987.14,Pharmacy,,Paid
INV001400,2026-06-14,C0104,P016,SR006,East Malaysia,93,23.84,0.05,2106.26,14.05,799.61,Pharmacy,,Paid
INV001401,2026-05-29,C0081,P017,SR010,Southern,101,60.49,0.1,5498.54,30.19,2449.35,Pharmacy,,Paid
INV001402,2026-06-22,C0124,P006,SR007,Central,102,28.44,0,2900.88,16.3,1238.28,Hospital,,Overdue
INV001403,2025-12-17,C0058,P010,SR005,East Coast,62,17.45,0,1081.9,11.04,397.42,Hospital,,Pending
INV001404,2025-05-03,C0167,P007,SR009,Northern,132,53.96,0.05,6766.58,26.47,3272.54,Clinic,,Pending
INV001405,2025-01-13,C0135,P008,SR004,Southern,98,17.6,0.08,1586.82,7.93,809.68,Clinic,,Paid
INV001406,2025-12-04,C0130,P003,SR010,Southern,146,31.96,0.15,3966.24,20.33,998.06,Clinic,,Paid
INV001407,2025-03-23,C0015,P015,SR005,East Coast,67,11.13,0.03,723.34,6.38,295.88,Clinic,,Paid
INV001408,2025-09-08,C0059,P015,SR005,East Coast,15,11.13,0.15,141.91,6.38,46.21,Distributor,CAM006,Paid
INV001409,2025-07-14,C0017,P005,SR007,Central,20,48.8,0,976.0,23.91,497.8,Pharmacy,CAM005,Paid
INV001410,2025-02-22,C0082,P003,SR004,Southern,127,31.96,0,4058.92,20.33,1477.01,Clinic,CAM002,Paid
INV001411,2025-08-09,C0154,P016,SR011,East Coast,150,23.84,0,3576.0,14.05,1468.5,Clinic,,Pending
INV001412,2026-03-30,C0165,P007,SR012,East Malaysia,5,53.96,0.03,261.71,26.47,129.36,Clinic,,Paid
INV001413,2025-06-30,C0085,P017,SR008,Kuala Lumpur,136,60.49,0.03,7979.84,30.19,3874.0,Pharmacy,,Paid
INV001414,2026-06-29,C0064,P011,SR010,Southern,178,15.5,0.05,2621.05,7.06,1364.37,Clinic,,Paid
INV001415,2026-03-27,C0029,P006,SR011,East Coast,6,28.44,0.03,165.52,16.3,67.72,Distributor,,Paid
INV001416,2025-06-17,C0046,P003,SR007,Central,177,31.96,0.03,5487.21,20.33,1888.8,Clinic,,Paid
INV001417,2025-07-07,C0050,P004,SR006,East Malaysia,59,19.97,0.03,1142.88,10.13,545.21,Distributor,CAM005,Paid
INV001418,2025-11-04,C0157,P007,SR004,Southern,87,53.96,0,4694.52,26.47,2391.63,Pharmacy,,Pending
INV001419,2025-06-25,C0041,P006,SR012,East Malaysia,137,28.44,0.15,3311.84,16.3,1078.74,Clinic,,Paid
INV001420,2026-03-03,C0069,P008,SR012,East Malaysia,125,17.6,0.15,1870.0,7.93,878.75,Clinic,,Paid
INV001421,2025-11-10,C0086,P012,SR009,Northern,120,23.6,0.03,2747.04,11.86,1323.84,Clinic,,Paid
INV001422,2026-03-04,C0002,P013,SR001,Central,109,14.36,0.03,1518.28,8.98,539.46,Clinic,,Overdue
INV001423,2025-10-08,C0005,P007,SR003,Northern,174,53.96,0.08,8637.92,26.47,4032.14,Pharmacy,CAM007,Paid
INV001424,2026-03-14,C0098,P011,SR006,East Malaysia,60,15.5,0.05,883.5,7.06,459.9,Distributor,,Paid
INV001425,2025-10-08,C0028,P003,SR004,Southern,46,31.96,0.03,1426.06,20.33,490.88,Clinic,,Pending
INV001426,2026-04-27,C0012,P013,SR008,Kuala Lumpur,68,14.36,0.03,947.19,8.98,336.55,Pharmacy,,Paid
INV001427,2025-04-14,C0015,P011,SR011,East Coast,142,15.5,0.03,2134.97,7.06,1132.45,Clinic,,Paid
INV001428,2025-05-18,C0019,P011,SR011,East Coast,43,15.5,0.1,599.85,7.06,296.27,Hospital,,Paid
INV001429,2025-04-01,C0113,P008,SR009,Northern,151,17.6,0.05,2524.72,7.93,1327.29,Clinic,,Paid
INV001430,2025-10-26,C0177,P001,SR004,Southern,22,34.05,0.1,674.19,21.72,196.35,Hospital,,Pending
INV001431,2026-01-05,C0115,P007,SR004,Southern,87,53.96,0.05,4459.79,26.47,2156.9,Pharmacy,,Paid
INV001432,2025-09-23,C0066,P001,SR005,East Coast,35,34.05,0.05,1132.16,21.72,371.96,Pharmacy,,Pending
INV001433,2025-02-19,C0136,P002,SR012,East Malaysia,9,20.37,0.05,174.16,9.86,85.42,Clinic,,Overdue
INV001434,2025-12-01,C0138,P016,SR010,Southern,152,23.84,0.03,3514.97,14.05,1379.37,Hospital,CAM008,Paid
INV001435,2025-04-26,C0137,P006,SR001,Central,151,28.44,0.15,3650.27,16.3,1188.97,Pharmacy,,Overdue
INV001436,2025-03-16,C0176,P014,SR011,East Coast,124,18.87,0.05,2222.89,11.75,765.89,Hospital,,Pending
INV001437,2025-12-05,C0019,P006,SR011,East Coast,121,28.44,0.05,3269.18,16.3,1296.88,Hospital,,Pending
INV001438,2026-03-19,C0006,P013,SR012,East Malaysia,6,14.36,0.05,81.85,8.98,27.97,Clinic,,Paid
INV001439,2025-01-09,C0058,P011,SR011,East Coast,43,15.5,0.03,646.5,7.06,342.92,Hospital,CAM001,Paid
INV001440,2025-07-25,C0148,P012,SR003,Northern,53,23.6,0.08,1150.74,11.86,522.16,Pharmacy,CAM005,Paid
INV001441,2025-02-10,C0033,P018,SR012,East Malaysia,22,17.27,0.03,368.54,8.38,184.18,Hospital,CAM001,Paid
INV001442,2025-07-26,C0078,P006,SR010,Southern,74,28.44,0,2104.56,16.3,898.36,Clinic,,Pending
INV001443,2025-01-28,C0036,P015,SR001,Central,101,11.13,0,1124.13,6.38,479.75,Distributor,,Pending
INV001444,2025-08-02,C0098,P002,SR012,East Malaysia,117,20.37,0.03,2311.79,9.86,1158.17,Distributor,CAM005,Paid
INV001445,2025-05-08,C0024,P006,SR001,Central,46,28.44,0.08,1203.58,16.3,453.78,Clinic,,Paid
INV001446,2026-05-16,C0155,P012,SR010,Southern,111,23.6,0,2619.6,11.86,1303.14,Hospital,,Pending
INV001447,2026-01-04,C0123,P009,SR006,East Malaysia,121,9.93,0,1201.53,6.14,458.59,Clinic,,Paid
INV001448,2025-04-13,C0091,P012,SR009,Northern,21,23.6,0.05,470.82,11.86,221.76,Clinic,,Paid
INV001449,2025-03-28,C0167,P013,SR009,Northern,9,14.36,0.15,109.85,8.98,29.03,Clinic,CAM002,Paid
INV001450,2025-09-12,C0046,P001,SR001,Central,137,34.05,0,4664.85,21.72,1689.21,Clinic,,Pending
INV001451,2025-03-04,C0153,P007,SR012,East Malaysia,100,53.96,0.05,5126.2,26.47,2479.2,Clinic,,Paid
INV001452,2025-06-28,C0133,P005,SR001,Central,98,48.8,0.1,4304.16,23.91,1960.98,Clinic,,Paid
INV001453,2025-06-16,C0008,P016,SR003,Northern,83,23.84,0.05,1879.78,14.05,713.63,Clinic,,Pending
INV001454,2025-11-25,C0008,P001,SR009,Northern,12,34.05,0.1,367.74,21.72,107.1,Clinic,CAM008,Pending
INV001455,2025-02-17,C0139,P013,SR002,Kuala Lumpur,45,14.36,0,646.2,8.98,242.1,Clinic,,Paid
INV001456,2026-03-06,C0017,P004,SR007,Central,123,19.97,0.15,2087.86,10.13,841.87,Pharmacy,,Paid
INV001457,2025-05-18,C0155,P001,SR010,Southern,126,34.05,0.05,4075.78,21.72,1339.06,Hospital,,Paid
INV001458,2026-01-10,C0158,P004,SR010,Southern,131,19.97,0.08,2406.78,10.13,1079.75,Pharmacy,,Paid
INV001459,2025-08-13,C0132,P005,SR002,Kuala Lumpur,62,48.8,0.08,2783.55,23.91,1301.13,Hospital,,Paid
INV001460,2025-10-17,C0158,P004,SR004,Southern,62,19.97,0.03,1201.0,10.13,572.94,Pharmacy,,Paid
INV001461,2026-04-19,C0172,P017,SR011,East Coast,38,60.49,0.03,2229.66,30.19,1082.44,Pharmacy,,Paid
INV001462,2025-02-05,C0099,P002,SR006,East Malaysia,51,20.37,0,1038.87,9.86,536.01,Pharmacy,,Pending
INV001463,2025-09-01,C0042,P013,SR010,Southern,7,14.36,0.05,95.49,8.98,32.63,Hospital,,Paid
INV001464,2026-02-20,C0116,P007,SR010,Southern,164,53.96,0.03,8583.96,26.47,4242.88,Clinic,,Pending
INV001465,2026-06-11,C0087,P011,SR001,Central,70,15.5,0.03,1052.45,7.06,558.25,Clinic,,Pending
INV001466,2026-04-13,C0170,P004,SR012,East Malaysia,137,19.97,0.03,2653.81,10.13,1266.0,Hospital,,Paid
INV001467,2025-01-27,C0140,P005,SR001,Central,63,48.8,0.15,2613.24,23.91,1106.91,Clinic,,Paid
INV001468,2025-10-30,C0033,P012,SR012,East Malaysia,120,23.6,0.05,2690.4,11.86,1267.2,Hospital,,Paid
INV001469,2026-06-01,C0047,P013,SR005,East Coast,41,14.36,0.1,529.88,8.98,161.7,Hospital,CAM012,Paid
INV001470,2025-12-29,C0135,P005,SR004,Southern,141,48.8,0.03,6674.38,23.91,3303.07,Clinic,CAM008,Paid
INV001471,2025-04-13,C0175,P006,SR003,Northern,43,28.44,0.05,1161.77,16.3,460.87,Hospital,,Paid
INV001472,2025-07-27,C0072,P002,SR010,Southern,80,20.37,0.03,1580.71,9.86,791.91,Clinic,,Paid
INV001473,2026-05-03,C0120,P011,SR005,East Coast,81,15.5,0,1255.5,7.06,683.64,Pharmacy,CAM011,Paid
INV001474,2025-03-10,C0016,P014,SR005,East Coast,41,18.87,0.05,734.99,11.75,253.24,Clinic,CAM002,Paid
INV001475,2025-06-13,C0166,P014,SR010,Southern,156,18.87,0,2943.72,11.75,1110.72,Pharmacy,,Paid
INV001476,2025-10-10,C0036,P013,SR001,Central,154,14.36,0.15,1879.72,8.98,496.8,Distributor,CAM007,Paid
INV001477,2025-10-10,C0084,P001,SR005,East Coast,138,34.05,0.03,4557.93,21.72,1560.57,Distributor,CAM007,Paid
INV001478,2026-03-25,C0077,P004,SR008,Kuala Lumpur,44,19.97,0,878.68,10.13,432.96,Hospital,,Overdue
INV001479,2025-12-16,C0070,P002,SR007,Central,70,20.37,0,1425.9,9.86,735.7,Pharmacy,,Paid
INV001480,2026-05-14,C0075,P008,SR003,Northern,27,17.6,0.15,403.92,7.93,189.81,Pharmacy,,Paid
INV001481,2026-01-07,C0062,P016,SR008,Kuala Lumpur,112,23.84,0,2670.08,14.05,1096.48,Pharmacy,CAM009,Pending
INV001482,2025-10-10,C0065,P017,SR012,East Malaysia,112,60.49,0.08,6232.89,30.19,2851.61,Pharmacy,CAM007,Paid
INV001483,2025-04-14,C0125,P008,SR008,Kuala Lumpur,61,17.6,0.05,1019.92,7.93,536.19,Clinic,,Paid
INV001484,2026-05-15,C0144,P013,SR010,Southern,15,14.36,0.05,204.63,8.98,69.93,Pharmacy,,Pending
INV001485,2025-04-11,C0148,P004,SR003,Northern,66,19.97,0.03,1278.48,10.13,609.9,Pharmacy,,Pending
INV001486,2026-03-08,C0101,P002,SR009,Northern,170,20.37,0.08,3185.87,9.86,1509.67,Distributor,,Paid
INV001487,2026-06-20,C0010,P013,SR009,Northern,176,14.36,0.1,2274.62,8.98,694.14,Pharmacy,,Paid
INV001488,2025-07-05,C0007,P011,SR001,Central,79,15.5,0.15,1040.83,7.06,483.09,Clinic,,Pending
INV001489,2025-09-17,C0092,P012,SR008,Kuala Lumpur,68,23.6,0.03,1556.66,11.86,750.18,Pharmacy,,Paid
INV001490,2025-09-27,C0042,P007,SR010,Southern,107,53.96,0.08,5311.82,26.47,2479.53,Hospital,,Paid
INV001491,2026-05-27,C0023,P011,SR011,East Coast,162,15.5,0.05,2385.45,7.06,1241.73,Clinic,,Overdue
INV001492,2025-11-21,C0079,P004,SR004,Southern,168,19.97,0.05,3187.21,10.13,1485.37,Hospital,,Paid
INV001493,2026-01-27,C0052,P009,SR008,Kuala Lumpur,94,9.93,0.03,905.42,6.14,328.26,Clinic,,Paid
INV001494,2025-06-13,C0044,P011,SR001,Central,33,15.5,0,511.5,7.06,278.52,Clinic,CAM004,Pending
INV001495,2025-07-02,C0102,P003,SR004,Southern,28,31.96,0,894.88,20.33,325.64,Pharmacy,,Pending
INV001496,2026-02-19,C0068,P005,SR011,East Coast,141,48.8,0.03,6674.38,23.91,3303.07,Distributor,CAM010,Paid
INV001497,2025-10-28,C0158,P003,SR010,Southern,62,31.96,0.05,1882.44,20.33,621.98,Pharmacy,CAM007,Paid
INV001498,2025-10-08,C0007,P016,SR001,Central,61,23.84,0,1454.24,14.05,597.19,Clinic,CAM007,Paid
INV001499,2025-10-31,C0063,P001,SR008,Kuala Lumpur,117,34.05,0.05,3784.66,21.72,1243.42,Clinic,,Paid
INV001500,2026-02-27,C0048,P017,SR008,Kuala Lumpur,165,60.49,0.05,9481.81,30.19,4500.46,Distributor,,Paid
INV001501,2025-09-25,C0094,P009,SR012,East Malaysia,99,9.93,0.03,953.58,6.14,345.72,Pharmacy,,Paid
INV001502,2026-01-01,C0020,P005,SR007,Central,68,48.8,0.08,3052.93,23.91,1427.05,Clinic,,Paid
INV001503,2026-06-04,C0122,P018,SR012,East Malaysia,31,17.27,0.1,481.83,8.38,222.05,Pharmacy,,Pending
INV001504,2025-08-18,C0120,P009,SR005,East Coast,122,9.93,0.05,1150.89,6.14,401.81,Pharmacy,,Paid
INV001505,2025-06-25,C0006,P018,SR012,East Malaysia,148,17.27,0.08,2351.48,8.38,1111.24,Clinic,,Pending
INV001506,2026-05-04,C0038,P003,SR009,Northern,21,31.96,0.15,570.49,20.33,143.56,Pharmacy,CAM011,Overdue
INV001507,2025-01-29,C0154,P016,SR011,East Coast,39,23.84,0.15,790.3,14.05,242.35,Clinic,CAM001,Paid
INV001508,2025-11-08,C0085,P008,SR008,Kuala Lumpur,41,17.6,0.08,663.87,7.93,338.74,Pharmacy,,Overdue
INV001509,2025-11-19,C0002,P002,SR007,Central,155,20.37,0,3157.35,9.86,1629.05,Clinic,,Paid
INV001510,2026-06-27,C0106,P006,SR006,East Malaysia,68,28.44,0.15,1643.83,16.3,535.43,Pharmacy,,Pending
INV001511,2025-07-03,C0047,P001,SR011,East Coast,35,34.05,0.03,1156.0,21.72,395.8,Hospital,CAM005,Paid
INV001512,2026-02-01,C0105,P013,SR012,East Malaysia,40,14.36,0.1,516.96,8.98,157.76,Hospital,CAM009,Paid
INV001513,2026-03-17,C0065,P016,SR006,East Malaysia,52,23.84,0.03,1202.49,14.05,471.89,Pharmacy,,Paid
INV001514,2025-12-26,C0166,P003,SR010,Southern,120,31.96,0.08,3528.38,20.33,1088.78,Pharmacy,,Paid
INV001515,2025-03-04,C0143,P002,SR008,Kuala Lumpur,29,20.37,0,590.73,9.86,304.79,Clinic,,Paid
INV001516,2025-01-05,C0084,P013,SR011,East Coast,12,14.36,0.1,155.09,8.98,47.33,Distributor,,Paid
INV001517,2025-03-13,C0045,P007,SR009,Northern,51,53.96,0.05,2614.36,26.47,1264.39,Pharmacy,,Paid
INV001518,2025-06-08,C0154,P012,SR005,East Coast,117,23.6,0.08,2540.3,11.86,1152.68,Clinic,,Paid
INV001519,2025-06-02,C0114,P001,SR001,Central,142,34.05,0.1,4351.59,21.72,1267.35,Hospital,,Paid
INV001520,2025-11-16,C0075,P004,SR009,Northern,179,19.97,0,3574.63,10.13,1761.36,Pharmacy,,Pending
INV001521,2026-05-25,C0050,P005,SR012,East Malaysia,121,48.8,0.15,5019.08,23.91,2125.97,Distributor,,Paid
INV001522,2026-04-04,C0030,P018,SR005,East Coast,91,17.27,0,1571.57,8.38,808.99,Pharmacy,CAM011,Paid
INV001523,2026-02-18,C0011,P012,SR001,Central,127,23.6,0.1,2697.48,11.86,1191.26,Distributor,,Paid
INV001524,2025-04-12,C0134,P003,SR008,Kuala Lumpur,139,31.96,0.05,4220.32,20.33,1394.45,Distributor,,Paid
INV001525,2025-07-25,C0073,P011,SR005,East Coast,119,15.5,0.08,1696.94,7.06,856.8,Pharmacy,CAM005,Paid
INV001526,2026-01-22,C0022,P016,SR006,East Malaysia,130,23.84,0,3099.2,14.05,1272.7,Hospital,,Paid
INV001527,2025-11-10,C0128,P010,SR003,Northern,140,17.45,0.1,2198.7,11.04,653.1,Hospital,,Paid
INV001528,2025-04-02,C0079,P018,SR004,Southern,169,17.27,0.03,2831.07,8.38,1414.85,Hospital,CAM002,Paid
INV001529,2025-11-07,C0099,P007,SR012,East Malaysia,142,53.96,0,7662.32,26.47,3903.58,Pharmacy,,Pending
INV001530,2026-03-21,C0131,P017,SR001,Central,135,60.49,0.03,7921.17,30.19,3845.52,Hospital,,Paid
INV001531,2025-08-08,C0026,P015,SR004,Southern,61,11.13,0.08,624.62,6.38,235.44,Hospital,CAM005,Paid
INV001532,2025-01-16,C0012,P013,SR002,Kuala Lumpur,34,14.36,0.15,415.0,8.98,109.68,Pharmacy,CAM001,Paid
INV001533,2025-12-05,C0046,P013,SR001,Central,100,14.36,0.1,1292.4,8.98,394.4,Clinic,,Paid
INV001534,2025-09-10,C0160,P009,SR012,East Malaysia,179,9.93,0.05,1688.6,6.14,589.54,Distributor,,Paid
INV001535,2025-07-29,C0168,P009,SR009,Northern,7,9.93,0.05,66.03,6.14,23.05,Clinic,,Paid
INV001536,2025-07-14,C0125,P009,SR002,Kuala Lumpur,165,9.93,0.08,1507.37,6.14,494.27,Clinic,CAM005,Paid
INV001537,2025-08-17,C0019,P004,SR005,East Coast,45,19.97,0.1,808.78,10.13,352.93,Hospital,,Paid
INV001538,2025-12-02,C0043,P009,SR009,Northern,77,9.93,0.05,726.38,6.14,253.6,Hospital,CAM008,Paid
INV001539,2025-05-03,C0102,P007,SR004,Southern,147,53.96,0.1,7138.91,26.47,3247.82,Pharmacy,,Paid
INV001540,2026-06-15,C0010,P016,SR009,Northern,32,23.84,0,762.88,14.05,313.28,Pharmacy,,Paid
INV001541,2026-02-02,C0048,P003,SR002,Kuala Lumpur,66,31.96,0.05,2003.89,20.33,662.11,Distributor,,Pending
INV001542,2026-03-29,C0153,P002,SR006,East Malaysia,58,20.37,0.08,1086.94,9.86,515.06,Clinic,CAM011,Overdue
INV001543,2025-12-16,C0065,P006,SR012,East Malaysia,123,28.44,0,3498.12,16.3,1493.22,Pharmacy,,Paid
INV001544,2025-06-06,C0075,P017,SR003,Northern,62,60.49,0,3750.38,30.19,1878.6,Pharmacy,CAM004,Paid
INV001545,2026-03-28,C0018,P008,SR008,Kuala Lumpur,147,17.6,0,2587.2,7.93,1421.49,Hospital,,Paid
INV001546,2025-04-25,C0176,P003,SR011,East Coast,137,31.96,0.05,4159.59,20.33,1374.38,Hospital,,Paid
INV001547,2025-11-26,C0095,P002,SR005,East Coast,31,20.37,0.08,580.95,9.86,275.29,Pharmacy,CAM008,Paid
INV001548,2026-02-01,C0146,P004,SR005,East Coast,165,19.97,0,3295.05,10.13,1623.6,Clinic,,Paid
INV001549,2026-05-03,C0147,P013,SR010,Southern,180,14.36,0.05,2455.56,8.98,839.16,Pharmacy,,Pending
INV001550,2026-05-18,C0157,P009,SR010,Southern,167,9.93,0.05,1575.39,6.14,550.01,Pharmacy,,Paid
INV001551,2026-01-04,C0058,P005,SR011,East Coast,168,48.8,0.08,7542.53,23.91,3525.65,Hospital,,Paid
INV001552,2025-09-21,C0042,P012,SR004,Southern,115,23.6,0.1,2442.6,11.86,1078.7,Hospital,CAM006,Paid
INV001553,2025-08-21,C0103,P005,SR008,Kuala Lumpur,58,48.8,0.15,2405.84,23.91,1019.06,Clinic,,Paid
INV001554,2026-04-09,C0114,P013,SR007,Central,98,14.36,0.03,1365.06,8.98,485.02,Hospital,,Paid
INV001555,2026-06-27,C0053,P008,SR001,Central,53,17.6,0.05,886.16,7.93,465.87,Clinic,,Overdue
INV001556,2026-01-08,C0119,P018,SR007,Central,100,17.27,0.05,1640.65,8.38,802.65,Distributor,CAM009,Paid
INV001557,2026-04-09,C0077,P014,SR002,Kuala Lumpur,56,18.87,0,1056.72,11.75,398.72,Hospital,,Paid
INV001558,2026-01-29,C0133,P014,SR001,Central,118,18.87,0,2226.66,11.75,840.16,Clinic,CAM009,Paid
INV001559,2025-06-09,C0165,P013,SR006,East Malaysia,43,14.36,0.05,586.61,8.98,200.47,Clinic,,Pending
INV001560,2025-05-14,C0125,P011,SR002,Kuala Lumpur,178,15.5,0,2759.0,7.06,1502.32,Clinic,,Paid
INV001561,2025-01-22,C0003,P002,SR011,East Coast,28,20.37,0.03,553.25,9.86,277.17,Pharmacy,,Paid
INV001562,2025-06-04,C0055,P010,SR003,Northern,97,17.45,0.05,1608.02,11.04,537.14,Hospital,CAM004,Paid
INV001563,2025-06-29,C0075,P010,SR003,Northern,148,17.45,0,2582.6,11.04,948.68,Pharmacy,,Pending
INV001564,2025-06-17,C0107,P004,SR010,Southern,45,19.97,0.05,853.72,10.13,397.87,Clinic,,Paid
INV001565,2025-10-15,C0177,P008,SR004,Southern,174,17.6,0.15,2603.04,7.93,1223.22,Hospital,,Paid
INV001566,2025-02-10,C0035,P013,SR009,Northern,102,14.36,0.05,1391.48,8.98,475.52,Clinic,,Paid
INV001567,2026-01-07,C0113,P006,SR009,Northern,10,28.44,0.15,241.74,16.3,78.74,Clinic,,Paid
INV001568,2025-12-14,C0022,P012,SR006,East Malaysia,50,23.6,0,1180.0,11.86,587.0,Hospital,CAM008,Pending
INV001569,2025-04-24,C0172,P007,SR011,East Coast,79,53.96,0.08,3921.81,26.47,1830.68,Pharmacy,,Paid
INV001570,2026-05-22,C0005,P014,SR003,Northern,98,18.87,0.1,1664.33,11.75,512.83,Pharmacy,CAM012,Overdue
INV001571,2025-01-25,C0126,P011,SR002,Kuala Lumpur,18,15.5,0.05,265.05,7.06,137.97,Hospital,,Paid
INV001572,2026-03-20,C0087,P002,SR007,Central,173,20.37,0.05,3347.81,9.86,1642.03,Clinic,,Paid
INV001573,2025-02-02,C0034,P001,SR002,Kuala Lumpur,82,34.05,0.03,2708.34,21.72,927.3,Pharmacy,,Paid
INV001574,2025-02-06,C0178,P009,SR007,Central,90,9.93,0.03,866.89,6.14,314.29,Hospital,,Overdue
INV001575,2026-03-11,C0105,P011,SR006,East Malaysia,93,15.5,0.08,1326.18,7.06,669.6,Hospital,,Paid
INV001576,2025-10-01,C0022,P015,SR006,East Malaysia,175,11.13,0.1,1752.98,6.38,636.48,Hospital,,Pending
INV001577,2025-01-24,C0033,P004,SR006,East Malaysia,24,19.97,0,479.28,10.13,236.16,Hospital,CAM001,Pending
INV001578,2025-03-19,C0003,P001,SR011,East Coast,163,34.05,0,5550.15,21.72,2009.79,Pharmacy,,Overdue
INV001579,2026-04-17,C0162,P011,SR001,Central,161,15.5,0,2495.5,7.06,1358.84,Hospital,,Paid
INV001580,2025-03-25,C0048,P003,SR002,Kuala Lumpur,5,31.96,0.05,151.81,20.33,50.16,Distributor,,Paid
INV001581,2025-03-23,C0100,P011,SR004,Southern,126,15.5,0.1,1757.7,7.06,868.14,Clinic,,Paid
INV001582,2025-07-10,C0121,P010,SR003,Northern,118,17.45,0,2059.1,11.04,756.38,Distributor,CAM005,Overdue
INV001583,2025-09-27,C0037,P018,SR002,Kuala Lumpur,36,17.27,0.08,571.98,8.38,270.3,Pharmacy,CAM006,Pending
INV001584,2025-08-22,C0042,P013,SR010,Southern,158,14.36,0.05,2155.44,8.98,736.6,Hospital,,Paid
INV001585,2025-09-14,C0089,P008,SR001,Central,172,17.6,0.1,2724.48,7.93,1360.52,Hospital,,Paid
INV001586,2025-06-15,C0017,P002,SR001,Central,131,20.37,0.03,2588.42,9.86,1296.76,Pharmacy,,Paid
INV001587,2026-03-17,C0021,P015,SR006,East Malaysia,177,11.13,0,1970.01,6.38,840.75,Clinic,,Paid
INV001588,2026-01-06,C0179,P003,SR010,Southern,86,31.96,0.05,2611.13,20.33,862.75,Pharmacy,,Paid
INV001589,2026-05-27,C0077,P016,SR008,Kuala Lumpur,144,23.84,0.15,2918.02,14.05,894.82,Hospital,CAM012,Paid
INV001590,2025-12-28,C0105,P015,SR012,East Malaysia,88,11.13,0.15,832.52,6.38,271.08,Hospital,,Overdue
INV001591,2026-04-20,C0119,P015,SR001,Central,41,11.13,0.08,419.82,6.38,158.24,Distributor,,Overdue
INV001592,2025-05-23,C0082,P013,SR004,Southern,107,14.36,0.03,1490.42,8.98,529.56,Clinic,,Pending
INV001593,2025-06-26,C0039,P006,SR001,Central,29,28.44,0,824.76,16.3,352.06,Distributor,,Paid
INV001594,2025-10-05,C0087,P007,SR001,Central,132,53.96,0.03,6909.04,26.47,3415.0,Clinic,CAM007,Paid
INV001595,2026-05-14,C0156,P016,SR007,Central,116,23.84,0.15,2350.62,14.05,720.82,Distributor,CAM012,Paid
INV001596,2025-04-19,C0018,P011,SR008,Kuala Lumpur,160,15.5,0.03,2405.6,7.06,1276.0,Hospital,CAM003,Pending
INV001597,2026-03-03,C0126,P001,SR008,Kuala Lumpur,166,34.05,0,5652.3,21.72,2046.78,Hospital,,Paid
INV001598,2026-03-16,C0157,P004,SR004,Southern,140,19.97,0.03,2711.93,10.13,1293.73,Pharmacy,,Pending
INV001599,2025-05-12,C0095,P016,SR005,East Coast,9,23.84,0.05,203.83,14.05,77.38,Pharmacy,,Paid
INV001600,2025-08-03,C0084,P008,SR011,East Coast,167,17.6,0.1,2645.28,7.93,1320.97,Distributor,,Pending
INV001601,2025-12-15,C0148,P011,SR003,Northern,37,15.5,0.15,487.47,7.06,226.25,Pharmacy,,Paid
INV001602,2025-08-23,C0152,P008,SR006,East Malaysia,130,17.6,0.05,2173.6,7.93,1142.7,Hospital,,Paid
INV001603,2025-04-08,C0099,P005,SR012,East Malaysia,25,48.8,0.05,1159.0,23.91,561.25,Pharmacy,,Pending
INV001604,2025-09-30,C0018,P015,SR008,Kuala Lumpur,54,11.13,0.08,552.94,6.38,208.42,Hospital,CAM006,Paid
INV001605,2025-03-02,C0122,P008,SR006,East Malaysia,167,17.6,0,2939.2,7.93,1614.89,Pharmacy,,Paid
INV001606,2025-05-30,C0070,P011,SR007,Central,85,15.5,0.05,1251.62,7.06,651.52,Pharmacy,,Pending
INV001607,2025-07-12,C0153,P004,SR012,East Malaysia,20,19.97,0.08,367.45,10.13,164.85,Clinic,CAM005,Paid
INV001608,2026-01-21,C0109,P001,SR012,East Malaysia,71,34.05,0,2417.55,21.72,875.43,Clinic,CAM009,Paid
INV001609,2026-03-08,C0021,P012,SR012,East Malaysia,42,23.6,0.05,941.64,11.86,443.52,Clinic,,Paid
INV001610,2026-03-31,C0081,P004,SR010,Southern,121,19.97,0.03,2343.88,10.13,1118.15,Pharmacy,,Paid
INV001611,2025-06-16,C0151,P005,SR008,Kuala Lumpur,9,48.8,0,439.2,23.91,224.01,Distributor,,Paid
INV001612,2026-01-13,C0037,P011,SR008,Kuala Lumpur,145,15.5,0,2247.5,7.06,1223.8,Pharmacy,,Paid
INV001613,2025-07-02,C0084,P002,SR011,East Coast,87,20.37,0.05,1683.58,9.86,825.76,Distributor,,Pending
INV001614,2025-02-27,C0034,P016,SR002,Kuala Lumpur,22,23.84,0,524.48,14.05,215.38,Pharmacy,CAM002,Overdue
INV001615,2025-08-29,C0024,P012,SR007,Central,91,23.6,0,2147.6,11.86,1068.34,Clinic,,Paid
INV001616,2026-02-15,C0140,P002,SR007,Central,169,20.37,0.08,3167.13,9.86,1500.79,Clinic,,Paid
INV001617,2025-04-02,C0054,P015,SR005,East Coast,34,11.13,0.08,348.15,6.38,131.23,Pharmacy,,Paid
INV001618,2025-02-27,C0166,P018,SR004,Southern,18,17.27,0.05,295.32,8.38,144.48,Pharmacy,,Paid
INV001619,2025-02-13,C0057,P008,SR005,East Coast,40,17.6,0.05,668.8,7.93,351.6,Clinic,,Paid
INV001620,2026-02-10,C0005,P017,SR009,Northern,131,60.49,0,7924.19,30.19,3969.3,Pharmacy,,Paid
INV001621,2025-03-11,C0011,P007,SR001,Central,58,53.96,0,3129.68,26.47,1594.42,Distributor,,Paid
INV001622,2025-03-24,C0149,P012,SR002,Kuala Lumpur,106,23.6,0,2501.6,11.86,1244.44,Clinic,,Pending
INV001623,2025-10-16,C0069,P018,SR012,East Malaysia,135,17.27,0.03,2261.51,8.38,1130.21,Clinic,,Pending
INV001624,2025-09-20,C0086,P007,SR009,Northern,71,53.96,0.03,3716.23,26.47,1836.86,Clinic,,Paid
INV001625,2026-04-02,C0155,P017,SR010,Southern,57,60.49,0,3447.93,30.19,1727.1,Hospital,CAM011,Pending
INV001626,2025-07-30,C0052,P010,SR002,Kuala Lumpur,156,17.45,0.1,2449.98,11.04,727.74,Clinic,,Paid
INV001627,2025-08-24,C0146,P009,SR005,East Coast,135,9.93,0,1340.55,6.14,511.65,Clinic,CAM005,Pending
INV001628,2025-07-31,C0128,P013,SR009,Northern,122,14.36,0.15,1489.13,8.98,393.57,Hospital,,Paid
INV001629,2026-05-19,C0123,P018,SR012,East Malaysia,175,17.27,0.1,2720.03,8.38,1253.53,Clinic,CAM012,Pending
INV001630,2025-02-01,C0159,P002,SR001,Central,75,20.37,0.15,1298.59,9.86,559.09,Pharmacy,CAM001,Pending
INV001631,2025-06-13,C0025,P002,SR012,East Malaysia,60,20.37,0.05,1161.09,9.86,569.49,Hospital,,Pending
INV001632,2026-01-17,C0020,P009,SR007,Central,172,9.93,0,1707.96,6.14,651.88,Clinic,,Pending
INV001633,2025-11-06,C0037,P009,SR008,Kuala Lumpur,57,9.93,0,566.01,6.14,216.03,Pharmacy,,Paid
INV001634,2025-02-01,C0122,P006,SR006,East Malaysia,33,28.44,0,938.52,16.3,400.62,Pharmacy,CAM001,Paid
INV001635,2026-05-07,C0017,P005,SR001,Central,21,48.8,0.03,994.06,23.91,491.95,Pharmacy,,Paid
INV001636,2026-03-19,C0120,P014,SR005,East Coast,8,18.87,0.05,143.41,11.75,49.41,Pharmacy,,Paid
INV001637,2025-03-06,C0072,P010,SR010,Southern,56,17.45,0.1,879.48,11.04,261.24,Clinic,CAM002,Overdue
INV001638,2025-07-12,C0061,P015,SR005,East Coast,171,11.13,0,1903.23,6.38,812.25,Pharmacy,,Pending
INV001639,2026-05-16,C0060,P002,SR011,East Coast,98,20.37,0,1996.26,9.86,1029.98,Distributor,,Pending
INV001640,2025-06-17,C0096,P012,SR005,East Coast,87,23.6,0.08,1888.94,11.86,857.12,Hospital,,Paid
INV001641,2026-02-16,C0096,P015,SR011,East Coast,79,11.13,0,879.27,6.38,375.25,Hospital,,Pending
INV001642,2026-02-22,C0093,P014,SR004,Southern,159,18.87,0.03,2910.32,11.75,1042.07,Pharmacy,CAM010,Paid
INV001643,2026-04-07,C0139,P006,SR002,Kuala Lumpur,92,28.44,0.05,2485.66,16.3,986.06,Clinic,,Paid
INV001644,2025-12-16,C0139,P006,SR002,Kuala Lumpur,57,28.44,0.1,1458.97,16.3,529.87,Clinic,,Pending
INV001645,2025-04-25,C0129,P018,SR006,East Malaysia,138,17.27,0,2383.26,8.38,1226.82,Clinic,CAM003,Pending
INV001646,2025-12-09,C0126,P004,SR008,Kuala Lumpur,100,19.97,0.05,1897.15,10.13,884.15,Hospital,,Paid
INV001647,2026-02-07,C0057,P012,SR011,East Coast,32,23.6,0,755.2,11.86,375.68,Clinic,,Paid
INV001648,2025-06-09,C0178,P007,SR001,Central,134,53.96,0.08,6652.19,26.47,3105.21,Hospital,,Pending
INV001649,2025-11-10,C0062,P013,SR008,Kuala Lumpur,58,14.36,0.05,791.24,8.98,270.4,Pharmacy,,Paid
INV001650,2025-07-15,C0007,P001,SR001,Central,80,34.05,0,2724.0,21.72,986.4,Clinic,CAM005,Paid
INV001651,2026-04-09,C0031,P014,SR007,Central,174,18.87,0.05,3119.21,11.75,1074.71,Pharmacy,,Paid
INV001652,2026-02-02,C0096,P007,SR011,East Coast,114,53.96,0.05,5843.87,26.47,2826.29,Hospital,,Paid
INV001653,2025-02-12,C0174,P016,SR004,Southern,132,23.84,0.03,3052.47,14.05,1197.87,Hospital,,Paid
INV001654,2026-04-30,C0099,P018,SR006,East Malaysia,113,17.27,0.08,1795.39,8.38,848.45,Pharmacy,,Paid
INV001655,2026-05-18,C0007,P013,SR001,Central,129,14.36,0.08,1704.24,8.98,545.82,Clinic,CAM012,Paid
INV001656,2025-03-26,C0063,P004,SR008,Kuala Lumpur,102,19.97,0.08,1873.98,10.13,840.72,Clinic,CAM002,Paid
INV001657,2025-11-14,C0142,P015,SR006,East Malaysia,162,11.13,0.05,1712.91,6.38,679.35,Pharmacy,CAM008,Paid
INV001658,2025-01-29,C0130,P015,SR004,Southern,133,11.13,0,1480.29,6.38,631.75,Clinic,CAM001,Pending
INV001659,2025-02-19,C0065,P004,SR012,East Malaysia,49,19.97,0.1,880.68,10.13,384.31,Pharmacy,CAM002,Paid
INV001660,2025-12-06,C0110,P004,SR002,Kuala Lumpur,24,19.97,0,479.28,10.13,236.16,Hospital,,Paid
INV001661,2025-06-30,C0097,P002,SR007,Central,51,20.37,0,1038.87,9.86,536.01,Pharmacy,,Paid
INV001662,2026-05-21,C0059,P015,SR005,East Coast,30,11.13,0,333.9,6.38,142.5,Distributor,CAM012,Paid
INV001663,2026-01-11,C0179,P014,SR004,Southern,139,18.87,0.1,2360.64,11.75,727.39,Pharmacy,,Paid
INV001664,2026-03-05,C0122,P002,SR012,East Malaysia,116,20.37,0.05,2244.77,9.86,1101.01,Pharmacy,,Paid
INV001665,2025-09-27,C0171,P012,SR007,Central,107,23.6,0.05,2398.94,11.86,1129.92,Pharmacy,CAM006,Paid
INV001666,2025-06-15,C0023,P006,SR005,East Coast,119,28.44,0.08,3113.61,16.3,1173.91,Clinic,,Paid
INV001667,2026-05-05,C0018,P006,SR008,Kuala Lumpur,34,28.44,0.05,918.61,16.3,364.41,Hospital,CAM011,Paid
INV001668,2026-02-05,C0003,P012,SR005,East Coast,135,23.6,0.08,2931.12,11.86,1330.02,Pharmacy,,Paid
INV001669,2025-09-30,C0150,P017,SR005,East Coast,82,60.49,0.1,4464.16,30.19,1988.58,Pharmacy,CAM006,Pending
INV001670,2025-08-07,C0049,P016,SR007,Central,127,23.84,0,3027.68,14.05,1243.33,Pharmacy,CAM005,Paid
INV001671,2025-05-11,C0131,P005,SR001,Central,127,48.8,0.05,5887.72,23.91,2851.15,Hospital,,Overdue
INV001672,2025-06-18,C0064,P014,SR010,Southern,62,18.87,0.1,1052.95,11.75,324.45,Clinic,,Paid
INV001673,2026-03-19,C0011,P011,SR007,Central,12,15.5,0,186.0,7.06,101.28,Distributor,,Pending
INV001674,2026-01-18,C0101,P015,SR003,Northern,37,11.13,0.05,391.22,6.38,155.16,Distributor,,Paid
INV001675,2026-02-21,C0166,P006,SR004,Southern,158,28.44,0.05,4268.84,16.3,1693.44,Pharmacy,,Paid
INV001676,2025-02-01,C0107,P003,SR004,Southern,42,31.96,0.08,1234.93,20.33,381.07,Clinic,CAM001,Paid
INV001677,2026-04-21,C0167,P011,SR009,Northern,142,15.5,0.05,2090.95,7.06,1088.43,Clinic,,Pending
INV001678,2026-04-27,C0131,P016,SR007,Central,155,23.84,0.08,3399.58,14.05,1221.83,Hospital,,Paid
INV001679,2025-05-21,C0121,P011,SR003,Northern,130,15.5,0.15,1712.75,7.06,794.95,Distributor,,Paid
INV001680,2025-03-06,C0065,P009,SR012,East Malaysia,78,9.93,0.05,735.81,6.14,256.89,Pharmacy,CAM002,Pending
INV001681,2025-07-15,C0090,P010,SR002,Kuala Lumpur,90,17.45,0.05,1491.97,11.04,498.37,Hospital,,Paid
INV001682,2026-03-11,C0172,P007,SR005,East Coast,80,53.96,0,4316.8,26.47,2199.2,Pharmacy,,Paid
INV001683,2025-11-25,C0053,P015,SR001,Central,35,11.13,0.08,358.39,6.38,135.09,Clinic,,Paid
INV001684,2025-07-30,C0154,P011,SR005,East Coast,170,15.5,0.1,2371.5,7.06,1171.3,Clinic,,Paid
INV001685,2025-10-05,C0146,P015,SR011,East Coast,42,11.13,0.03,453.44,6.38,185.48,Clinic,CAM007,Overdue
INV001686,2026-02-07,C0001,P003,SR004,Southern,70,31.96,0.15,1901.62,20.33,478.52,Pharmacy,,Paid
INV001687,2025-10-11,C0131,P014,SR001,Central,73,18.87,0,1377.51,11.75,519.76,Hospital,,Overdue
INV001688,2025-04-21,C0122,P014,SR012,East Malaysia,85,18.87,0,1603.95,11.75,605.2,Pharmacy,CAM003,Pending
INV001689,2025-02-25,C0011,P003,SR007,Central,32,31.96,0.05,971.58,20.33,321.02,Distributor,CAM002,Overdue
INV001690,2026-03-10,C0053,P002,SR001,Central,7,20.37,0,142.59,9.86,73.57,Clinic,,Paid
INV001691,2025-10-19,C0111,P008,SR002,Kuala Lumpur,61,17.6,0.05,1019.92,7.93,536.19,Pharmacy,,Paid
INV001692,2025-12-29,C0061,P005,SR005,East Coast,146,48.8,0.05,6768.56,23.91,3277.7,Pharmacy,,Paid
INV001693,2026-01-28,C0053,P018,SR001,Central,46,17.27,0,794.42,8.38,408.94,Clinic,,Overdue
INV001694,2025-10-04,C0125,P004,SR002,Kuala Lumpur,68,19.97,0.1,1222.16,10.13,533.32,Clinic,CAM007,Paid
INV001695,2025-06-27,C0057,P009,SR005,East Coast,5,9.93,0,49.65,6.14,18.95,Clinic,,Paid
INV001696,2026-01-31,C0115,P007,SR004,Southern,30,53.96,0.1,1456.92,26.47,662.82,Pharmacy,,Paid
INV001697,2025-06-03,C0099,P013,SR006,East Malaysia,143,14.36,0.08,1889.2,8.98,605.06,Pharmacy,CAM004,Paid
INV001698,2026-06-21,C0088,P011,SR003,Northern,132,15.5,0.05,1943.7,7.06,1011.78,Distributor,,Paid
INV001699,2026-03-29,C0156,P007,SR007,Central,41,53.96,0.08,2035.37,26.47,950.1,Distributor,,Paid
INV001700,2026-01-22,C0044,P013,SR001,Central,60,14.36,0.03,835.75,8.98,296.95,Clinic,,Paid
INV001701,2025-10-25,C0060,P013,SR011,East Coast,11,14.36,0.08,145.32,8.98,46.54,Distributor,,Paid
INV001702,2025-03-08,C0116,P001,SR010,Southern,151,34.05,0.03,4987.3,21.72,1707.58,Clinic,,Paid
INV001703,2026-04-02,C0109,P003,SR012,East Malaysia,70,31.96,0.03,2170.08,20.33,746.98,Clinic,CAM011,Paid
INV001704,2025-06-22,C0057,P017,SR005,East Coast,14,60.49,0.15,719.83,30.19,297.17,Clinic,,Paid
INV001705,2025-08-23,C0024,P006,SR001,Central,162,28.44,0.08,4238.7,16.3,1598.1,Clinic,CAM005,Paid
INV001706,2025-09-19,C0116,P005,SR010,Southern,41,48.8,0.1,1800.72,23.91,820.41,Clinic,CAM006,Paid
INV001707,2025-11-16,C0043,P017,SR003,Northern,64,60.49,0.1,3484.22,30.19,1552.06,Hospital,,Paid
INV001708,2025-06-30,C0074,P018,SR012,East Malaysia,113,17.27,0.1,1756.36,8.38,809.42,Pharmacy,CAM005,Paid
INV001709,2025-03-20,C0018,P004,SR008,Kuala Lumpur,50,19.97,0.05,948.57,10.13,442.07,Hospital,,Paid
INV001710,2026-01-13,C0046,P005,SR001,Central,67,48.8,0.08,3008.03,23.91,1406.06,Clinic,CAM009,Pending
INV001711,2026-06-10,C0006,P017,SR006,East Malaysia,105,60.49,0,6351.45,30.19,3181.5,Clinic,CAM012,Pending
INV001712,2025-09-05,C0156,P012,SR007,Central,123,23.6,0,2902.8,11.86,1444.02,Distributor,CAM006,Paid
INV001713,2025-06-15,C0164,P002,SR005,East Coast,101,20.37,0,2057.37,9.86,1061.51,Pharmacy,CAM004,Paid
INV001714,2026-02-09,C0141,P018,SR012,East Malaysia,139,17.27,0.05,2280.5,8.38,1115.68,Clinic,,Paid
INV001715,2026-06-17,C0091,P013,SR009,Northern,139,14.36,0.15,1696.63,8.98,448.41,Clinic,,Paid
INV001716,2026-05-27,C0033,P002,SR006,East Malaysia,23,20.37,0.05,445.08,9.86,218.3,Hospital,,Paid
INV001717,2026-02-27,C0098,P013,SR012,East Malaysia,100,14.36,0,1436.0,8.98,538.0,Distributor,,Pending
INV001718,2025-08-09,C0112,P005,SR011,East Coast,156,48.8,0.08,7003.78,23.91,3273.82,Pharmacy,,Paid
INV001719,2025-11-06,C0102,P008,SR004,Southern,9,17.6,0.1,142.56,7.93,71.19,Pharmacy,,Pending
INV001720,2025-09-16,C0125,P013,SR008,Kuala Lumpur,124,14.36,0.03,1727.22,8.98,613.7,Clinic,CAM006,Paid
INV001721,2025-02-22,C0063,P005,SR002,Kuala Lumpur,80,48.8,0.03,3786.88,23.91,1874.08,Clinic,,Pending
INV001722,2026-03-20,C0020,P010,SR007,Central,136,17.45,0.05,2254.54,11.04,753.1,Clinic,,Paid
INV001723,2026-05-06,C0018,P012,SR008,Kuala Lumpur,54,23.6,0.03,1236.17,11.86,595.73,Hospital,,Paid
INV001724,2025-04-14,C0038,P018,SR009,Northern,20,17.27,0,345.4,8.38,177.8,Pharmacy,CAM003,Paid
INV001725,2026-02-18,C0086,P015,SR009,Northern,164,11.13,0.03,1770.56,6.38,724.24,Clinic,,Pending
INV001726,2025-05-07,C0113,P016,SR009,Northern,136,23.84,0,3242.24,14.05,1331.44,Clinic,,Pending
INV001727,2026-06-03,C0018,P005,SR008,Kuala Lumpur,89,48.8,0.08,3995.74,23.91,1867.75,Hospital,,Pending
INV001728,2025-10-01,C0037,P005,SR002,Kuala Lumpur,28,48.8,0.05,1298.08,23.91,628.6,Pharmacy,CAM006,Paid
INV001729,2025-11-07,C0004,P005,SR005,East Coast,112,48.8,0.05,5192.32,23.91,2514.4,Pharmacy,,Paid
INV001730,2025-06-05,C0110,P018,SR008,Kuala Lumpur,58,17.27,0,1001.66,8.38,515.62,Hospital,CAM004,Paid
INV001731,2026-05-10,C0017,P008,SR007,Central,47,17.6,0.15,703.12,7.93,330.41,Pharmacy,,Paid
INV001732,2025-03-23,C0172,P015,SR011,East Coast,162,11.13,0.08,1658.82,6.38,625.26,Pharmacy,,Paid
INV001733,2025-09-22,C0148,P018,SR009,Northern,166,17.27,0.08,2637.47,8.38,1246.39,Pharmacy,,Paid
INV001734,2026-06-17,C0175,P009,SR003,Northern,62,9.93,0.1,554.09,6.14,173.41,Hospital,,Paid
INV001735,2025-10-06,C0085,P017,SR008,Kuala Lumpur,132,60.49,0.15,6786.98,30.19,2801.9,Pharmacy,,Paid
INV001736,2025-11-04,C0066,P004,SR005,East Coast,147,19.97,0,2935.59,10.13,1446.48,Pharmacy,,Pending
INV001737,2025-09-12,C0119,P005,SR001,Central,143,48.8,0.05,6629.48,23.91,3210.35,Distributor,,Paid
INV001738,2025-12-06,C0077,P003,SR002,Kuala Lumpur,46,31.96,0.05,1396.65,20.33,461.47,Hospital,,Paid
INV001739,2025-11-18,C0015,P014,SR011,East Coast,115,18.87,0,2170.05,11.75,818.8,Clinic,,Paid
INV001740,2026-01-15,C0031,P010,SR001,Central,129,17.45,0.1,2025.94,11.04,601.78,Pharmacy,,Overdue
INV001741,2025-08-08,C0104,P014,SR006,East Malaysia,78,18.87,0,1471.86,11.75,555.36,Pharmacy,,Paid
INV001742,2025-12-01,C0152,P013,SR006,East Malaysia,30,14.36,0,430.8,8.98,161.4,Hospital,,Paid
INV001743,2026-03-15,C0127,P003,SR002,Kuala Lumpur,18,31.96,0,575.28,20.33,209.34,Pharmacy,,Paid
INV001744,2025-05-17,C0075,P012,SR009,Northern,175,23.6,0.05,3923.5,11.86,1848.0,Pharmacy,CAM004,Paid
INV001745,2025-02-09,C0150,P003,SR005,East Coast,162,31.96,0,5177.52,20.33,1884.06,Pharmacy,,Pending
INV001746,2026-02-05,C0126,P004,SR008,Kuala Lumpur,156,19.97,0.03,3021.86,10.13,1441.58,Hospital,,Pending
INV001747,2025-03-15,C0157,P010,SR004,Southern,21,17.45,0.05,348.13,11.04,116.29,Pharmacy,,Paid
INV001748,2026-06-12,C0025,P016,SR006,East Malaysia,77,23.84,0,1835.68,14.05,753.83,Hospital,,Pending
INV001749,2025-06-16,C0178,P016,SR007,Central,96,23.84,0.15,1945.34,14.05,596.54,Hospital,CAM004,Paid
INV001750,2025-08-29,C0080,P011,SR005,East Coast,66,15.5,0.05,971.85,7.06,505.89,Hospital,,Paid
INV001751,2025-03-02,C0151,P004,SR002,Kuala Lumpur,32,19.97,0.15,543.18,10.13,219.02,Distributor,CAM002,Paid
INV001752,2025-12-07,C0177,P011,SR004,Southern,128,15.5,0.05,1884.8,7.06,981.12,Hospital,CAM008,Overdue
INV001753,2025-08-03,C0122,P002,SR012,East Malaysia,45,20.37,0.03,889.15,9.86,445.45,Pharmacy,,Paid
INV001754,2025-09-16,C0100,P006,SR010,Southern,123,28.44,0.08,3218.27,16.3,1213.37,Clinic,,Paid
INV001755,2025-11-28,C0116,P005,SR010,Southern,113,48.8,0.08,5073.25,23.91,2371.42,Clinic,,Pending
INV001756,2025-07-08,C0002,P006,SR007,Central,111,28.44,0,3156.84,16.3,1347.54,Clinic,,Paid
INV001757,2025-02-13,C0036,P008,SR007,Central,76,17.6,0.1,1203.84,7.93,601.16,Distributor,,Pending
INV001758,2026-03-04,C0010,P001,SR009,Northern,92,34.05,0.1,2819.34,21.72,821.1,Pharmacy,,Paid
INV001759,2026-05-10,C0129,P007,SR006,East Malaysia,42,53.96,0.03,2198.33,26.47,1086.59,Clinic,,Paid
INV001760,2026-06-02,C0071,P017,SR012,East Malaysia,140,60.49,0.15,7198.31,30.19,2971.71,Pharmacy,,Paid
INV001761,2026-03-22,C0011,P015,SR007,Central,142,11.13,0.15,1343.39,6.38,437.43,Distributor,,Paid
INV001762,2025-10-19,C0086,P001,SR009,Northern,155,34.05,0.05,5013.86,21.72,1647.26,Clinic,,Paid
INV001763,2026-03-04,C0119,P008,SR007,Central,156,17.6,0,2745.6,7.93,1508.52,Distributor,CAM010,Pending
INV001764,2025-09-18,C0102,P009,SR004,Southern,140,9.93,0,1390.2,6.14,530.6,Pharmacy,CAM006,Paid
INV001765,2025-01-03,C0111,P002,SR002,Kuala Lumpur,75,20.37,0.05,1451.36,9.86,711.86,Pharmacy,,Overdue
INV001766,2025-01-17,C0129,P010,SR006,East Malaysia,132,17.45,0.15,1957.89,11.04,500.61,Clinic,CAM001,Pending
INV001767,2025-08-29,C0100,P018,SR010,Southern,50,17.27,0.05,820.32,8.38,401.32,Clinic,CAM006,Paid
INV001768,2025-09-09,C0123,P001,SR006,East Malaysia,38,34.05,0.15,1099.81,21.72,274.45,Clinic,,Paid
INV001769,2025-10-27,C0172,P009,SR011,East Coast,46,9.93,0.1,411.1,6.14,128.66,Pharmacy,CAM007,Paid
INV001770,2025-10-23,C0080,P018,SR005,East Coast,24,17.27,0.15,352.31,8.38,151.19,Hospital,,Pending
INV001771,2025-01-04,C0062,P003,SR008,Kuala Lumpur,50,31.96,0,1598.0,20.33,581.5,Pharmacy,,Paid
INV001772,2026-04-22,C0131,P004,SR007,Central,176,19.97,0.05,3338.98,10.13,1556.1,Hospital,,Paid
INV001773,2025-04-05,C0091,P006,SR009,Northern,53,28.44,0.05,1431.95,16.3,568.05,Clinic,CAM002,Pending
INV001774,2025-03-30,C0017,P006,SR001,Central,92,28.44,0,2616.48,16.3,1116.88,Pharmacy,,Paid
INV001775,2026-05-06,C0162,P012,SR001,Central,92,23.6,0.1,1954.08,11.86,862.96,Hospital,,Paid
INV001776,2026-06-09,C0104,P007,SR006,East Malaysia,53,53.96,0.05,2716.89,26.47,1313.98,Pharmacy,,Paid
INV001777,2025-03-10,C0059,P016,SR011,East Coast,104,23.84,0.03,2404.98,14.05,943.78,Distributor,,Pending
INV001778,2025-02-07,C0116,P007,SR004,Southern,151,53.96,0.03,7903.52,26.47,3906.55,Clinic,,Overdue
INV001779,2025-12-13,C0107,P001,SR010,Southern,123,34.05,0,4188.15,21.72,1516.59,Clinic,,Paid
INV001780,2025-04-30,C0152,P005,SR012,East Malaysia,131,48.8,0.05,6073.16,23.91,2940.95,Hospital,,Pending
INV001781,2025-05-03,C0160,P002,SR012,East Malaysia,67,20.37,0.03,1323.85,9.86,663.23,Distributor,,Pending
INV001782,2025-10-28,C0010,P004,SR003,Northern,81,19.97,0.08,1488.16,10.13,667.63,Pharmacy,,Paid
INV001783,2026-01-24,C0040,P009,SR009,Northern,110,9.93,0.15,928.45,6.14,253.05,Pharmacy,,Paid
INV001784,2026-05-26,C0079,P010,SR010,Southern,10,17.45,0,174.5,11.04,64.1,Hospital,CAM012,Paid
INV001785,2025-05-21,C0135,P004,SR010,Southern,34,19.97,0,678.98,10.13,334.56,Clinic,CAM004,Paid
INV001786,2025-05-07,C0047,P007,SR005,East Coast,64,53.96,0,3453.44,26.47,1759.36,Hospital,,Paid
INV001787,2025-03-23,C0141,P018,SR012,East Malaysia,146,17.27,0.08,2319.71,8.38,1096.23,Clinic,CAM002,Pending
INV001788,2025-02-11,C0080,P014,SR005,East Coast,173,18.87,0.03,3166.57,11.75,1133.82,Hospital,,Paid
INV001789,2025-04-07,C0151,P001,SR002,Kuala Lumpur,127,34.05,0,4324.35,21.72,1565.91,Distributor,,Paid
INV001790,2025-04-20,C0068,P006,SR005,East Coast,25,28.44,0.03,689.67,16.3,282.17,Distributor,CAM003,Paid
INV001791,2025-01-18,C0121,P007,SR003,Northern,48,53.96,0.08,2382.87,26.47,1112.31,Distributor,,Paid
INV001792,2025-09-02,C0105,P001,SR012,East Malaysia,152,34.05,0.08,4761.55,21.72,1460.11,Hospital,,Paid
INV001793,2025-09-01,C0016,P014,SR005,East Coast,161,18.87,0.08,2795.02,11.75,903.27,Clinic,CAM006,Paid
INV001794,2026-02-19,C0152,P014,SR012,East Malaysia,73,18.87,0,1377.51,11.75,519.76,Hospital,,Paid
INV001795,2026-03-07,C0066,P016,SR005,East Coast,34,23.84,0.05,770.03,14.05,292.33,Pharmacy,CAM010,Paid
INV001796,2025-07-08,C0165,P004,SR006,East Malaysia,38,19.97,0.08,698.15,10.13,313.21,Clinic,CAM005,Pending
INV001797,2025-03-15,C0176,P013,SR005,East Coast,60,14.36,0.03,835.75,8.98,296.95,Hospital,CAM002,Paid
INV001798,2025-04-24,C0179,P001,SR010,Southern,32,34.05,0.03,1056.91,21.72,361.87,Pharmacy,,Paid
INV001799,2025-05-07,C0095,P011,SR011,East Coast,101,15.5,0.08,1440.26,7.06,727.2,Pharmacy,,Paid
INV001800,2026-03-31,C0170,P007,SR006,East Malaysia,57,53.96,0.03,2983.45,26.47,1474.66,Hospital,CAM011,Paid
INV001801,2025-10-08,C0112,P002,SR011,East Coast,5,20.37,0.05,96.76,9.86,47.46,Pharmacy,CAM007,Pending
INV001802,2026-06-21,C0075,P007,SR009,Northern,33,53.96,0.1,1602.61,26.47,729.1,Pharmacy,,Paid
INV001803,2025-10-14,C0046,P014,SR001,Central,126,18.87,0.08,2187.41,11.75,706.91,Clinic,,Paid
INV001804,2025-12-23,C0078,P008,SR010,Southern,56,17.6,0.08,906.75,7.93,462.67,Clinic,CAM008,Overdue
INV001805,2025-10-04,C0042,P016,SR004,Southern,117,23.84,0.1,2510.35,14.05,866.5,Hospital,CAM007,Paid
INV001806,2026-01-29,C0057,P018,SR005,East Coast,33,17.27,0.03,552.81,8.38,276.27,Clinic,,Paid
INV001807,2025-04-12,C0070,P017,SR007,Central,108,60.49,0,6532.92,30.19,3272.4,Pharmacy,,Pending
INV001808,2025-09-05,C0073,P009,SR005,East Coast,176,9.93,0.15,1485.53,6.14,404.89,Pharmacy,,Paid
INV001809,2026-06-27,C0047,P016,SR005,East Coast,43,23.84,0.15,871.35,14.05,267.2,Hospital,,Paid
INV001810,2026-03-06,C0146,P011,SR005,East Coast,128,15.5,0,1984.0,7.06,1080.32,Clinic,CAM010,Pending
INV001811,2026-03-12,C0065,P009,SR006,East Malaysia,165,9.93,0.05,1556.53,6.14,543.43,Pharmacy,,Paid
INV001812,2026-01-01,C0025,P013,SR012,East Malaysia,164,14.36,0,2355.04,8.98,882.32,Hospital,CAM008,Pending
INV001813,2026-01-01,C0121,P008,SR009,Northern,131,17.6,0,2305.6,7.93,1266.77,Distributor,,Paid
INV001814,2025-03-20,C0027,P005,SR001,Central,110,48.8,0.1,4831.2,23.91,2201.1,Hospital,CAM002,Paid
INV001815,2025-03-16,C0027,P018,SR007,Central,39,17.27,0,673.53,8.38,346.71,Hospital,CAM002,Paid
INV001816,2025-09-20,C0003,P014,SR005,East Coast,76,18.87,0.05,1362.41,11.75,469.41,Pharmacy,,Pending
INV001817,2025-04-06,C0088,P008,SR003,Northern,28,17.6,0.1,443.52,7.93,221.48,Distributor,,Paid
INV001818,2025-09-04,C0012,P016,SR008,Kuala Lumpur,143,23.84,0,3409.12,14.05,1399.97,Pharmacy,,Pending
INV001819,2026-05-17,C0056,P014,SR009,Northern,30,18.87,0,566.1,11.75,213.6,Pharmacy,,Overdue
INV001820,2025-10-12,C0001,P014,SR010,Southern,96,18.87,0.08,1666.6,11.75,538.6,Pharmacy,,Paid
INV001821,2025-04-10,C0161,P001,SR007,Central,54,34.05,0,1838.7,21.72,665.82,Pharmacy,CAM002,Pending
INV001822,2025-07-20,C0054,P007,SR005,East Coast,80,53.96,0.05,4100.96,26.47,1983.36,Pharmacy,,Paid
INV001823,2025-05-18,C0009,P004,SR005,East Coast,98,19.97,0.05,1859.21,10.13,866.47,Distributor,,Paid
INV001824,2026-03-19,C0040,P003,SR003,Northern,126,31.96,0.03,3906.15,20.33,1344.57,Pharmacy,,Paid
INV001825,2025-02-05,C0137,P006,SR007,Central,32,28.44,0,910.08,16.3,388.48,Pharmacy,CAM001,Paid
INV001826,2025-04-22,C0112,P008,SR005,East Coast,73,17.6,0.08,1182.02,7.93,603.13,Pharmacy,,Pending
INV001827,2026-06-28,C0152,P011,SR012,East Malaysia,45,15.5,0.1,627.75,7.06,310.05,Hospital,,Paid
INV001828,2025-08-09,C0115,P014,SR004,Southern,161,18.87,0.1,2734.26,11.75,842.51,Pharmacy,,Paid
INV001829,2025-08-08,C0006,P007,SR012,East Malaysia,80,53.96,0.03,4187.3,26.47,2069.7,Clinic,,Overdue
INV001830,2025-04-29,C0178,P005,SR001,Central,63,48.8,0.08,2828.45,23.91,1322.12,Hospital,,Pending
INV001831,2026-05-06,C0102,P005,SR004,Southern,137,48.8,0,6685.6,23.91,3409.93,Pharmacy,,Pending
INV001832,2025-09-04,C0013,P017,SR005,East Coast,66,60.49,0.05,3792.72,30.19,1800.18,Pharmacy,CAM006,Paid
INV001833,2025-12-07,C0141,P005,SR006,East Malaysia,16,48.8,0.05,741.76,23.91,359.2,Clinic,,Paid
INV001834,2025-08-14,C0179,P003,SR004,Southern,164,31.96,0.05,4979.37,20.33,1645.25,Pharmacy,,Paid
INV001835,2025-03-24,C0083,P015,SR004,Southern,179,11.13,0.03,1932.5,6.38,790.48,Pharmacy,,Paid
INV001836,2025-01-12,C0007,P001,SR001,Central,26,34.05,0.03,858.74,21.72,294.02,Clinic,,Pending
INV001837,2025-03-25,C0022,P007,SR012,East Malaysia,30,53.96,0.05,1537.86,26.47,743.76,Hospital,,Paid
INV001838,2025-02-28,C0162,P001,SR001,Central,95,34.05,0.03,3137.71,21.72,1074.31,Hospital,,Pending
INV001839,2026-06-01,C0166,P010,SR010,Southern,71,17.45,0,1238.95,11.04,455.11,Pharmacy,,Paid
INV001840,2026-05-04,C0074,P016,SR006,East Malaysia,43,23.84,0,1025.12,14.05,420.97,Pharmacy,,Paid
INV001841,2025-02-13,C0081,P013,SR010,Southern,15,14.36,0.05,204.63,8.98,69.93,Pharmacy,,Paid
INV001842,2025-02-15,C0154,P002,SR005,East Coast,174,20.37,0.03,3438.05,9.86,1722.41,Clinic,CAM002,Paid
INV001843,2025-04-01,C0093,P017,SR010,Southern,140,60.49,0,8468.6,30.19,4242.0,Pharmacy,,Paid
INV001844,2026-02-27,C0039,P009,SR001,Central,87,9.93,0.03,837.99,6.14,303.81,Distributor,CAM010,Pending
INV001845,2026-01-20,C0011,P018,SR001,Central,165,17.27,0.05,2707.07,8.38,1324.37,Distributor,,Paid
INV001846,2026-04-17,C0159,P012,SR001,Central,164,23.6,0.08,3560.77,11.86,1615.73,Pharmacy,,Pending
INV001847,2026-06-23,C0048,P005,SR002,Kuala Lumpur,20,48.8,0.03,946.72,23.91,468.52,Distributor,,Paid
INV001848,2025-05-06,C0101,P009,SR003,Northern,147,9.93,0.1,1313.74,6.14,411.16,Distributor,,Pending
INV001849,2025-09-25,C0161,P009,SR001,Central,145,9.93,0.15,1223.87,6.14,333.57,Pharmacy,,Overdue
INV001850,2026-06-13,C0050,P013,SR006,East Malaysia,140,14.36,0.05,1909.88,8.98,652.68,Distributor,,Paid
INV001851,2025-09-06,C0040,P003,SR003,Northern,107,31.96,0.05,3248.73,20.33,1073.42,Pharmacy,CAM006,Paid
INV001852,2025-11-11,C0105,P010,SR006,East Malaysia,10,17.45,0,174.5,11.04,64.1,Hospital,,Paid
INV001853,2025-05-14,C0095,P017,SR011,East Coast,59,60.49,0,3568.91,30.19,1787.7,Pharmacy,,Overdue
INV001854,2025-09-15,C0022,P015,SR006,East Malaysia,104,11.13,0.03,1122.79,6.38,459.27,Hospital,,Paid
INV001855,2025-12-30,C0096,P010,SR005,East Coast,52,17.45,0.05,862.03,11.04,287.95,Hospital,CAM009,Paid
INV001856,2025-07-11,C0076,P007,SR003,Northern,176,53.96,0,9496.96,26.47,4838.24,Hospital,,Paid
INV001857,2025-10-14,C0075,P017,SR003,Northern,62,60.49,0.08,3450.35,30.19,1578.57,Pharmacy,,Paid
INV001858,2026-05-28,C0133,P006,SR007,Central,89,28.44,0.08,2328.67,16.3,877.97,Clinic,CAM012,Paid
INV001859,2025-12-15,C0010,P010,SR003,Northern,79,17.45,0,1378.55,11.04,506.39,Pharmacy,,Paid
INV001860,2025-12-30,C0050,P017,SR012,East Malaysia,155,60.49,0.03,9094.67,30.19,4415.22,Distributor,,Paid
INV001861,2025-08-16,C0037,P004,SR002,Kuala Lumpur,29,19.97,0.08,532.8,10.13,239.03,Pharmacy,,Paid
INV001862,2025-05-07,C0140,P002,SR001,Central,66,20.37,0.05,1277.2,9.86,626.44,Clinic,,Paid
INV001863,2025-07-22,C0127,P007,SR002,Kuala Lumpur,108,53.96,0.05,5536.3,26.47,2677.54,Pharmacy,,Paid
INV001864,2026-02-21,C0009,P003,SR005,East Coast,161,31.96,0.08,4733.92,20.33,1460.79,Distributor,,Overdue
INV001865,2026-02-03,C0025,P015,SR012,East Malaysia,146,11.13,0.08,1494.98,6.38,563.5,Hospital,,Paid
INV001866,2025-07-09,C0054,P001,SR005,East Coast,155,34.05,0,5277.75,21.72,1911.15,Pharmacy,,Paid
INV001867,2025-05-11,C0153,P017,SR006,East Malaysia,67,60.49,0.08,3728.6,30.19,1705.87,Clinic,,Paid
INV001868,2026-05-25,C0068,P010,SR005,East Coast,111,17.45,0.1,1743.25,11.04,517.81,Distributor,,Paid
INV001869,2026-02-06,C0095,P012,SR005,East Coast,19,23.6,0,448.4,11.86,223.06,Pharmacy,,Paid
INV001870,2025-05-07,C0135,P010,SR004,Southern,143,17.45,0.03,2420.49,11.04,841.77,Clinic,,Paid
INV001871,2026-06-27,C0123,P011,SR006,East Malaysia,155,15.5,0,2402.5,7.06,1308.2,Clinic,,Overdue
INV001872,2025-07-19,C0044,P006,SR001,Central,160,28.44,0.05,4322.88,16.3,1714.88,Clinic,CAM005,Paid
INV001873,2025-12-10,C0087,P014,SR001,Central,28,18.87,0.03,512.51,11.75,183.51,Clinic,CAM008,Paid
INV001874,2026-02-22,C0011,P012,SR001,Central,91,23.6,0,2147.6,11.86,1068.34,Distributor,,Paid
INV001875,2025-02-17,C0133,P004,SR001,Central,37,19.97,0.05,701.95,10.13,327.14,Clinic,,Overdue
INV001876,2025-07-17,C0015,P017,SR005,East Coast,97,60.49,0.03,5691.5,30.19,2763.07,Clinic,,Paid
INV001877,2025-01-28,C0099,P005,SR012,East Malaysia,23,48.8,0.03,1088.73,23.91,538.8,Pharmacy,,Paid
INV001878,2025-06-29,C0056,P009,SR009,Northern,96,9.93,0,953.28,6.14,363.84,Pharmacy,,Paid
INV001879,2025-07-07,C0112,P004,SR011,East Coast,165,19.97,0.1,2965.54,10.13,1294.09,Pharmacy,,Paid
INV001880,2025-05-27,C0160,P007,SR012,East Malaysia,79,53.96,0.08,3921.81,26.47,1830.68,Distributor,CAM004,Paid
INV001881,2025-01-06,C0136,P015,SR006,East Malaysia,92,11.13,0.03,993.24,6.38,406.28,Clinic,,Paid
INV001882,2026-06-26,C0035,P014,SR003,Northern,59,18.87,0,1113.33,11.75,420.08,Clinic,,Paid
INV001883,2025-05-08,C0014,P004,SR008,Kuala Lumpur,120,19.97,0.08,2204.69,10.13,989.09,Pharmacy,,Paid
INV001884,2025-02-18,C0130,P012,SR004,Southern,79,23.6,0.03,1808.47,11.86,871.53,Clinic,CAM002,Paid
INV001885,2026-04-09,C0066,P006,SR011,East Coast,158,28.44,0.08,4134.04,16.3,1558.64,Pharmacy,,Paid
INV001886,2026-01-20,C0169,P010,SR010,Southern,27,17.45,0.1,424.03,11.04,125.95,Hospital,CAM009,Paid
INV001887,2025-09-12,C0038,P011,SR003,Northern,80,15.5,0,1240.0,7.06,675.2,Pharmacy,,Paid
INV001888,2025-07-19,C0045,P007,SR003,Northern,52,53.96,0.1,2525.33,26.47,1148.89,Pharmacy,,Paid
INV001889,2025-05-25,C0111,P013,SR002,Kuala Lumpur,109,14.36,0.05,1486.98,8.98,508.16,Pharmacy,CAM004,Paid
INV001890,2025-05-01,C0118,P014,SR006,East Malaysia,169,18.87,0.05,3029.58,11.75,1043.83,Hospital,,Pending
INV001891,2025-11-13,C0144,P008,SR004,Southern,88,17.6,0.08,1424.9,7.93,727.06,Pharmacy,,Paid
INV001892,2025-09-07,C0134,P005,SR002,Kuala Lumpur,77,48.8,0.1,3381.84,23.91,1540.77,Distributor,,Overdue
INV001893,2025-05-01,C0037,P014,SR008,Kuala Lumpur,12,18.87,0.05,215.12,11.75,74.12,Pharmacy,,Pending
INV001894,2025-05-31,C0104,P012,SR006,East Malaysia,116,23.6,0.08,2518.59,11.86,1142.83,Pharmacy,CAM004,Paid
INV001895,2025-12-19,C0105,P003,SR006,East Malaysia,8,31.96,0.05,242.9,20.33,80.26,Hospital,,Paid
INV001896,2025-05-30,C0049,P017,SR007,Central,151,60.49,0.03,8859.97,30.19,4301.28,Pharmacy,,Paid
INV001897,2025-07-16,C0069,P013,SR006,East Malaysia,66,14.36,0.05,900.37,8.98,307.69,Clinic,,Pending
INV001898,2025-10-06,C0161,P002,SR001,Central,47,20.37,0.05,909.52,9.86,446.1,Pharmacy,CAM007,Paid
INV001899,2026-06-11,C0112,P013,SR011,East Coast,21,14.36,0.15,256.33,8.98,67.75,Pharmacy,,Paid
INV001900,2026-02-01,C0129,P007,SR006,East Malaysia,25,53.96,0.08,1241.08,26.47,579.33,Clinic,,Paid
INV001901,2025-01-27,C0013,P003,SR011,East Coast,140,31.96,0,4474.4,20.33,1628.2,Pharmacy,,Paid
INV001902,2025-03-16,C0083,P002,SR010,Southern,109,20.37,0.08,2042.7,9.86,967.96,Pharmacy,,Paid
INV001903,2026-03-30,C0165,P014,SR006,East Malaysia,17,18.87,0.08,295.13,11.75,95.38,Clinic,CAM011,Paid
INV001904,2026-05-23,C0113,P015,SR009,Northern,105,11.13,0,1168.65,6.38,498.75,Clinic,,Paid
INV001905,2025-05-24,C0104,P014,SR006,East Malaysia,157,18.87,0,2962.59,11.75,1117.84,Pharmacy,CAM004,Pending
INV001906,2026-05-19,C0161,P016,SR007,Central,17,23.84,0.15,344.49,14.05,105.64,Pharmacy,,Overdue
INV001907,2025-03-10,C0068,P001,SR011,East Coast,139,34.05,0.08,4354.31,21.72,1335.23,Distributor,CAM002,Paid
INV001908,2026-04-10,C0060,P003,SR005,East Coast,85,31.96,0.03,2635.1,20.33,907.05,Distributor,,Paid
INV001909,2026-02-15,C0028,P015,SR004,Southern,123,11.13,0,1368.99,6.38,584.25,Clinic,,Pending
INV001910,2025-06-18,C0174,P004,SR004,Southern,159,19.97,0,3175.23,10.13,1564.56,Hospital,,Paid
INV001911,2025-08-13,C0109,P008,SR012,East Malaysia,38,17.6,0.05,635.36,7.93,334.02,Clinic,,Overdue
INV001912,2026-01-21,C0032,P007,SR005,East Coast,119,53.96,0,6421.24,26.47,3271.31,Hospital,,Paid
INV001913,2025-09-28,C0152,P002,SR006,East Malaysia,153,20.37,0.03,3023.11,9.86,1514.53,Hospital,CAM007,Paid
INV001914,2025-02-14,C0025,P014,SR012,East Malaysia,77,18.87,0.15,1235.04,11.75,330.29,Hospital,,Paid
INV001915,2025-07-29,C0175,P009,SR003,Northern,106,9.93,0.05,999.95,6.14,349.11,Hospital,CAM005,Pending
INV001916,2026-05-27,C0171,P017,SR001,Central,52,60.49,0,3145.48,30.19,1575.6,Pharmacy,,Paid
INV001917,2026-05-19,C0151,P018,SR002,Kuala Lumpur,31,17.27,0.05,508.6,8.38,248.82,Distributor,CAM012,Paid
INV001918,2025-12-15,C0126,P015,SR002,Kuala Lumpur,114,11.13,0.1,1141.94,6.38,414.62,Hospital,CAM008,Pending
INV001919,2026-06-12,C0046,P018,SR007,Central,109,17.27,0,1882.43,8.38,969.01,Clinic,,Paid
INV001920,2026-04-06,C0006,P016,SR012,East Malaysia,108,23.84,0.08,2368.74,14.05,851.34,Clinic,,Paid
INV001921,2025-03-04,C0104,P016,SR006,East Malaysia,108,23.84,0.05,2445.98,14.05,928.58,Pharmacy,,Pending
INV001922,2025-01-16,C0094,P001,SR012,East Malaysia,143,34.05,0,4869.15,21.72,1763.19,Pharmacy,,Paid
INV001923,2025-08-18,C0162,P012,SR007,Central,177,23.6,0,4177.2,11.86,2077.98,Hospital,,Paid
INV001924,2026-01-10,C0004,P011,SR011,East Coast,31,15.5,0.08,442.06,7.06,223.2,Pharmacy,,Paid
INV001925,2025-03-16,C0134,P006,SR002,Kuala Lumpur,151,28.44,0,4294.44,16.3,1833.14,Distributor,,Overdue
INV001926,2025-02-10,C0143,P018,SR008,Kuala Lumpur,65,17.27,0.05,1066.42,8.38,521.72,Clinic,,Paid
INV001927,2025-01-17,C0041,P005,SR006,East Malaysia,89,48.8,0.08,3995.74,23.91,1867.75,Clinic,,Paid
INV001928,2025-08-24,C0170,P018,SR012,East Malaysia,158,17.27,0.08,2510.37,8.38,1186.33,Hospital,CAM006,Paid
INV001929,2025-11-02,C0156,P011,SR001,Central,170,15.5,0,2635.0,7.06,1434.8,Distributor,,Paid
INV001930,2026-06-04,C0118,P002,SR012,East Malaysia,28,20.37,0.03,553.25,9.86,277.17,Hospital,CAM012,Paid
INV001931,2026-05-05,C0051,P018,SR001,Central,11,17.27,0.15,161.47,8.38,69.29,Hospital,,Paid
INV001932,2025-03-21,C0158,P003,SR010,Southern,131,31.96,0.05,3977.42,20.33,1314.19,Pharmacy,,Paid
INV001933,2026-03-23,C0130,P016,SR004,Southern,38,23.84,0.03,878.74,14.05,344.84,Clinic,,Paid
INV001934,2026-05-21,C0010,P018,SR009,Northern,179,17.27,0.05,2936.76,8.38,1436.74,Pharmacy,,Paid
INV001935,2025-09-01,C0095,P002,SR011,East Coast,12,20.37,0.08,224.88,9.86,106.56,Pharmacy,,Pending
INV001936,2026-02-04,C0098,P011,SR012,East Malaysia,150,15.5,0,2325.0,7.06,1266.0,Distributor,,Paid
INV001937,2025-06-21,C0072,P018,SR004,Southern,92,17.27,0.1,1429.96,8.38,659.0,Clinic,,Paid
INV001938,2025-07-06,C0135,P013,SR010,Southern,156,14.36,0.03,2172.96,8.98,772.08,Clinic,CAM005,Paid
INV001939,2025-09-10,C0163,P005,SR010,Southern,105,48.8,0.1,4611.6,23.91,2101.05,Clinic,CAM006,Paid
INV001940,2025-04-16,C0088,P013,SR003,Northern,71,14.36,0,1019.56,8.98,381.98,Distributor,,Paid
INV001941,2026-06-30,C0087,P016,SR001,Central,92,23.84,0.03,2127.48,14.05,834.88,Clinic,,Overdue
INV001942,2025-06-25,C0104,P008,SR006,East Malaysia,92,17.6,0.05,1538.24,7.93,808.68,Pharmacy,,Pending
INV001943,2026-01-14,C0027,P008,SR001,Central,148,17.6,0.08,2396.42,7.93,1222.78,Hospital,,Paid
INV001944,2026-05-17,C0133,P009,SR007,Central,148,9.93,0.03,1425.55,6.14,516.83,Clinic,,Pending
INV001945,2025-10-22,C0067,P008,SR002,Kuala Lumpur,54,17.6,0.03,921.89,7.93,493.67,Pharmacy,,Pending
INV001946,2026-06-09,C0148,P003,SR003,Northern,128,31.96,0.05,3886.34,20.33,1284.1,Pharmacy,CAM012,Paid
INV001947,2025-12-08,C0149,P008,SR008,Kuala Lumpur,14,17.6,0,246.4,7.93,135.38,Clinic,,Paid
INV001948,2025-04-01,C0084,P010,SR011,East Coast,32,17.45,0.03,541.65,11.04,188.37,Distributor,CAM002,Paid
INV001949,2025-06-27,C0094,P007,SR012,East Malaysia,126,53.96,0.08,6255.04,26.47,2919.82,Pharmacy,,Overdue
INV001950,2025-04-10,C0061,P014,SR011,East Coast,86,18.87,0,1622.82,11.75,612.32,Pharmacy,,Paid
INV001951,2025-06-03,C0179,P004,SR010,Southern,27,19.97,0,539.19,10.13,265.68,Pharmacy,,Paid
INV001952,2026-06-26,C0032,P017,SR011,East Coast,148,60.49,0,8952.52,30.19,4484.4,Hospital,,Pending
INV001953,2025-05-15,C0123,P001,SR012,East Malaysia,97,34.05,0,3302.85,21.72,1196.01,Clinic,,Pending
INV001954,2026-06-24,C0143,P012,SR008,Kuala Lumpur,46,23.6,0.1,977.04,11.86,431.48,Clinic,,Overdue
INV001955,2026-03-15,C0107,P002,SR010,Southern,154,20.37,0.05,2980.13,9.86,1461.69,Clinic,,Pending
INV001956,2026-04-06,C0138,P015,SR010,Southern,81,11.13,0.1,811.38,6.38,294.6,Hospital,CAM011,Paid
INV001957,2025-10-14,C0139,P011,SR008,Kuala Lumpur,98,15.5,0.08,1397.48,7.06,705.6,Clinic,CAM007,Paid
INV001958,2025-05-12,C0078,P004,SR004,Southern,114,19.97,0.15,1935.09,10.13,780.27,Clinic,,Paid
INV001959,2025-01-07,C0011,P002,SR001,Central,83,20.37,0.03,1639.99,9.86,821.61,Distributor,CAM001,Paid
INV001960,2025-08-31,C0034,P004,SR008,Kuala Lumpur,86,19.97,0,1717.42,10.13,846.24,Pharmacy,CAM006,Paid
INV001961,2026-06-19,C0053,P014,SR001,Central,179,18.87,0,3377.73,11.75,1274.48,Clinic,,Paid
INV001962,2026-06-17,C0135,P013,SR010,Southern,155,14.36,0.05,2114.51,8.98,722.61,Clinic,,Paid
INV001963,2025-05-28,C0128,P008,SR009,Northern,119,17.6,0.1,1884.96,7.93,941.29,Hospital,,Paid
INV001964,2025-10-27,C0165,P014,SR006,East Malaysia,6,18.87,0,113.22,11.75,42.72,Clinic,,Overdue
INV001965,2025-06-21,C0095,P010,SR005,East Coast,22,17.45,0.05,364.7,11.04,121.82,Pharmacy,,Pending
INV001966,2025-06-27,C0140,P004,SR001,Central,53,19.97,0.1,952.57,10.13,415.68,Clinic,,Paid
INV001967,2025-05-27,C0166,P001,SR010,Southern,164,34.05,0,5584.2,21.72,2022.12,Pharmacy,,Paid
INV001968,2025-04-03,C0134,P008,SR008,Kuala Lumpur,72,17.6,0.05,1203.84,7.93,632.88,Distributor,CAM003,Paid
INV001969,2026-06-30,C0043,P016,SR009,Northern,137,23.84,0.08,3004.79,14.05,1079.94,Hospital,,Paid
INV001970,2025-07-01,C0047,P012,SR011,East Coast,123,23.6,0.03,2815.72,11.86,1356.94,Hospital,,Paid
INV001971,2025-09-30,C0124,P005,SR007,Central,44,48.8,0.1,1932.48,23.91,880.44,Hospital,,Paid
INV001972,2025-04-03,C0131,P015,SR007,Central,173,11.13,0.05,1829.22,6.38,725.48,Hospital,,Paid
INV001973,2025-07-06,C0113,P004,SR009,Northern,49,19.97,0,978.53,10.13,482.16,Clinic,,Paid
INV001974,2025-08-11,C0145,P006,SR004,Southern,88,28.44,0,2502.72,16.3,1068.32,Pharmacy,CAM005,Pending
INV001975,2025-06-25,C0026,P014,SR010,Southern,173,18.87,0.1,2938.06,11.75,905.31,Hospital,,Paid
INV001976,2025-11-07,C0061,P018,SR005,East Coast,65,17.27,0.1,1010.29,8.38,465.59,Pharmacy,,Paid
INV001977,2026-01-08,C0180,P008,SR001,Central,86,17.6,0.05,1437.92,7.93,755.94,Clinic,CAM009,Paid
INV001978,2026-04-20,C0127,P008,SR002,Kuala Lumpur,105,17.6,0.03,1792.56,7.93,959.91,Pharmacy,,Paid
INV001979,2025-09-25,C0065,P016,SR006,East Malaysia,51,23.84,0.1,1094.26,14.05,377.71,Pharmacy,,Pending
INV001980,2026-03-26,C0001,P006,SR004,Southern,117,28.44,0,3327.48,16.3,1420.38,Pharmacy,,Paid
INV001981,2025-09-10,C0171,P015,SR007,Central,33,11.13,0,367.29,6.38,156.75,Pharmacy,,Pending
INV001982,2025-05-22,C0149,P018,SR002,Kuala Lumpur,38,17.27,0,656.26,8.38,337.82,Clinic,,Pending
INV001983,2025-04-11,C0035,P012,SR009,Northern,18,23.6,0.05,403.56,11.86,190.08,Clinic,CAM002,Paid
INV001984,2026-05-16,C0156,P015,SR007,Central,94,11.13,0.08,962.52,6.38,362.8,Distributor,,Pending
INV001985,2026-01-17,C0171,P017,SR007,Central,52,60.49,0,3145.48,30.19,1575.6,Pharmacy,,Overdue
INV001986,2025-02-11,C0052,P001,SR008,Kuala Lumpur,82,34.05,0,2792.1,21.72,1011.06,Clinic,,Paid
INV001987,2025-11-25,C0029,P015,SR005,East Coast,93,11.13,0.1,931.58,6.38,338.24,Distributor,CAM008,Pending
INV001988,2025-04-06,C0006,P005,SR006,East Malaysia,155,48.8,0.08,6958.88,23.91,3252.83,Clinic,,Paid
INV001989,2025-07-23,C0123,P009,SR006,East Malaysia,19,9.93,0.05,179.24,6.14,62.58,Clinic,CAM005,Paid
INV001990,2026-04-27,C0022,P007,SR012,East Malaysia,28,53.96,0.05,1435.34,26.47,694.18,Hospital,CAM011,Paid
INV001991,2025-06-04,C0039,P004,SR001,Central,45,19.97,0,898.65,10.13,442.8,Distributor,,Paid
INV001992,2026-04-17,C0105,P015,SR006,East Malaysia,18,11.13,0,200.34,6.38,85.5,Hospital,,Paid
INV001993,2025-04-29,C0029,P013,SR011,East Coast,31,14.36,0,445.16,8.98,166.78,Distributor,CAM003,Paid
INV001994,2025-02-02,C0115,P005,SR010,Southern,174,48.8,0.08,7811.9,23.91,3651.56,Pharmacy,,Paid
INV001995,2025-09-12,C0051,P007,SR001,Central,80,53.96,0.05,4100.96,26.47,1983.36,Hospital,,Paid
INV001996,2025-01-14,C0170,P006,SR012,East Malaysia,171,28.44,0.1,4376.92,16.3,1589.62,Hospital,,Pending
INV001997,2025-04-17,C0039,P010,SR001,Central,30,17.45,0,523.5,11.04,192.3,Distributor,CAM003,Paid
INV001998,2025-05-24,C0087,P001,SR007,Central,39,34.05,0,1327.95,21.72,480.87,Clinic,CAM004,Paid
INV001999,2025-07-18,C0180,P012,SR007,Central,102,23.6,0.1,2166.48,11.86,956.76,Clinic,CAM005,Pending
INV002000,2025-08-08,C0171,P012,SR001,Central,154,23.6,0.05,3452.68,11.86,1626.24,Pharmacy,CAM005,Paid
INV002001,2026-04-10,C0031,P005,SR007,Central,53,48.8,0.05,2457.08,23.91,1189.85,Pharmacy,,Paid
INV002002,2026-01-11,C0100,P010,SR004,Southern,59,17.45,0.1,926.6,11.04,275.24,Clinic,CAM009,Pending
INV002003,2025-06-09,C0007,P005,SR007,Central,18,48.8,0.05,834.48,23.91,404.1,Clinic,,Paid
INV002004,2025-08-25,C0143,P016,SR008,Kuala Lumpur,20,23.84,0,476.8,14.05,195.8,Clinic,,Paid
INV002005,2025-03-29,C0111,P014,SR002,Kuala Lumpur,110,18.87,0,2075.7,11.75,783.2,Pharmacy,CAM002,Paid
INV002006,2025-04-20,C0088,P011,SR009,Northern,45,15.5,0.1,627.75,7.06,310.05,Distributor,,Paid
INV002007,2025-08-16,C0180,P010,SR001,Central,68,17.45,0,1186.6,11.04,435.88,Clinic,CAM006,Pending
INV002008,2026-02-20,C0128,P015,SR009,Northern,113,11.13,0.1,1131.92,6.38,410.98,Hospital,CAM010,Paid
INV002009,2025-12-23,C0096,P010,SR011,East Coast,49,17.45,0.15,726.79,11.04,185.83,Hospital,CAM008,Paid
INV002010,2025-09-15,C0119,P014,SR001,Central,33,18.87,0,622.71,11.75,234.96,Distributor,CAM006,Pending
INV002011,2026-06-11,C0032,P002,SR005,East Coast,11,20.37,0.1,201.66,9.86,93.2,Hospital,,Pending
INV002012,2026-02-27,C0142,P008,SR006,East Malaysia,120,17.6,0.03,2048.64,7.93,1097.04,Pharmacy,,Paid
INV002013,2025-06-15,C0109,P017,SR006,East Malaysia,144,60.49,0,8710.56,30.19,4363.2,Clinic,CAM004,Paid
INV002014,2025-06-01,C0152,P001,SR006,East Malaysia,92,34.05,0.08,2881.99,21.72,883.75,Hospital,,Paid
INV002015,2025-02-13,C0105,P015,SR006,East Malaysia,68,11.13,0,756.84,6.38,323.0,Hospital,,Paid
INV002016,2025-12-07,C0021,P002,SR012,East Malaysia,97,20.37,0.15,1679.51,9.86,723.09,Clinic,,Paid
INV002017,2025-07-24,C0103,P006,SR002,Kuala Lumpur,55,28.44,0,1564.2,16.3,667.7,Clinic,,Paid
INV002018,2026-06-29,C0136,P012,SR012,East Malaysia,114,23.6,0.08,2475.17,11.86,1123.13,Clinic,,Paid
INV002019,2026-05-24,C0008,P007,SR003,Northern,148,53.96,0,7986.08,26.47,4068.52,Clinic,CAM012,Paid
INV002020,2025-06-10,C0113,P009,SR009,Northern,105,9.93,0.05,990.52,6.14,345.82,Clinic,CAM004,Paid
INV002021,2026-06-22,C0062,P005,SR008,Kuala Lumpur,9,48.8,0,439.2,23.91,224.01,Pharmacy,,Overdue
INV002022,2026-02-17,C0107,P014,SR004,Southern,84,18.87,0.15,1347.32,11.75,360.32,Clinic,,Paid
INV002023,2025-03-11,C0030,P002,SR011,East Coast,155,20.37,0.05,2999.48,9.86,1471.18,Pharmacy,,Pending
INV002024,2025-02-08,C0006,P009,SR006,East Malaysia,144,9.93,0.08,1315.53,6.14,431.37,Clinic,,Pending
INV002025,2025-10-04,C0147,P001,SR010,Southern,68,34.05,0.08,2130.17,21.72,653.21,Pharmacy,,Paid
INV002026,2025-06-26,C0011,P009,SR001,Central,155,9.93,0.03,1492.98,6.14,541.28,Distributor,,Pending
INV002027,2026-05-24,C0102,P017,SR010,Southern,168,60.49,0,10162.32,30.19,5090.4,Pharmacy,CAM012,Paid
INV002028,2025-05-04,C0107,P013,SR010,Southern,31,14.36,0.05,422.9,8.98,144.52,Clinic,,Paid
INV002029,2025-04-12,C0039,P007,SR007,Central,78,53.96,0.15,3577.55,26.47,1512.89,Distributor,,Paid
INV002030,2025-09-12,C0060,P006,SR011,East Coast,116,28.44,0,3299.04,16.3,1408.24,Distributor,,Overdue
INV002031,2025-10-24,C0150,P004,SR011,East Coast,8,19.97,0,159.76,10.13,78.72,Pharmacy,,Paid
INV002032,2026-03-18,C0170,P005,SR006,East Malaysia,59,48.8,0.05,2735.24,23.91,1324.55,Hospital,,Paid
INV002033,2025-06-25,C0028,P003,SR010,Southern,19,31.96,0.1,546.52,20.33,160.25,Clinic,,Paid
INV002034,2025-01-29,C0162,P009,SR001,Central,144,9.93,0.15,1215.43,6.14,331.27,Hospital,,Paid
INV002035,2026-06-10,C0153,P017,SR012,East Malaysia,42,60.49,0.1,2286.52,30.19,1018.54,Clinic,CAM012,Overdue
INV002036,2026-05-31,C0161,P010,SR001,Central,23,17.45,0.15,341.15,11.04,87.23,Pharmacy,,Pending
INV002037,2025-11-08,C0137,P005,SR001,Central,35,48.8,0.05,1622.6,23.91,785.75,Pharmacy,,Pending
INV002038,2025-12-31,C0134,P017,SR002,Kuala Lumpur,151,60.49,0.15,7763.89,30.19,3205.2,Distributor,,Paid
INV002039,2025-01-12,C0139,P006,SR002,Kuala Lumpur,11,28.44,0.03,303.45,16.3,124.15,Clinic,CAM001,Paid
INV002040,2025-04-06,C0047,P007,SR011,East Coast,149,53.96,0,8040.04,26.47,4096.01,Hospital,,Paid
INV002041,2025-03-28,C0041,P017,SR012,East Malaysia,177,60.49,0.1,9636.06,30.19,4292.43,Clinic,CAM002,Paid
INV002042,2026-03-10,C0144,P017,SR004,Southern,123,60.49,0.08,6845.05,30.19,3131.68,Pharmacy,,Overdue
INV002043,2026-05-04,C0171,P002,SR007,Central,16,20.37,0.05,309.62,9.86,151.86,Pharmacy,CAM011,Paid
INV002044,2025-04-01,C0149,P014,SR002,Kuala Lumpur,95,18.87,0.05,1703.02,11.75,586.77,Clinic,,Paid
INV002045,2025-09-12,C0046,P016,SR007,Central,177,23.84,0.1,3797.71,14.05,1310.86,Clinic,,Paid
INV002046,2025-12-08,C0097,P012,SR001,Central,122,23.6,0.05,2735.24,11.86,1288.32,Pharmacy,,Paid
INV002047,2026-02-12,C0047,P010,SR005,East Coast,159,17.45,0.15,2358.37,11.04,603.01,Hospital,,Paid
INV002048,2026-01-21,C0099,P018,SR006,East Malaysia,72,17.27,0.15,1056.92,8.38,453.56,Pharmacy,,Paid
INV002049,2026-06-08,C0080,P005,SR005,East Coast,118,48.8,0,5758.4,23.91,2937.02,Hospital,,Paid
INV002050,2025-05-26,C0041,P012,SR006,East Malaysia,166,23.6,0.05,3721.72,11.86,1752.96,Clinic,,Paid
INV002051,2026-05-30,C0147,P008,SR010,Southern,141,17.6,0.05,2357.52,7.93,1239.39,Pharmacy,,Paid
INV002052,2025-02-12,C0112,P005,SR011,East Coast,106,48.8,0.05,4914.16,23.91,2379.7,Pharmacy,,Overdue
INV002053,2026-06-24,C0114,P003,SR007,Central,10,31.96,0.05,303.62,20.33,100.32,Hospital,,Paid
INV002054,2025-11-04,C0019,P007,SR005,East Coast,155,53.96,0.1,7527.42,26.47,3424.57,Hospital,,Overdue
INV002055,2025-09-12,C0092,P006,SR002,Kuala Lumpur,109,28.44,0,3099.96,16.3,1323.26,Pharmacy,CAM006,Pending
INV002056,2025-12-16,C0048,P008,SR002,Kuala Lumpur,70,17.6,0.03,1195.04,7.93,639.94,Distributor,,Paid
INV002057,2025-01-23,C0043,P012,SR009,Northern,82,23.6,0.05,1838.44,11.86,865.92,Hospital,CAM001,Paid
INV002058,2025-02-02,C0050,P010,SR012,East Malaysia,12,17.45,0.08,192.65,11.04,60.17,Distributor,,Pending
INV002059,2026-04-27,C0124,P003,SR001,Central,71,31.96,0.05,2155.7,20.33,712.27,Hospital,,Paid
INV002060,2025-02-12,C0140,P018,SR001,Central,107,17.27,0.05,1755.5,8.38,858.84,Clinic,,Paid
INV002061,2025-04-10,C0070,P003,SR007,Central,74,31.96,0.05,2246.79,20.33,742.37,Pharmacy,,Paid
INV002062,2025-08-20,C0084,P006,SR011,East Coast,165,28.44,0.03,4551.82,16.3,1862.32,Distributor,CAM006,Paid
INV002063,2025-09-12,C0179,P013,SR010,Southern,84,14.36,0.15,1025.3,8.98,270.98,Pharmacy,,Paid
INV002064,2025-04-03,C0084,P011,SR011,East Coast,85,15.5,0.1,1185.75,7.06,585.65,Distributor,CAM002,Paid
INV002065,2025-07-04,C0015,P016,SR011,East Coast,68,23.84,0.08,1491.43,14.05,536.03,Clinic,,Paid
INV002066,2025-12-26,C0030,P003,SR011,East Coast,25,31.96,0.05,759.05,20.33,250.8,Pharmacy,,Paid
INV002067,2026-02-09,C0054,P014,SR011,East Coast,68,18.87,0.05,1219.0,11.75,420.0,Pharmacy,,Paid
INV002068,2025-05-09,C0026,P017,SR010,Southern,88,60.49,0.03,5163.43,30.19,2506.71,Hospital,,Paid
INV002069,2026-05-13,C0002,P002,SR001,Central,157,20.37,0.08,2942.24,9.86,1394.22,Clinic,,Pending
INV002070,2025-11-02,C0136,P009,SR006,East Malaysia,17,9.93,0.03,163.75,6.14,59.37,Clinic,,Paid
INV002071,2026-01-20,C0175,P009,SR009,Northern,115,9.93,0.05,1084.85,6.14,378.75,Hospital,CAM009,Paid
INV002072,2025-01-15,C0080,P011,SR011,East Coast,98,15.5,0.05,1443.05,7.06,751.17,Hospital,,Paid
INV002073,2025-01-30,C0147,P015,SR010,Southern,86,11.13,0.15,813.6,6.38,264.92,Pharmacy,CAM001,Paid
INV002074,2025-09-06,C0095,P009,SR011,East Coast,102,9.93,0.08,931.83,6.14,305.55,Pharmacy,,Paid
INV002075,2026-03-05,C0087,P010,SR001,Central,32,17.45,0.03,541.65,11.04,188.37,Clinic,CAM010,Paid
INV002076,2025-02-24,C0003,P014,SR005,East Coast,52,18.87,0,981.24,11.75,370.24,Pharmacy,CAM002,Overdue
INV002077,2026-04-08,C0110,P016,SR008,Kuala Lumpur,84,23.84,0.05,1902.43,14.05,722.23,Hospital,,Paid
INV002078,2026-02-04,C0008,P004,SR003,Northern,50,19.97,0.03,968.54,10.13,462.04,Clinic,,Overdue
INV002079,2025-04-05,C0096,P017,SR011,East Coast,141,60.49,0.08,7846.76,30.19,3589.97,Hospital,,Overdue
INV002080,2025-01-07,C0138,P001,SR004,Southern,126,34.05,0.05,4075.78,21.72,1339.06,Hospital,,Paid
INV002081,2026-05-22,C0144,P005,SR004,Southern,25,48.8,0,1220.0,23.91,622.25,Pharmacy,,Overdue
INV002082,2026-03-31,C0004,P009,SR011,East Coast,39,9.93,0.15,329.18,6.14,89.72,Pharmacy,,Paid
INV002083,2025-06-18,C0164,P014,SR005,East Coast,42,18.87,0.08,729.14,11.75,235.64,Pharmacy,,Pending
INV002084,2025-02-24,C0053,P017,SR007,Central,63,60.49,0.08,3506.0,30.19,1604.03,Clinic,,Paid
INV002085,2026-03-17,C0089,P013,SR001,Central,123,14.36,0.05,1677.97,8.98,573.43,Hospital,,Overdue
INV002086,2025-06-22,C0095,P009,SR005,East Coast,84,9.93,0,834.12,6.14,318.36,Pharmacy,,Paid
INV002087,2025-08-27,C0129,P011,SR012,East Malaysia,97,15.5,0.08,1383.22,7.06,698.4,Clinic,,Paid
INV002088,2025-02-02,C0174,P014,SR010,Southern,83,18.87,0.08,1440.91,11.75,465.66,Hospital,CAM001,Paid
INV002089,2025-05-30,C0051,P003,SR001,Central,40,31.96,0.15,1086.64,20.33,273.44,Hospital,CAM004,Paid
INV002090,2026-05-19,C0175,P003,SR009,Northern,117,31.96,0.1,3365.39,20.33,986.78,Hospital,,Paid
INV002091,2025-10-28,C0166,P006,SR010,Southern,48,28.44,0,1365.12,16.3,582.72,Pharmacy,,Paid
INV002092,2026-01-24,C0176,P006,SR005,East Coast,126,28.44,0.03,3475.94,16.3,1422.14,Hospital,CAM009,Pending
INV002093,2025-03-10,C0156,P013,SR001,Central,15,14.36,0.03,208.94,8.98,74.24,Distributor,,Paid
INV002094,2026-01-31,C0156,P008,SR007,Central,144,17.6,0.05,2407.68,7.93,1265.76,Distributor,CAM009,Paid
INV002095,2025-08-24,C0079,P001,SR004,Southern,167,34.05,0.08,5231.44,21.72,1604.2,Hospital,,Paid
INV002096,2026-02-10,C0113,P016,SR009,Northern,136,23.84,0.1,2918.02,14.05,1007.22,Clinic,,Paid
INV002097,2025-06-26,C0072,P009,SR010,Southern,176,9.93,0.15,1485.53,6.14,404.89,Clinic,,Paid
INV002098,2026-03-14,C0014,P018,SR002,Kuala Lumpur,141,17.27,0.1,2191.56,8.38,1009.98,Pharmacy,,Paid
INV002099,2026-05-02,C0155,P007,SR010,Southern,146,53.96,0,7878.16,26.47,4013.54,Hospital,,Paid
INV002100,2025-11-25,C0062,P004,SR002,Kuala Lumpur,142,19.97,0.05,2693.95,10.13,1255.49,Pharmacy,,Paid
INV002101,2026-01-31,C0160,P014,SR006,East Malaysia,158,18.87,0,2981.46,11.75,1124.96,Distributor,,Paid
INV002102,2025-05-17,C0123,P004,SR012,East Malaysia,120,19.97,0.08,2204.69,10.13,989.09,Clinic,CAM004,Paid
INV002103,2025-04-02,C0154,P018,SR011,East Coast,69,17.27,0,1191.63,8.38,613.41,Clinic,CAM002,Pending
INV002104,2025-08-20,C0152,P015,SR006,East Malaysia,138,11.13,0,1535.94,6.38,655.5,Hospital,,Paid
INV002105,2025-04-26,C0166,P018,SR010,Southern,12,17.27,0.03,201.02,8.38,100.46,Pharmacy,,Overdue
INV002106,2025-08-04,C0045,P017,SR003,Northern,152,60.49,0.05,8734.76,30.19,4145.88,Pharmacy,CAM005,Paid
INV002107,2025-04-30,C0004,P006,SR005,East Coast,49,28.44,0.1,1254.2,16.3,455.5,Pharmacy,CAM003,Paid
INV002108,2026-01-24,C0030,P002,SR005,East Coast,135,20.37,0.1,2474.96,9.86,1143.86,Pharmacy,,Pending
INV002109,2026-05-08,C0099,P004,SR006,East Malaysia,145,19.97,0,2895.65,10.13,1426.8,Pharmacy,CAM011,Paid
INV002110,2025-04-06,C0074,P002,SR006,East Malaysia,146,20.37,0.03,2884.8,9.86,1445.24,Pharmacy,CAM002,Paid
INV002111,2025-03-29,C0151,P017,SR002,Kuala Lumpur,128,60.49,0.03,7510.44,30.19,3646.12,Distributor,,Pending
INV002112,2025-05-22,C0050,P011,SR012,East Malaysia,109,15.5,0.1,1520.55,7.06,751.01,Distributor,,Pending
INV002113,2025-04-11,C0009,P001,SR005,East Coast,9,34.05,0.05,291.13,21.72,95.65,Distributor,,Pending
INV002114,2025-01-04,C0095,P009,SR011,East Coast,155,9.93,0.03,1492.98,6.14,541.28,Pharmacy,,Paid
INV002115,2025-02-17,C0112,P014,SR011,East Coast,113,18.87,0.03,2068.34,11.75,740.59,Pharmacy,CAM002,Pending
INV002116,2025-11-03,C0023,P003,SR005,East Coast,77,31.96,0,2460.92,20.33,895.51,Clinic,,Paid
INV002117,2025-11-28,C0026,P013,SR010,Southern,163,14.36,0.05,2223.65,8.98,759.91,Hospital,,Paid
INV002118,2025-07-19,C0111,P014,SR002,Kuala Lumpur,80,18.87,0.05,1434.12,11.75,494.12,Pharmacy,,Pending
INV002119,2026-02-19,C0041,P013,SR012,East Malaysia,8,14.36,0.05,109.14,8.98,37.3,Clinic,,Paid
INV002120,2026-06-17,C0163,P004,SR010,Southern,140,19.97,0.15,2376.43,10.13,958.23,Clinic,,Paid
INV002121,2026-05-12,C0158,P003,SR010,Southern,12,31.96,0.03,372.01,20.33,128.05,Pharmacy,,Paid
INV002122,2026-04-10,C0020,P015,SR007,Central,10,11.13,0.08,102.4,6.38,38.6,Clinic,CAM011,Overdue
INV002123,2025-05-16,C0111,P012,SR008,Kuala Lumpur,166,23.6,0.05,3721.72,11.86,1752.96,Pharmacy,,Pending
INV002124,2026-01-25,C0004,P010,SR005,East Coast,146,17.45,0.1,2292.93,11.04,681.09,Pharmacy,,Overdue
INV002125,2026-01-13,C0036,P003,SR007,Central,97,31.96,0.03,3007.12,20.33,1035.11,Distributor,CAM009,Paid
INV002126,2026-04-13,C0075,P003,SR003,Northern,129,31.96,0.03,3999.15,20.33,1376.58,Pharmacy,,Pending
INV002127,2025-04-09,C0139,P018,SR002,Kuala Lumpur,76,17.27,0,1312.52,8.38,675.64,Clinic,,Paid
INV002128,2025-05-22,C0112,P009,SR005,East Coast,46,9.93,0,456.78,6.14,174.34,Pharmacy,,Paid
INV002129,2025-03-18,C0116,P002,SR010,Southern,98,20.37,0.03,1936.37,9.86,970.09,Clinic,CAM002,Paid
INV002130,2026-01-17,C0125,P002,SR008,Kuala Lumpur,116,20.37,0.08,2173.89,9.86,1030.13,Clinic,CAM009,Paid
INV002131,2026-01-11,C0128,P001,SR003,Northern,17,34.05,0,578.85,21.72,209.61,Hospital,,Overdue
INV002132,2025-12-17,C0105,P009,SR006,East Malaysia,122,9.93,0,1211.46,6.14,462.38,Hospital,,Paid
INV002133,2026-04-27,C0046,P017,SR001,Central,148,60.49,0.05,8504.89,30.19,4036.77,Clinic,,Pending
INV002134,2025-10-14,C0002,P002,SR001,Central,129,20.37,0.05,2496.34,9.86,1224.4,Clinic,,Pending
INV002135,2025-07-07,C0042,P009,SR010,Southern,66,9.93,0,655.38,6.14,250.14,Hospital,,Paid
INV002136,2026-01-18,C0002,P016,SR001,Central,20,23.84,0.08,438.66,14.05,157.66,Clinic,,Paid
INV002137,2025-03-02,C0024,P004,SR007,Central,5,19.97,0.05,94.86,10.13,44.21,Clinic,,Pending
INV002138,2025-04-22,C0169,P003,SR010,Southern,52,31.96,0.05,1578.82,20.33,521.66,Hospital,,Paid
INV002139,2026-01-07,C0059,P015,SR005,East Coast,150,11.13,0,1669.5,6.38,712.5,Distributor,CAM009,Paid
INV002140,2026-03-17,C0152,P011,SR006,East Malaysia,6,15.5,0.15,79.05,7.06,36.69,Hospital,,Paid
INV002141,2025-03-30,C0130,P010,SR010,Southern,80,17.45,0,1396.0,11.04,512.8,Clinic,,Pending
INV002142,2026-06-19,C0120,P014,SR005,East Coast,110,18.87,0.03,2013.43,11.75,720.93,Pharmacy,,Paid
INV002143,2025-10-13,C0121,P004,SR009,Northern,27,19.97,0.15,458.31,10.13,184.8,Distributor,,Paid
INV002144,2025-05-25,C0122,P007,SR012,East Malaysia,142,53.96,0,7662.32,26.47,3903.58,Pharmacy,,Pending
INV002145,2025-03-14,C0010,P009,SR009,Northern,16,9.93,0,158.88,6.14,60.64,Pharmacy,,Paid
INV002146,2026-02-17,C0057,P006,SR005,East Coast,124,28.44,0.1,3173.9,16.3,1152.7,Clinic,CAM010,Paid
INV002147,2026-06-21,C0062,P011,SR002,Kuala Lumpur,112,15.5,0.05,1649.2,7.06,858.48,Pharmacy,,Paid
INV002148,2025-10-07,C0140,P014,SR001,Central,114,18.87,0.05,2043.62,11.75,704.12,Clinic,,Paid
INV002149,2025-09-15,C0077,P018,SR002,Kuala Lumpur,145,17.27,0.03,2429.03,8.38,1213.93,Hospital,CAM006,Paid
INV002150,2025-11-02,C0104,P005,SR006,East Malaysia,89,48.8,0.03,4212.9,23.91,2084.91,Pharmacy,,Paid
INV002151,2026-03-31,C0071,P002,SR012,East Malaysia,97,20.37,0.05,1877.1,9.86,920.68,Pharmacy,CAM011,Paid
INV002152,2026-02-11,C0041,P007,SR006,East Malaysia,7,53.96,0.05,358.83,26.47,173.54,Clinic,,Paid
INV002153,2025-11-29,C0028,P002,SR010,Southern,166,20.37,0.08,3110.91,9.86,1474.15,Clinic,,Paid
INV002154,2025-04-15,C0060,P004,SR005,East Coast,30,19.97,0.05,569.14,10.13,265.24,Distributor,,Paid
INV002155,2025-01-20,C0037,P011,SR008,Kuala Lumpur,118,15.5,0.08,1682.68,7.06,849.6,Pharmacy,CAM001,Paid
INV002156,2025-01-25,C0104,P012,SR006,East Malaysia,85,23.6,0.1,1805.4,11.86,797.3,Pharmacy,,Paid
INV002157,2025-03-27,C0175,P006,SR003,Northern,26,28.44,0.08,680.28,16.3,256.48,Hospital,CAM002,Pending
INV002158,2026-01-01,C0016,P001,SR005,East Coast,111,34.05,0.08,3477.19,21.72,1066.27,Clinic,,Paid
INV002159,2025-11-24,C0029,P011,SR005,East Coast,51,15.5,0.1,711.45,7.06,351.39,Distributor,,Pending
INV002160,2025-09-23,C0113,P011,SR003,Northern,117,15.5,0.03,1759.1,7.06,933.08,Clinic,,Paid
INV002161,2026-03-30,C0049,P005,SR007,Central,157,48.8,0.05,7278.52,23.91,3524.65,Pharmacy,,Paid
INV002162,2026-01-10,C0165,P001,SR006,East Malaysia,175,34.05,0.08,5482.05,21.72,1681.05,Clinic,CAM009,Overdue
INV002163,2025-10-22,C0174,P007,SR010,Southern,8,53.96,0,431.68,26.47,219.92,Hospital,,Paid
INV002164,2025-10-12,C0090,P005,SR002,Kuala Lumpur,59,48.8,0.05,2735.24,23.91,1324.55,Hospital,,Paid
INV002165,2025-10-19,C0017,P003,SR007,Central,165,31.96,0.05,5009.73,20.33,1655.28,Pharmacy,CAM007,Overdue
INV002166,2025-12-11,C0158,P006,SR010,Southern,93,28.44,0.08,2433.33,16.3,917.43,Pharmacy,CAM008,Paid
INV002167,2025-12-15,C0038,P002,SR009,Northern,104,20.37,0,2118.48,9.86,1093.04,Pharmacy,CAM008,Paid
INV002168,2025-01-14,C0165,P001,SR012,East Malaysia,151,34.05,0.05,4884.47,21.72,1604.75,Clinic,,Pending
INV002169,2025-03-02,C0019,P018,SR011,East Coast,117,17.27,0.05,1919.56,8.38,939.1,Hospital,CAM002,Overdue
INV002170,2026-05-28,C0069,P005,SR006,East Malaysia,174,48.8,0,8491.2,23.91,4330.86,Clinic,,Paid
INV002171,2026-01-19,C0058,P001,SR005,East Coast,105,34.05,0.05,3396.49,21.72,1115.89,Hospital,,Pending
INV002172,2025-06-10,C0086,P011,SR003,Northern,60,15.5,0,930.0,7.06,506.4,Clinic,,Paid
INV002173,2026-05-21,C0055,P013,SR009,Northern,70,14.36,0,1005.2,8.98,376.6,Hospital,,Paid
INV002174,2026-04-16,C0138,P009,SR004,Southern,154,9.93,0,1529.22,6.14,583.66,Hospital,CAM011,Paid
INV002175,2025-08-15,C0079,P011,SR004,Southern,22,15.5,0,341.0,7.06,185.68,Hospital,,Paid
INV002176,2026-03-08,C0174,P002,SR010,Southern,67,20.37,0,1364.79,9.86,704.17,Hospital,,Paid
INV002177,2026-02-28,C0131,P009,SR001,Central,8,9.93,0,79.44,6.14,30.32,Hospital,,Paid
INV002178,2026-02-07,C0114,P008,SR001,Central,162,17.6,0.15,2423.52,7.93,1138.86,Hospital,,Paid
INV002179,2025-12-09,C0117,P011,SR010,Southern,87,15.5,0.1,1213.65,7.06,599.43,Distributor,,Paid
INV002180,2026-03-10,C0080,P006,SR011,East Coast,16,28.44,0,455.04,16.3,194.24,Hospital,,Paid
INV002181,2025-07-03,C0003,P005,SR011,East Coast,99,48.8,0.03,4686.26,23.91,2319.17,Pharmacy,CAM005,Paid
INV002182,2026-04-20,C0007,P005,SR001,Central,118,48.8,0,5758.4,23.91,2937.02,Clinic,,Pending
INV002183,2025-08-20,C0141,P001,SR006,East Malaysia,53,34.05,0.05,1714.42,21.72,563.26,Clinic,,Paid
INV002184,2025-06-25,C0018,P012,SR002,Kuala Lumpur,138,23.6,0.05,3093.96,11.86,1457.28,Hospital,,Paid
INV002185,2025-01-05,C0176,P012,SR005,East Coast,116,23.6,0,2737.6,11.86,1361.84,Hospital,CAM001,Paid
INV002186,2026-01-16,C0086,P018,SR003,Northern,155,17.27,0.1,2409.16,8.38,1110.26,Clinic,,Paid
INV002187,2026-04-27,C0043,P004,SR009,Northern,147,19.97,0.05,2788.81,10.13,1299.7,Hospital,,Pending
INV002188,2025-12-14,C0061,P016,SR005,East Coast,22,23.84,0.05,498.26,14.05,189.16,Pharmacy,,Overdue
INV002189,2026-06-05,C0149,P016,SR002,Kuala Lumpur,135,23.84,0.03,3121.85,14.05,1225.1,Clinic,,Paid
INV002190,2025-02-24,C0169,P004,SR004,Southern,48,19.97,0.08,881.88,10.13,395.64,Hospital,,Paid
INV002191,2025-07-01,C0142,P007,SR012,East Malaysia,142,53.96,0,7662.32,26.47,3903.58,Pharmacy,,Overdue
INV002192,2025-05-19,C0170,P005,SR006,East Malaysia,69,48.8,0,3367.2,23.91,1717.41,Hospital,CAM004,Paid
INV002193,2025-05-15,C0135,P004,SR004,Southern,112,19.97,0.15,1901.14,10.13,766.58,Clinic,,Overdue
INV002194,2025-07-20,C0180,P001,SR001,Central,165,34.05,0.08,5168.79,21.72,1584.99,Clinic,CAM005,Overdue
INV002195,2025-10-11,C0179,P005,SR004,Southern,38,48.8,0,1854.4,23.91,945.82,Pharmacy,,Paid
INV002196,2025-05-11,C0179,P004,SR004,Southern,100,19.97,0.08,1837.24,10.13,824.24,Pharmacy,,Paid
INV002197,2025-05-14,C0129,P003,SR012,East Malaysia,90,31.96,0.1,2588.76,20.33,759.06,Clinic,,Paid
INV002198,2026-02-10,C0051,P001,SR001,Central,93,34.05,0.08,2913.32,21.72,893.36,Hospital,,Overdue
INV002199,2026-03-27,C0117,P015,SR010,Southern,106,11.13,0.1,1061.8,6.38,385.52,Distributor,CAM011,Paid
INV002200,2025-03-14,C0176,P001,SR005,East Coast,158,34.05,0,5379.9,21.72,1948.14,Hospital,,Pending
INV002201,2025-03-17,C0121,P010,SR009,Northern,160,17.45,0,2792.0,11.04,1025.6,Distributor,,Paid
INV002202,2026-06-28,C0056,P004,SR003,Northern,72,19.97,0,1437.84,10.13,708.48,Pharmacy,,Overdue
INV002203,2025-10-10,C0018,P013,SR008,Kuala Lumpur,46,14.36,0,660.56,8.98,247.48,Hospital,CAM007,Overdue
INV002204,2026-03-06,C0125,P001,SR002,Kuala Lumpur,98,34.05,0.05,3170.05,21.72,1041.49,Clinic,,Overdue
INV002205,2026-03-04,C0101,P015,SR003,Northern,103,11.13,0,1146.39,6.38,489.25,Distributor,,Paid
INV002206,2026-06-09,C0101,P012,SR009,Northern,20,23.6,0.03,457.84,11.86,220.64,Distributor,CAM012,Paid
INV002207,2025-02-07,C0113,P014,SR009,Northern,55,18.87,0.08,954.82,11.75,308.57,Clinic,,Paid
INV002208,2025-08-19,C0146,P014,SR011,East Coast,7,18.87,0.03,128.13,11.75,45.88,Clinic,,Paid
INV002209,2025-07-14,C0034,P006,SR008,Kuala Lumpur,39,28.44,0.05,1053.7,16.3,418.0,Pharmacy,,Paid
INV002210,2025-05-31,C0066,P007,SR011,East Coast,175,53.96,0,9443.0,26.47,4810.75,Pharmacy,,Paid
INV002211,2025-11-25,C0069,P005,SR006,East Malaysia,178,48.8,0.05,8252.08,23.91,3996.1,Clinic,,Pending
INV002212,2025-02-10,C0137,P016,SR001,Central,164,23.84,0.15,3323.3,14.05,1019.1,Pharmacy,CAM001,Pending
INV002213,2025-03-28,C0169,P013,SR010,Southern,61,14.36,0,875.96,8.98,328.18,Hospital,CAM002,Pending
INV002214,2025-10-16,C0118,P006,SR012,East Malaysia,175,28.44,0,4977.0,16.3,2124.5,Hospital,,Paid
INV002215,2025-09-24,C0052,P002,SR002,Kuala Lumpur,24,20.37,0,488.88,9.86,252.24,Clinic,,Pending
INV002216,2026-06-26,C0128,P013,SR003,Northern,100,14.36,0.15,1220.6,8.98,322.6,Hospital,,Paid
INV002217,2026-04-24,C0100,P009,SR010,Southern,89,9.93,0.08,813.07,6.14,266.61,Clinic,,Paid
INV002218,2025-10-02,C0163,P011,SR004,Southern,97,15.5,0.15,1277.97,7.06,593.15,Clinic,,Paid
INV002219,2025-10-05,C0101,P013,SR009,Northern,21,14.36,0.05,286.48,8.98,97.9,Distributor,,Paid
INV002220,2025-07-01,C0088,P010,SR009,Northern,10,17.45,0.05,165.78,11.04,55.38,Distributor,,Paid
INV002221,2025-11-10,C0131,P003,SR007,Central,52,31.96,0.08,1528.97,20.33,471.81,Hospital,,Paid
INV002222,2025-11-27,C0096,P013,SR011,East Coast,82,14.36,0.1,1059.77,8.98,323.41,Hospital,CAM008,Paid
INV002223,2025-10-10,C0035,P008,SR009,Northern,155,17.6,0.15,2318.8,7.93,1089.65,Clinic,CAM007,Paid
INV002224,2025-10-20,C0014,P009,SR002,Kuala Lumpur,68,9.93,0.08,621.22,6.14,203.7,Pharmacy,CAM007,Pending
INV002225,2025-11-05,C0082,P010,SR004,Southern,19,17.45,0.05,314.97,11.04,105.21,Clinic,,Paid
INV002226,2026-04-14,C0058,P004,SR005,East Coast,12,19.97,0.05,227.66,10.13,106.1,Hospital,,Paid
INV002227,2026-06-28,C0092,P006,SR002,Kuala Lumpur,35,28.44,0,995.4,16.3,424.9,Pharmacy,,Pending
INV002228,2026-04-03,C0024,P018,SR007,Central,86,17.27,0,1485.22,8.38,764.54,Clinic,,Overdue
INV002229,2025-10-14,C0046,P014,SR007,Central,71,18.87,0.03,1299.58,11.75,465.33,Clinic,,Pending
INV002230,2026-05-26,C0013,P004,SR011,East Coast,54,19.97,0.05,1024.46,10.13,477.44,Pharmacy,CAM012,Paid
INV002231,2026-02-25,C0088,P005,SR003,Northern,118,48.8,0.05,5470.48,23.91,2649.1,Distributor,CAM010,Paid
INV002232,2025-11-28,C0105,P007,SR006,East Malaysia,124,53.96,0,6691.04,26.47,3408.76,Hospital,CAM008,Paid
INV002233,2025-02-17,C0162,P012,SR001,Central,117,23.6,0.15,2347.02,11.86,959.4,Hospital,CAM002,Paid
INV002234,2026-06-16,C0169,P002,SR004,Southern,11,20.37,0.15,190.46,9.86,82.0,Hospital,,Paid
INV002235,2025-07-02,C0033,P003,SR012,East Malaysia,52,31.96,0.03,1612.06,20.33,554.9,Hospital,,Overdue
INV002236,2025-05-03,C0109,P001,SR012,East Malaysia,63,34.05,0.15,1823.38,21.72,455.02,Clinic,,Paid
INV002237,2025-05-07,C0056,P013,SR003,Northern,131,14.36,0.15,1598.99,8.98,422.61,Pharmacy,,Pending
INV002238,2025-07-23,C0032,P007,SR011,East Coast,164,53.96,0.03,8583.96,26.47,4242.88,Hospital,,Paid
INV002239,2026-02-05,C0046,P001,SR001,Central,152,34.05,0.08,4761.55,21.72,1460.11,Clinic,,Pending
INV002240,2025-09-10,C0089,P005,SR007,Central,162,48.8,0.03,7668.43,23.91,3795.01,Hospital,,Paid
INV002241,2025-08-07,C0061,P005,SR005,East Coast,43,48.8,0.05,1993.48,23.91,965.35,Pharmacy,,Paid
INV002242,2025-07-14,C0134,P006,SR002,Kuala Lumpur,78,28.44,0.03,2151.77,16.3,880.37,Distributor,,Paid
INV002243,2025-08-16,C0091,P008,SR003,Northern,63,17.6,0.05,1053.36,7.93,553.77,Clinic,CAM006,Overdue
INV002244,2026-04-26,C0102,P003,SR004,Southern,146,31.96,0.15,3966.24,20.33,998.06,Pharmacy,CAM011,Paid
INV002245,2026-05-25,C0031,P017,SR001,Central,56,60.49,0.03,3285.82,30.19,1595.18,Pharmacy,CAM012,Paid
INV002246,2026-02-10,C0026,P012,SR004,Southern,147,23.6,0.08,3191.66,11.86,1448.24,Hospital,,Paid
INV002247,2025-04-02,C0127,P014,SR008,Kuala Lumpur,141,18.87,0.1,2394.6,11.75,737.85,Pharmacy,,Paid
INV002248,2025-11-29,C0114,P009,SR001,Central,42,9.93,0,417.06,6.14,159.18,Hospital,,Paid
INV002249,2025-06-06,C0037,P006,SR002,Kuala Lumpur,167,28.44,0,4749.48,16.3,2027.38,Pharmacy,,Paid
INV002250,2025-06-07,C0089,P018,SR001,Central,175,17.27,0.15,2568.91,8.38,1102.41,Hospital,,Paid
INV002251,2025-12-29,C0104,P002,SR012,East Malaysia,51,20.37,0.1,934.98,9.86,432.12,Pharmacy,,Overdue
INV002252,2025-08-05,C0096,P002,SR011,East Coast,67,20.37,0.1,1228.31,9.86,567.69,Hospital,,Pending
INV002253,2025-09-08,C0018,P004,SR002,Kuala Lumpur,74,19.97,0.03,1433.45,10.13,683.83,Hospital,,Paid
INV002254,2025-08-30,C0002,P016,SR007,Central,63,23.84,0.1,1351.73,14.05,466.58,Clinic,,Pending
INV002255,2025-11-28,C0039,P001,SR001,Central,61,34.05,0.08,1910.89,21.72,585.97,Distributor,CAM008,Paid
INV002256,2025-10-21,C0170,P013,SR006,East Malaysia,151,14.36,0.1,1951.52,8.98,595.54,Hospital,,Paid
INV002257,2025-03-06,C0081,P009,SR010,Southern,16,9.93,0.03,154.11,6.14,55.87,Pharmacy,CAM002,Pending
INV002258,2025-03-10,C0095,P003,SR011,East Coast,73,31.96,0,2333.08,20.33,848.99,Pharmacy,,Pending
INV002259,2025-12-17,C0085,P014,SR008,Kuala Lumpur,9,18.87,0.05,161.34,11.75,55.59,Pharmacy,,Paid
INV002260,2026-01-20,C0152,P007,SR012,East Malaysia,120,53.96,0.05,6151.44,26.47,2975.04,Hospital,,Paid
INV002261,2026-05-04,C0001,P005,SR004,Southern,69,48.8,0,3367.2,23.91,1717.41,Pharmacy,,Paid
INV002262,2025-03-14,C0160,P016,SR006,East Malaysia,39,23.84,0.08,855.38,14.05,307.43,Distributor,CAM002,Paid
INV002263,2025-07-26,C0147,P008,SR010,Southern,163,17.6,0.05,2725.36,7.93,1432.77,Pharmacy,,Paid
INV002264,2026-02-20,C0010,P017,SR009,Northern,60,60.49,0,3629.4,30.19,1818.0,Pharmacy,,Pending
INV002265,2025-08-25,C0021,P006,SR006,East Malaysia,117,28.44,0.08,3061.28,16.3,1154.18,Clinic,,Paid
INV002266,2025-12-14,C0179,P017,SR010,Southern,171,60.49,0.05,9826.6,30.19,4664.11,Pharmacy,,Pending
INV002267,2025-08-01,C0162,P010,SR001,Central,34,17.45,0.05,563.63,11.04,188.27,Hospital,,Paid
INV002268,2025-11-13,C0049,P001,SR007,Central,51,34.05,0,1736.55,21.72,628.83,Pharmacy,CAM008,Paid
INV002269,2025-03-12,C0091,P001,SR009,Northern,129,34.05,0.1,3953.2,21.72,1151.32,Clinic,CAM002,Paid
INV002270,2026-04-13,C0073,P016,SR005,East Coast,17,23.84,0,405.28,14.05,166.43,Pharmacy,,Paid
INV002271,2026-02-10,C0079,P010,SR010,Southern,132,17.45,0.05,2188.23,11.04,730.95,Hospital,,Paid
INV002272,2025-11-13,C0023,P014,SR005,East Coast,103,18.87,0.1,1749.25,11.75,539.0,Clinic,,Overdue
INV002273,2025-09-21,C0085,P002,SR002,Kuala Lumpur,109,20.37,0,2220.33,9.86,1145.59,Pharmacy,CAM006,Paid
INV002274,2025-02-08,C0151,P013,SR008,Kuala Lumpur,149,14.36,0.05,2032.66,8.98,694.64,Distributor,CAM001,Paid
INV002275,2025-04-23,C0163,P012,SR004,Southern,150,23.6,0.08,3256.8,11.86,1477.8,Clinic,CAM003,Paid
INV002276,2026-01-15,C0152,P015,SR006,East Malaysia,50,11.13,0.03,539.8,6.38,220.8,Hospital,CAM009,Paid
INV002277,2025-07-31,C0110,P010,SR002,Kuala Lumpur,25,17.45,0.1,392.62,11.04,116.62,Hospital,,Pending
INV002278,2025-12-10,C0157,P013,SR010,Southern,77,14.36,0.05,1050.43,8.98,358.97,Pharmacy,,Paid
INV002279,2025-12-05,C0068,P010,SR005,East Coast,83,17.45,0.08,1332.48,11.04,416.16,Distributor,,Pending
INV002280,2025-11-09,C0157,P004,SR010,Southern,150,19.97,0.15,2546.17,10.13,1026.67,Pharmacy,,Paid
INV002281,2025-09-06,C0067,P009,SR008,Kuala Lumpur,77,9.93,0,764.61,6.14,291.83,Pharmacy,,Pending
INV002282,2025-09-28,C0005,P017,SR003,Northern,42,60.49,0,2540.58,30.19,1272.6,Pharmacy,,Paid
INV002283,2025-05-12,C0155,P016,SR004,Southern,152,23.84,0.08,3333.79,14.05,1198.19,Hospital,,Paid
INV002284,2026-06-19,C0150,P009,SR005,East Coast,68,9.93,0,675.24,6.14,257.72,Pharmacy,,Overdue
INV002285,2026-04-02,C0034,P002,SR002,Kuala Lumpur,34,20.37,0.1,623.32,9.86,288.08,Pharmacy,,Paid
INV002286,2025-11-05,C0133,P012,SR001,Central,78,23.6,0.05,1748.76,11.86,823.68,Clinic,,Pending
INV002287,2026-01-15,C0087,P016,SR001,Central,37,23.84,0,882.08,14.05,362.23,Clinic,CAM009,Paid
INV002288,2026-03-20,C0078,P013,SR004,Southern,42,14.36,0.08,554.87,8.98,177.71,Clinic,,Paid
INV002289,2025-02-25,C0008,P005,SR009,Northern,32,48.8,0,1561.6,23.91,796.48,Clinic,CAM002,Paid
INV002290,2026-02-07,C0092,P017,SR008,Kuala Lumpur,53,60.49,0.03,3109.79,30.19,1509.72,Pharmacy,,Paid
INV002291,2026-04-28,C0001,P018,SR010,Southern,25,17.27,0.15,366.99,8.38,157.49,Pharmacy,,Overdue
INV002292,2025-09-25,C0093,P018,SR010,Southern,53,17.27,0.03,887.85,8.38,443.71,Pharmacy,CAM006,Paid
INV002293,2025-03-16,C0058,P018,SR011,East Coast,17,17.27,0.1,264.23,8.38,121.77,Hospital,CAM002,Paid
INV002294,2026-02-22,C0041,P005,SR006,East Malaysia,68,48.8,0,3318.4,23.91,1692.52,Clinic,,Paid
INV002295,2026-02-21,C0054,P004,SR005,East Coast,82,19.97,0,1637.54,10.13,806.88,Pharmacy,,Paid
INV002296,2026-06-01,C0178,P013,SR001,Central,13,14.36,0.05,177.35,8.98,60.61,Hospital,,Overdue
INV002297,2025-11-18,C0037,P009,SR008,Kuala Lumpur,154,9.93,0.15,1299.84,6.14,354.28,Pharmacy,CAM008,Paid
INV002298,2026-05-14,C0113,P010,SR003,Northern,124,17.45,0.03,2098.89,11.04,729.93,Clinic,,Paid
INV002299,2025-11-23,C0015,P005,SR005,East Coast,142,48.8,0.08,6375.23,23.91,2980.01,Clinic,,Overdue
INV002300,2025-06-17,C0042,P018,SR010,Southern,113,17.27,0.03,1892.96,8.38,946.02,Hospital,CAM004,Pending
INV002301,2025-06-13,C0051,P007,SR001,Central,138,53.96,0.15,6329.51,26.47,2676.65,Hospital,,Paid
INV002302,2025-05-20,C0005,P005,SR009,Northern,107,48.8,0.05,4960.52,23.91,2402.15,Pharmacy,CAM004,Pending
INV002303,2025-08-24,C0006,P008,SR006,East Malaysia,69,17.6,0.05,1153.68,7.93,606.51,Clinic,,Pending
INV002304,2025-05-06,C0172,P014,SR011,East Coast,98,18.87,0.15,1571.87,11.75,420.37,Pharmacy,,Paid
INV002305,2026-03-14,C0037,P016,SR008,Kuala Lumpur,85,23.84,0,2026.4,14.05,832.15,Pharmacy,,Pending
INV002306,2025-06-27,C0072,P012,SR004,Southern,19,23.6,0,448.4,11.86,223.06,Clinic,,Pending
INV002307,2025-08-25,C0149,P018,SR008,Kuala Lumpur,129,17.27,0,2227.83,8.38,1146.81,Clinic,CAM006,Paid
INV002308,2025-05-15,C0012,P005,SR008,Kuala Lumpur,122,48.8,0,5953.6,23.91,3036.58,Pharmacy,,Overdue
INV002309,2025-01-17,C0024,P015,SR001,Central,46,11.13,0.08,471.02,6.38,177.54,Clinic,CAM001,Pending
INV002310,2025-03-01,C0113,P014,SR009,Northern,174,18.87,0.1,2955.04,11.75,910.54,Clinic,,Pending
INV002311,2025-04-15,C0122,P016,SR012,East Malaysia,71,23.84,0.05,1608.01,14.05,610.46,Pharmacy,,Pending
INV002312,2025-07-07,C0068,P002,SR011,East Coast,97,20.37,0.05,1877.1,9.86,920.68,Distributor,CAM005,Paid
INV002313,2026-04-26,C0162,P005,SR007,Central,134,48.8,0.1,5885.28,23.91,2681.34,Hospital,CAM011,Paid
INV002314,2025-02-11,C0150,P011,SR011,East Coast,105,15.5,0.08,1497.3,7.06,756.0,Pharmacy,CAM001,Pending
INV002315,2025-05-31,C0064,P016,SR004,Southern,165,23.84,0,3933.6,14.05,1615.35,Clinic,,Overdue
INV002316,2025-07-10,C0026,P005,SR004,Southern,27,48.8,0.15,1119.96,23.91,474.39,Hospital,CAM005,Overdue
INV002317,2025-02-12,C0061,P012,SR011,East Coast,162,23.6,0,3823.2,11.86,1901.88,Pharmacy,,Pending
INV002318,2025-03-17,C0117,P002,SR010,Southern,79,20.37,0.08,1480.49,9.86,701.55,Distributor,,Overdue
INV002319,2025-06-04,C0091,P004,SR009,Northern,95,19.97,0,1897.15,10.13,934.8,Clinic,CAM004,Paid
INV002320,2025-06-26,C0045,P005,SR009,Northern,104,48.8,0.08,4669.18,23.91,2182.54,Pharmacy,,Paid
INV002321,2026-04-11,C0047,P006,SR005,East Coast,97,28.44,0.1,2482.81,16.3,901.71,Hospital,CAM011,Paid
INV002322,2026-01-21,C0174,P011,SR010,Southern,156,15.5,0.1,2176.2,7.06,1074.84,Hospital,,Overdue
INV002323,2025-07-19,C0001,P018,SR004,Southern,56,17.27,0.15,822.05,8.38,352.77,Pharmacy,CAM005,Pending
INV002324,2025-01-19,C0079,P017,SR010,Southern,135,60.49,0.05,7757.84,30.19,3682.19,Hospital,,Paid
INV002325,2026-04-21,C0006,P006,SR006,East Malaysia,100,28.44,0.05,2701.8,16.3,1071.8,Clinic,,Paid
INV002326,2025-12-24,C0019,P011,SR005,East Coast,179,15.5,0.05,2635.78,7.06,1372.04,Hospital,CAM008,Paid
INV002327,2025-08-03,C0041,P011,SR012,East Malaysia,64,15.5,0.03,962.24,7.06,510.4,Clinic,,Paid
INV002328,2025-11-23,C0044,P006,SR007,Central,150,28.44,0,4266.0,16.3,1821.0,Clinic,,Pending
INV002329,2025-12-24,C0139,P003,SR002,Kuala Lumpur,159,31.96,0,5081.64,20.33,1849.17,Clinic,,Paid
INV002330,2025-06-11,C0039,P010,SR001,Central,23,17.45,0.03,389.31,11.04,135.39,Distributor,,Overdue
INV002331,2026-02-25,C0056,P002,SR003,Northern,156,20.37,0.03,3082.39,9.86,1544.23,Pharmacy,,Paid
INV002332,2026-02-16,C0060,P014,SR005,East Coast,123,18.87,0.08,2135.33,11.75,690.08,Distributor,,Paid
INV002333,2025-06-26,C0160,P010,SR006,East Malaysia,15,17.45,0.05,248.66,11.04,83.06,Distributor,,Paid
INV002334,2025-09-23,C0160,P017,SR006,East Malaysia,170,60.49,0.08,9460.64,30.19,4328.34,Distributor,CAM006,Paid
INV002335,2025-04-20,C0058,P018,SR005,East Coast,16,17.27,0.03,268.03,8.38,133.95,Hospital,,Pending
INV002336,2025-06-10,C0017,P003,SR001,Central,43,31.96,0,1374.28,20.33,500.09,Pharmacy,,Pending
INV002337,2026-01-17,C0076,P017,SR003,Northern,100,60.49,0.05,5746.55,30.19,2727.55,Hospital,,Paid
INV002338,2026-05-27,C0103,P010,SR002,Kuala Lumpur,31,17.45,0.08,497.67,11.04,155.43,Clinic,CAM012,Paid
INV002339,2025-03-01,C0100,P010,SR010,Southern,39,17.45,0.1,612.5,11.04,181.94,Clinic,,Paid
INV002340,2026-02-02,C0046,P017,SR007,Central,118,60.49,0.05,6780.93,30.19,3218.51,Clinic,,Pending
INV002341,2026-06-18,C0084,P013,SR011,East Coast,77,14.36,0.15,939.86,8.98,248.4,Distributor,,Paid
INV002342,2025-11-15,C0031,P014,SR001,Central,60,18.87,0.03,1098.23,11.75,393.23,Pharmacy,CAM008,Paid
INV002343,2026-03-23,C0038,P006,SR003,Northern,54,28.44,0,1535.76,16.3,655.56,Pharmacy,,Paid
INV002344,2025-03-07,C0012,P010,SR002,Kuala Lumpur,161,17.45,0.03,2725.17,11.04,947.73,Pharmacy,CAM002,Paid
INV002345,2026-05-13,C0131,P004,SR001,Central,125,19.97,0.1,2246.62,10.13,980.37,Hospital,,Pending
INV002346,2026-02-21,C0151,P009,SR002,Kuala Lumpur,171,9.93,0,1698.03,6.14,648.09,Distributor,,Paid
INV002347,2025-01-21,C0015,P008,SR011,East Coast,113,17.6,0.05,1889.36,7.93,993.27,Clinic,,Pending
INV002348,2025-01-03,C0016,P001,SR011,East Coast,55,34.05,0.08,1722.93,21.72,528.33,Clinic,,Paid
INV002349,2026-02-10,C0049,P004,SR001,Central,87,19.97,0.05,1650.52,10.13,769.21,Pharmacy,CAM010,Paid
INV002350,2026-06-27,C0061,P018,SR005,East Coast,95,17.27,0.05,1558.62,8.38,762.52,Pharmacy,,Paid
INV002351,2026-03-04,C0158,P006,SR004,Southern,20,28.44,0.05,540.36,16.3,214.36,Pharmacy,,Paid
INV002352,2026-04-14,C0112,P008,SR005,East Coast,50,17.6,0.1,792.0,7.93,395.5,Pharmacy,,Paid
INV002353,2026-05-29,C0157,P013,SR004,Southern,59,14.36,0.1,762.52,8.98,232.7,Pharmacy,,Pending
INV002354,2026-06-02,C0087,P004,SR007,Central,50,19.97,0.03,968.54,10.13,462.04,Clinic,CAM012,Paid
INV002355,2025-04-22,C0001,P003,SR004,Southern,44,31.96,0.08,1293.74,20.33,399.22,Pharmacy,,Paid
INV002356,2025-08-20,C0156,P005,SR001,Central,177,48.8,0.05,8205.72,23.91,3973.65,Distributor,,Overdue
INV002357,2025-12-24,C0048,P015,SR002,Kuala Lumpur,140,11.13,0.05,1480.29,6.38,587.09,Distributor,,Pending
INV002358,2025-01-21,C0104,P016,SR012,East Malaysia,103,23.84,0,2455.52,14.05,1008.37,Pharmacy,CAM001,Pending
INV002359,2025-06-21,C0002,P018,SR001,Central,172,17.27,0.1,2673.4,8.38,1232.04,Clinic,,Paid
INV002360,2025-03-18,C0160,P005,SR012,East Malaysia,160,48.8,0.05,7417.6,23.91,3592.0,Distributor,,Paid
INV002361,2026-05-31,C0178,P004,SR007,Central,156,19.97,0.05,2959.55,10.13,1379.27,Hospital,,Paid
INV002362,2025-11-03,C0090,P016,SR002,Kuala Lumpur,177,23.84,0,4219.68,14.05,1732.83,Hospital,,Paid
INV002363,2025-06-04,C0180,P013,SR007,Central,99,14.36,0.08,1307.91,8.98,418.89,Clinic,,Paid
INV002364,2025-06-24,C0157,P012,SR004,Southern,40,23.6,0.03,915.68,11.86,441.28,Pharmacy,,Paid
INV002365,2026-06-04,C0152,P006,SR012,East Malaysia,88,28.44,0,2502.72,16.3,1068.32,Hospital,CAM012,Paid
INV002366,2025-01-10,C0114,P010,SR001,Central,153,17.45,0.1,2402.86,11.04,713.74,Hospital,CAM001,Paid
INV002367,2025-05-27,C0159,P014,SR007,Central,156,18.87,0.15,2502.16,11.75,669.16,Pharmacy,CAM004,Paid
INV002368,2026-02-10,C0125,P001,SR002,Kuala Lumpur,146,34.05,0.08,4573.6,21.72,1402.48,Clinic,,Paid
INV002369,2026-05-25,C0066,P018,SR011,East Coast,180,17.27,0.05,2953.17,8.38,1444.77,Pharmacy,,Paid
INV002370,2025-03-19,C0131,P007,SR007,Central,33,53.96,0.05,1691.65,26.47,818.14,Hospital,CAM002,Paid
INV002371,2025-12-18,C0053,P013,SR001,Central,102,14.36,0.03,1420.78,8.98,504.82,Clinic,,Paid
INV002372,2025-10-24,C0081,P001,SR004,Southern,174,34.05,0.05,5628.46,21.72,1849.18,Pharmacy,,Pending
INV002373,2025-12-01,C0044,P004,SR001,Central,46,19.97,0.03,891.06,10.13,425.08,Clinic,,Paid
INV002374,2026-02-14,C0075,P018,SR003,Northern,9,17.27,0.1,139.89,8.38,64.47,Pharmacy,CAM010,Paid
INV002375,2025-04-17,C0057,P001,SR005,East Coast,175,34.05,0.1,5362.87,21.72,1561.87,Clinic,CAM003,Paid
INV002376,2025-08-31,C0159,P016,SR007,Central,32,23.84,0.05,724.74,14.05,275.14,Pharmacy,,Pending
INV002377,2025-01-15,C0039,P015,SR007,Central,8,11.13,0,89.04,6.38,38.0,Distributor,CAM001,Pending
INV002378,2026-02-17,C0027,P012,SR001,Central,9,23.6,0.1,191.16,11.86,84.42,Hospital,,Paid
INV002379,2025-04-10,C0143,P009,SR002,Kuala Lumpur,117,9.93,0.15,987.54,6.14,269.16,Clinic,,Pending
INV002380,2025-10-29,C0111,P015,SR002,Kuala Lumpur,133,11.13,0.08,1361.87,6.38,513.33,Pharmacy,,Pending
INV002381,2025-05-02,C0136,P016,SR006,East Malaysia,111,23.84,0.1,2381.62,14.05,822.07,Clinic,,Pending
INV002382,2025-02-01,C0029,P007,SR011,East Coast,100,53.96,0.1,4856.4,26.47,2209.4,Distributor,CAM001,Paid
INV002383,2025-10-30,C0078,P009,SR004,Southern,158,9.93,0.05,1490.49,6.14,520.37,Clinic,CAM007,Paid
INV002384,2025-12-18,C0109,P018,SR012,East Malaysia,100,17.27,0,1727.0,8.38,889.0,Clinic,,Paid
INV002385,2025-05-10,C0030,P011,SR011,East Coast,161,15.5,0.05,2370.72,7.06,1234.06,Pharmacy,,Pending
INV002386,2025-05-21,C0081,P014,SR004,Southern,52,18.87,0.15,834.05,11.75,223.05,Pharmacy,CAM004,Paid
INV002387,2025-08-09,C0163,P010,SR010,Southern,12,17.45,0.03,203.12,11.04,70.64,Clinic,CAM005,Paid
INV002388,2025-10-23,C0176,P011,SR011,East Coast,157,15.5,0,2433.5,7.06,1325.08,Hospital,,Paid
INV002389,2025-08-26,C0137,P008,SR007,Central,6,17.6,0.05,100.32,7.93,52.74,Pharmacy,CAM006,Paid
INV002390,2025-12-23,C0056,P004,SR003,Northern,157,19.97,0,3135.29,10.13,1544.88,Pharmacy,,Paid
INV002391,2025-07-09,C0024,P003,SR007,Central,65,31.96,0.15,1765.79,20.33,444.34,Clinic,,Paid
INV002392,2026-04-20,C0127,P006,SR008,Kuala Lumpur,74,28.44,0.05,1999.33,16.3,793.13,Pharmacy,,Paid
INV002393,2025-12-21,C0143,P011,SR008,Kuala Lumpur,146,15.5,0.03,2195.11,7.06,1164.35,Clinic,CAM008,Paid
INV002394,2025-12-21,C0036,P011,SR001,Central,108,15.5,0,1674.0,7.06,911.52,Distributor,,Paid
INV002395,2025-03-28,C0115,P003,SR004,Southern,91,31.96,0.1,2617.52,20.33,767.49,Pharmacy,,Paid
INV002396,2026-01-07,C0079,P003,SR010,Southern,119,31.96,0.05,3613.08,20.33,1193.81,Hospital,CAM009,Pending
INV002397,2025-08-08,C0092,P005,SR008,Kuala Lumpur,117,48.8,0.1,5138.64,23.91,2341.17,Pharmacy,,Pending
INV002398,2025-10-30,C0029,P015,SR005,East Coast,96,11.13,0.05,1015.06,6.38,402.58,Distributor,,Overdue
INV002399,2026-04-16,C0052,P009,SR008,Kuala Lumpur,159,9.93,0,1578.87,6.14,602.61,Clinic,CAM011,Paid
INV002400,2025-02-01,C0057,P007,SR005,East Coast,140,53.96,0,7554.4,26.47,3848.6,Clinic,CAM001,Paid
INV002401,2025-09-03,C0165,P017,SR006,East Malaysia,114,60.49,0.15,5861.48,30.19,2419.82,Clinic,,Paid
INV002402,2025-06-29,C0143,P003,SR008,Kuala Lumpur,49,31.96,0.05,1487.74,20.33,491.57,Clinic,,Paid
INV002403,2025-01-10,C0074,P018,SR012,East Malaysia,52,17.27,0.03,871.1,8.38,435.34,Pharmacy,CAM001,Paid
INV002404,2025-11-10,C0105,P011,SR006,East Malaysia,88,15.5,0.08,1254.88,7.06,633.6,Hospital,,Paid
INV002405,2026-06-09,C0013,P004,SR005,East Coast,96,19.97,0.05,1821.26,10.13,848.78,Pharmacy,,Paid
INV002406,2026-01-26,C0128,P003,SR009,Northern,118,31.96,0.08,3469.58,20.33,1070.64,Hospital,,Paid
INV002407,2026-02-12,C0151,P003,SR008,Kuala Lumpur,62,31.96,0,1981.52,20.33,721.06,Distributor,,Paid
INV002408,2025-09-21,C0097,P014,SR007,Central,92,18.87,0,1736.04,11.75,655.04,Pharmacy,,Paid
INV002409,2025-01-30,C0177,P002,SR004,Southern,17,20.37,0.05,328.98,9.86,161.36,Hospital,,Paid
INV002410,2025-01-18,C0137,P008,SR007,Central,46,17.6,0,809.6,7.93,444.82,Pharmacy,CAM001,Paid
INV002411,2025-10-25,C0074,P006,SR012,East Malaysia,104,28.44,0.03,2869.03,16.3,1173.83,Pharmacy,,Pending
INV002412,2025-11-01,C0159,P015,SR007,Central,117,11.13,0,1302.21,6.38,555.75,Pharmacy,,Paid
INV002413,2026-05-18,C0085,P012,SR002,Kuala Lumpur,137,23.6,0.08,2974.54,11.86,1349.72,Pharmacy,,Paid
INV002414,2025-05-27,C0019,P015,SR011,East Coast,142,11.13,0.05,1501.44,6.38,595.48,Hospital,,Pending
INV002415,2025-03-17,C0036,P010,SR001,Central,168,17.45,0.05,2785.02,11.04,930.3,Distributor,,Pending
INV002416,2026-04-19,C0004,P011,SR011,East Coast,72,15.5,0.15,948.6,7.06,440.28,Pharmacy,,Pending
INV002417,2025-07-31,C0109,P016,SR006,East Malaysia,138,23.84,0.15,2796.43,14.05,857.53,Clinic,,Paid
INV002418,2025-07-06,C0056,P001,SR003,Northern,140,34.05,0.05,4528.65,21.72,1487.85,Pharmacy,,Pending
INV002419,2025-04-27,C0021,P008,SR012,East Malaysia,142,17.6,0,2499.2,7.93,1373.14,Clinic,,Paid
INV002420,2025-01-12,C0006,P006,SR006,East Malaysia,118,28.44,0.05,3188.12,16.3,1264.72,Clinic,CAM001,Paid
INV002421,2026-03-12,C0109,P007,SR006,East Malaysia,100,53.96,0,5396.0,26.47,2749.0,Clinic,,Paid
INV002422,2026-06-01,C0138,P001,SR010,Southern,8,34.05,0.08,250.61,21.72,76.85,Hospital,,Paid
INV002423,2026-02-09,C0006,P004,SR006,East Malaysia,152,19.97,0,3035.44,10.13,1495.68,Clinic,,Paid
INV002424,2025-01-11,C0064,P018,SR004,Southern,151,17.27,0.15,2216.6,8.38,951.22,Clinic,CAM001,Paid
INV002425,2025-09-07,C0110,P002,SR002,Kuala Lumpur,140,20.37,0.03,2766.25,9.86,1385.85,Hospital,,Paid
INV002426,2026-05-30,C0032,P002,SR011,East Coast,88,20.37,0,1792.56,9.86,924.88,Hospital,CAM012,Paid
INV002427,2025-07-31,C0103,P003,SR008,Kuala Lumpur,140,31.96,0.05,4250.68,20.33,1404.48,Clinic,,Paid
INV002428,2026-03-27,C0021,P007,SR012,East Malaysia,135,53.96,0.08,6701.83,26.47,3128.38,Clinic,,Paid
INV002429,2025-12-28,C0062,P002,SR002,Kuala Lumpur,165,20.37,0.03,3260.22,9.86,1633.32,Pharmacy,CAM009,Paid
INV002430,2025-10-26,C0116,P008,SR004,Southern,171,17.6,0.03,2919.31,7.93,1563.28,Clinic,,Paid
INV002431,2026-05-15,C0146,P006,SR011,East Coast,93,28.44,0.08,2433.33,16.3,917.43,Clinic,CAM012,Paid
INV002432,2026-02-07,C0174,P002,SR004,Southern,135,20.37,0.1,2474.96,9.86,1143.86,Hospital,,Paid
INV002433,2025-07-06,C0117,P001,SR004,Southern,144,34.05,0.05,4658.04,21.72,1530.36,Distributor,,Paid
INV002434,2026-02-24,C0002,P011,SR001,Central,80,15.5,0,1240.0,7.06,675.2,Clinic,CAM010,Paid
INV002435,2026-02-27,C0020,P002,SR001,Central,164,20.37,0.15,2839.58,9.86,1222.54,Clinic,,Overdue
INV002436,2025-07-29,C0086,P018,SR009,Northern,109,17.27,0.1,1694.19,8.38,780.77,Clinic,CAM005,Overdue
INV002437,2025-02-08,C0049,P018,SR001,Central,39,17.27,0.05,639.85,8.38,313.03,Pharmacy,CAM001,Paid
INV002438,2026-03-06,C0054,P014,SR005,East Coast,135,18.87,0.1,2292.71,11.75,706.46,Pharmacy,CAM010,Paid
INV002439,2026-04-10,C0030,P017,SR005,East Coast,156,60.49,0.03,9153.35,30.19,4443.71,Pharmacy,CAM011,Paid
INV002440,2025-02-15,C0108,P016,SR011,East Coast,71,23.84,0.08,1557.23,14.05,559.68,Clinic,,Paid
INV002441,2025-01-04,C0146,P006,SR005,East Coast,134,28.44,0.05,3620.41,16.3,1436.21,Clinic,,Overdue
INV002442,2026-06-06,C0117,P009,SR010,Southern,94,9.93,0,933.42,6.14,356.26,Distributor,,Pending
INV002443,2025-12-03,C0138,P015,SR004,Southern,130,11.13,0,1446.9,6.38,617.5,Hospital,CAM008,Paid
INV002444,2026-03-12,C0142,P018,SR006,East Malaysia,32,17.27,0.08,508.43,8.38,240.27,Pharmacy,,Pending
INV002445,2025-02-05,C0052,P010,SR002,Kuala Lumpur,156,17.45,0.05,2586.09,11.04,863.85,Clinic,,Paid
INV002446,2026-05-21,C0053,P018,SR007,Central,118,17.27,0.08,1874.83,8.38,885.99,Clinic,,Paid
INV002447,2025-08-28,C0055,P013,SR009,Northern,126,14.36,0.05,1718.89,8.98,587.41,Hospital,,Paid
INV002448,2025-01-09,C0155,P001,SR004,Southern,94,34.05,0,3200.7,21.72,1159.02,Hospital,,Pending
INV002449,2025-01-24,C0048,P018,SR002,Kuala Lumpur,106,17.27,0,1830.62,8.38,942.34,Distributor,CAM001,Overdue
INV002450,2025-09-26,C0018,P006,SR002,Kuala Lumpur,26,28.44,0.05,702.47,16.3,278.67,Hospital,,Paid
INV002451,2026-04-18,C0035,P001,SR009,Northern,76,34.05,0,2587.8,21.72,937.08,Clinic,CAM011,Paid
INV002452,2025-10-06,C0026,P007,SR004,Southern,74,53.96,0.03,3873.25,26.47,1914.47,Hospital,,Pending
INV002453,2025-03-19,C0016,P016,SR011,East Coast,30,23.84,0.15,607.92,14.05,186.42,Clinic,,Paid
INV002454,2025-10-11,C0140,P015,SR001,Central,155,11.13,0.08,1587.14,6.38,598.24,Clinic,,Paid
INV002455,2026-02-04,C0066,P014,SR005,East Coast,51,18.87,0,962.37,11.75,363.12,Pharmacy,,Paid
INV002456,2026-05-23,C0077,P005,SR002,Kuala Lumpur,79,48.8,0,3855.2,23.91,1966.31,Hospital,,Paid
INV002457,2025-08-08,C0045,P014,SR003,Northern,32,18.87,0.05,573.65,11.75,197.65,Pharmacy,,Paid
INV002458,2025-11-09,C0098,P017,SR012,East Malaysia,30,60.49,0.08,1669.52,30.19,763.82,Distributor,,Paid
INV002459,2026-05-02,C0004,P005,SR011,East Coast,119,48.8,0.08,5342.62,23.91,2497.33,Pharmacy,CAM011,Pending
INV002460,2025-02-02,C0153,P011,SR006,East Malaysia,105,15.5,0.1,1464.75,7.06,723.45,Clinic,,Paid
INV002461,2026-01-05,C0051,P014,SR001,Central,7,18.87,0.03,128.13,11.75,45.88,Hospital,,Paid
INV002462,2025-03-03,C0025,P016,SR006,East Malaysia,39,23.84,0.03,901.87,14.05,353.92,Hospital,,Overdue
INV002463,2025-01-27,C0119,P007,SR007,Central,27,53.96,0,1456.92,26.47,742.23,Distributor,,Paid
INV002464,2025-06-25,C0042,P003,SR004,Southern,57,31.96,0.05,1730.63,20.33,571.82,Hospital,,Paid
INV002465,2025-02-12,C0131,P016,SR001,Central,172,23.84,0.03,3977.47,14.05,1560.87,Hospital,,Paid
INV002466,2025-05-03,C0007,P009,SR007,Central,76,9.93,0.08,694.31,6.14,227.67,Clinic,,Pending
INV002467,2026-05-23,C0029,P006,SR005,East Coast,126,28.44,0.1,3225.1,16.3,1171.3,Distributor,,Paid
INV002468,2026-02-21,C0014,P005,SR002,Kuala Lumpur,82,48.8,0.03,3881.55,23.91,1920.93,Pharmacy,,Pending
INV002469,2025-07-08,C0093,P005,SR004,Southern,170,48.8,0.03,8047.12,23.91,3982.42,Pharmacy,CAM005,Paid
INV002470,2025-10-04,C0022,P005,SR006,East Malaysia,154,48.8,0.03,7289.74,23.91,3607.6,Hospital,,Paid
INV002471,2026-05-01,C0047,P013,SR005,East Coast,58,14.36,0.08,766.25,8.98,245.41,Hospital,,Paid
INV002472,2025-11-20,C0025,P008,SR006,East Malaysia,125,17.6,0.05,2090.0,7.93,1098.75,Hospital,,Paid
INV002473,2025-11-04,C0143,P001,SR002,Kuala Lumpur,74,34.05,0.15,2141.74,21.72,534.46,Clinic,,Pending
INV002474,2026-01-03,C0150,P018,SR011,East Coast,33,17.27,0.03,552.81,8.38,276.27,Pharmacy,CAM009,Paid
INV002475,2025-04-24,C0082,P018,SR004,Southern,48,17.27,0.1,746.06,8.38,343.82,Clinic,,Paid
INV002476,2025-10-20,C0156,P018,SR007,Central,70,17.27,0.05,1148.45,8.38,561.85,Distributor,,Pending
INV002477,2026-06-11,C0173,P014,SR006,East Malaysia,59,18.87,0.05,1057.66,11.75,364.41,Clinic,,Overdue
INV002478,2025-01-10,C0129,P017,SR012,East Malaysia,84,60.49,0.05,4827.1,30.19,2291.14,Clinic,CAM001,Paid
INV002479,2025-04-01,C0145,P004,SR004,Southern,130,19.97,0.03,2518.22,10.13,1201.32,Pharmacy,,Paid
INV002480,2026-03-24,C0077,P002,SR002,Kuala Lumpur,108,20.37,0.05,2089.96,9.86,1025.08,Hospital,,Pending
INV002481,2026-06-26,C0052,P013,SR002,Kuala Lumpur,55,14.36,0.08,726.62,8.98,232.72,Clinic,,Overdue
INV002482,2025-10-13,C0139,P009,SR008,Kuala Lumpur,74,9.93,0.05,698.08,6.14,243.72,Clinic,,Paid
INV002483,2025-05-01,C0058,P017,SR011,East Coast,86,60.49,0.03,5046.08,30.19,2449.74,Hospital,,Paid
INV002484,2025-01-10,C0044,P003,SR001,Central,56,31.96,0.08,1646.58,20.33,508.1,Clinic,,Overdue
INV002485,2025-06-01,C0004,P012,SR011,East Coast,5,23.6,0.1,106.2,11.86,46.9,Pharmacy,,Paid
INV002486,2025-01-22,C0005,P018,SR009,Northern,68,17.27,0.08,1080.41,8.38,510.57,Pharmacy,,Overdue
INV002487,2026-04-10,C0062,P004,SR002,Kuala Lumpur,5,19.97,0.05,94.86,10.13,44.21,Pharmacy,,Pending
INV002488,2025-04-03,C0032,P009,SR005,East Coast,108,9.93,0.08,986.64,6.14,323.52,Hospital,CAM002,Paid
INV002489,2025-06-05,C0061,P005,SR011,East Coast,56,48.8,0.15,2322.88,23.91,983.92,Pharmacy,,Paid
INV002490,2026-06-29,C0148,P015,SR003,Northern,104,11.13,0,1157.52,6.38,494.0,Pharmacy,,Pending
INV002491,2025-12-11,C0077,P018,SR002,Kuala Lumpur,145,17.27,0.05,2378.94,8.38,1163.84,Hospital,,Paid
INV002492,2025-02-11,C0013,P001,SR011,East Coast,180,34.05,0,6129.0,21.72,2219.4,Pharmacy,,Pending
INV002493,2025-09-08,C0115,P003,SR004,Southern,138,31.96,0.1,3969.43,20.33,1163.89,Pharmacy,CAM006,Paid
INV002494,2025-12-04,C0129,P005,SR012,East Malaysia,43,48.8,0.15,1783.64,23.91,755.51,Clinic,CAM008,Pending
INV002495,2025-01-13,C0018,P012,SR002,Kuala Lumpur,87,23.6,0.08,1888.94,11.86,857.12,Hospital,CAM001,Paid
INV002496,2025-11-26,C0097,P009,SR007,Central,153,9.93,0.1,1367.36,6.14,427.94,Pharmacy,CAM008,Paid
INV002497,2025-06-01,C0014,P004,SR002,Kuala Lumpur,145,19.97,0,2895.65,10.13,1426.8,Pharmacy,,Pending
INV002498,2025-05-23,C0139,P003,SR002,Kuala Lumpur,40,31.96,0.08,1176.13,20.33,362.93,Clinic,,Paid
INV002499,2025-10-23,C0001,P005,SR010,Southern,41,48.8,0,2000.8,23.91,1020.49,Pharmacy,,Pending
INV002500,2026-05-24,C0068,P011,SR005,East Coast,124,15.5,0,1922.0,7.06,1046.56,Distributor,,Paid
INV002501,2025-07-17,C0106,P010,SR006,East Malaysia,61,17.45,0.03,1032.52,11.04,359.08,Pharmacy,,Paid
INV002502,2025-03-31,C0041,P004,SR006,East Malaysia,146,19.97,0.08,2682.37,10.13,1203.39,Clinic,CAM002,Paid
INV002503,2025-03-13,C0161,P006,SR007,Central,93,28.44,0.05,2512.67,16.3,996.77,Pharmacy,CAM002,Paid
INV002504,2025-02-02,C0016,P015,SR005,East Coast,61,11.13,0,678.93,6.38,289.75,Clinic,,Paid
INV002505,2025-03-29,C0033,P018,SR006,East Malaysia,138,17.27,0,2383.26,8.38,1226.82,Hospital,CAM002,Pending
INV002506,2025-06-29,C0052,P005,SR008,Kuala Lumpur,22,48.8,0.03,1041.39,23.91,515.37,Clinic,,Paid
INV002507,2025-09-28,C0137,P012,SR001,Central,132,23.6,0.08,2865.98,11.86,1300.46,Pharmacy,,Paid
INV002508,2025-09-22,C0080,P013,SR005,East Coast,83,14.36,0.08,1096.53,8.98,351.19,Hospital,,Overdue
INV002509,2026-03-06,C0057,P010,SR011,East Coast,11,17.45,0,191.95,11.04,70.51,Clinic,CAM010,Paid
INV002510,2026-05-27,C0161,P007,SR007,Central,130,53.96,0.1,6313.32,26.47,2872.22,Pharmacy,CAM012,Paid
INV002511,2026-03-08,C0022,P016,SR012,East Malaysia,141,23.84,0,3361.44,14.05,1380.39,Hospital,,Pending
INV002512,2025-05-10,C0118,P006,SR012,East Malaysia,120,28.44,0.15,2900.88,16.3,944.88,Hospital,,Paid
INV002513,2026-03-05,C0100,P012,SR010,Southern,44,23.6,0.1,934.56,11.86,412.72,Clinic,CAM010,Overdue
INV002514,2026-03-29,C0105,P018,SR012,East Malaysia,135,17.27,0.1,2098.3,8.38,967.0,Hospital,CAM011,Paid
INV002515,2025-03-24,C0170,P006,SR006,East Malaysia,168,28.44,0,4777.92,16.3,2039.52,Hospital,CAM002,Overdue
INV002516,2025-04-22,C0131,P010,SR007,Central,82,17.45,0.15,1216.26,11.04,310.98,Hospital,CAM003,Pending
INV002517,2025-08-03,C0079,P002,SR010,Southern,112,20.37,0.1,2053.3,9.86,948.98,Hospital,,Paid
INV002518,2025-04-24,C0039,P003,SR007,Central,168,31.96,0.05,5100.82,20.33,1685.38,Distributor,CAM003,Paid
INV002519,2025-09-20,C0148,P006,SR003,Northern,107,28.44,0.08,2799.63,16.3,1055.53,Pharmacy,CAM006,Paid
INV002520,2025-04-01,C0032,P004,SR011,East Coast,55,19.97,0.05,1043.43,10.13,486.28,Hospital,CAM002,Paid
INV002521,2025-01-03,C0172,P014,SR005,East Coast,83,18.87,0,1566.21,11.75,590.96,Pharmacy,,Pending
INV002522,2026-05-28,C0129,P006,SR006,East Malaysia,140,28.44,0.05,3782.52,16.3,1500.52,Clinic,,Paid
INV002523,2025-01-24,C0104,P013,SR012,East Malaysia,9,14.36,0.03,125.36,8.98,44.54,Pharmacy,CAM001,Overdue
INV002524,2025-07-06,C0024,P006,SR007,Central,84,28.44,0,2388.96,16.3,1019.76,Clinic,,Paid
INV002525,2025-07-10,C0064,P001,SR004,Southern,107,34.05,0,3643.35,21.72,1319.31,Clinic,,Overdue
INV002526,2026-03-11,C0002,P008,SR007,Central,41,17.6,0,721.6,7.93,396.47,Clinic,,Pending
INV002527,2026-01-30,C0014,P002,SR002,Kuala Lumpur,46,20.37,0,937.02,9.86,483.46,Pharmacy,,Paid
INV002528,2026-04-03,C0141,P002,SR006,East Malaysia,27,20.37,0.1,494.99,9.86,228.77,Clinic,CAM011,Paid
INV002529,2026-05-02,C0030,P008,SR005,East Coast,132,17.6,0.08,2137.34,7.93,1090.58,Pharmacy,,Paid
INV002530,2026-03-01,C0012,P004,SR008,Kuala Lumpur,44,19.97,0.08,808.39,10.13,362.67,Pharmacy,,Paid
INV002531,2025-02-22,C0130,P009,SR004,Southern,153,9.93,0.05,1443.33,6.14,503.91,Clinic,,Paid
INV002532,2026-06-21,C0085,P012,SR002,Kuala Lumpur,165,23.6,0,3894.0,11.86,1937.1,Pharmacy,,Paid
INV002533,2026-03-25,C0088,P008,SR009,Northern,140,17.6,0,2464.0,7.93,1353.8,Distributor,,Paid
INV002534,2026-04-29,C0043,P018,SR009,Northern,138,17.27,0.08,2192.6,8.38,1036.16,Hospital,,Pending
INV002535,2025-02-27,C0059,P015,SR005,East Coast,111,11.13,0,1235.43,6.38,527.25,Distributor,CAM002,Pending
INV002536,2026-04-27,C0040,P005,SR003,Northern,178,48.8,0.05,8252.08,23.91,3996.1,Pharmacy,,Paid
INV002537,2026-01-29,C0065,P016,SR012,East Malaysia,35,23.84,0.05,792.68,14.05,300.93,Pharmacy,,Pending
INV002538,2025-02-11,C0115,P014,SR004,Southern,6,18.87,0,113.22,11.75,42.72,Pharmacy,CAM001,Paid
INV002539,2026-01-11,C0091,P015,SR003,Northern,8,11.13,0,89.04,6.38,38.0,Clinic,CAM009,Paid
INV002540,2025-05-19,C0055,P013,SR003,Northern,46,14.36,0.15,561.48,8.98,148.4,Hospital,CAM004,Pending
INV002541,2026-01-29,C0155,P013,SR010,Southern,121,14.36,0.03,1685.43,8.98,598.85,Hospital,,Paid
INV002542,2026-03-30,C0175,P012,SR003,Northern,116,23.6,0.05,2600.72,11.86,1224.96,Hospital,CAM011,Paid
INV002543,2025-05-26,C0023,P011,SR005,East Coast,34,15.5,0.1,474.3,7.06,234.26,Clinic,,Pending
INV002544,2026-02-02,C0019,P001,SR011,East Coast,7,34.05,0,238.35,21.72,86.31,Hospital,,Overdue
INV002545,2026-06-20,C0067,P006,SR008,Kuala Lumpur,59,28.44,0.08,1543.72,16.3,582.02,Pharmacy,,Paid
INV002546,2025-08-16,C0148,P005,SR009,Northern,143,48.8,0.1,6280.56,23.91,2861.43,Pharmacy,,Paid
INV002547,2025-01-11,C0078,P004,SR010,Southern,158,19.97,0.1,2839.73,10.13,1239.19,Clinic,CAM001,Paid
INV002548,2025-08-23,C0012,P005,SR002,Kuala Lumpur,99,48.8,0.1,4348.08,23.91,1980.99,Pharmacy,,Paid
INV002549,2026-02-02,C0179,P010,SR010,Southern,67,17.45,0,1169.15,11.04,429.47,Pharmacy,,Paid
INV002550,2025-12-04,C0060,P010,SR005,East Coast,28,17.45,0,488.6,11.04,179.48,Distributor,CAM008,Pending
INV002551,2025-10-10,C0128,P014,SR009,Northern,44,18.87,0.05,788.77,11.75,271.77,Hospital,,Paid
INV002552,2026-03-11,C0032,P011,SR011,East Coast,68,15.5,0.05,1001.3,7.06,521.22,Hospital,CAM010,Paid
INV002553,2025-03-20,C0115,P016,SR010,Southern,30,23.84,0,715.2,14.05,293.7,Pharmacy,,Pending
INV002554,2026-05-25,C0130,P004,SR010,Southern,97,19.97,0.03,1878.98,10.13,896.37,Clinic,,Overdue
INV002555,2025-02-16,C0172,P015,SR005,East Coast,63,11.13,0.08,645.09,6.38,243.15,Pharmacy,CAM002,Pending
INV002556,2026-03-22,C0095,P009,SR011,East Coast,123,9.93,0.05,1160.32,6.14,405.1,Pharmacy,,Paid
INV002557,2025-03-08,C0114,P004,SR001,Central,122,19.97,0,2436.34,10.13,1200.48,Hospital,,Paid
INV002558,2026-01-06,C0099,P009,SR012,East Malaysia,141,9.93,0.15,1190.11,6.14,324.37,Pharmacy,,Paid
INV002559,2025-03-04,C0056,P004,SR009,Northern,86,19.97,0.03,1665.9,10.13,794.72,Pharmacy,CAM002,Pending
INV002560,2026-03-29,C0076,P003,SR009,Northern,133,31.96,0.1,3825.61,20.33,1121.72,Hospital,,Paid
INV002561,2026-01-28,C0013,P006,SR005,East Coast,90,28.44,0.03,2482.81,16.3,1015.81,Pharmacy,,Paid
INV002562,2026-02-17,C0038,P015,SR003,Northern,147,11.13,0.05,1554.3,6.38,616.44,Pharmacy,CAM010,Paid
INV002563,2026-03-15,C0065,P005,SR006,East Malaysia,119,48.8,0.08,5342.62,23.91,2497.33,Pharmacy,,Paid
INV002564,2025-07-31,C0037,P016,SR002,Kuala Lumpur,57,23.84,0.15,1155.05,14.05,354.2,Pharmacy,CAM005,Paid
INV002565,2025-05-22,C0092,P005,SR002,Kuala Lumpur,140,48.8,0.05,6490.4,23.91,3143.0,Pharmacy,,Paid
INV002566,2025-02-23,C0105,P001,SR012,East Malaysia,137,34.05,0.1,4198.36,21.72,1222.72,Hospital,,Paid
INV002567,2025-08-28,C0046,P002,SR007,Central,99,20.37,0.08,1855.3,9.86,879.16,Clinic,CAM006,Pending
INV002568,2026-06-22,C0155,P005,SR010,Southern,56,48.8,0.05,2596.16,23.91,1257.2,Hospital,,Pending
INV002569,2025-12-02,C0153,P015,SR012,East Malaysia,70,11.13,0.08,716.77,6.38,270.17,Clinic,CAM008,Paid
INV002570,2025-03-01,C0122,P017,SR012,East Malaysia,132,60.49,0.08,7345.91,30.19,3360.83,Pharmacy,,Paid
INV002571,2025-03-20,C0151,P001,SR002,Kuala Lumpur,139,34.05,0.03,4590.96,21.72,1571.88,Distributor,,Paid
INV002572,2026-02-17,C0034,P015,SR002,Kuala Lumpur,51,11.13,0,567.63,6.38,242.25,Pharmacy,CAM010,Paid
INV002573,2025-04-19,C0020,P015,SR007,Central,171,11.13,0.1,1712.91,6.38,621.93,Clinic,,Paid
INV002574,2026-05-19,C0028,P014,SR004,Southern,19,18.87,0.08,329.85,11.75,106.6,Clinic,CAM012,Paid
INV002575,2025-10-02,C0142,P013,SR006,East Malaysia,13,14.36,0.03,181.08,8.98,64.34,Pharmacy,,Pending
INV002576,2025-01-09,C0054,P006,SR005,East Coast,12,28.44,0.1,307.15,16.3,111.55,Pharmacy,,Overdue
INV002577,2025-01-15,C0025,P009,SR006,East Malaysia,178,9.93,0.03,1714.51,6.14,621.59,Hospital,,Paid
INV002578,2026-03-09,C0140,P001,SR001,Central,120,34.05,0.05,3881.7,21.72,1275.3,Clinic,,Paid
INV002579,2025-08-10,C0021,P013,SR006,East Malaysia,119,14.36,0.1,1537.96,8.98,469.34,Clinic,CAM005,Paid
INV002580,2025-02-03,C0075,P007,SR003,Northern,52,53.96,0.05,2665.62,26.47,1289.18,Pharmacy,,Paid
INV002581,2025-10-14,C0097,P008,SR001,Central,117,17.6,0,2059.2,7.93,1131.39,Pharmacy,CAM007,Paid
INV002582,2025-09-05,C0143,P001,SR002,Kuala Lumpur,149,34.05,0,5073.45,21.72,1837.17,Clinic,,Overdue
INV002583,2025-09-24,C0016,P006,SR011,East Coast,162,28.44,0.08,4238.7,16.3,1598.1,Clinic,,Paid
INV002584,2025-04-22,C0179,P008,SR004,Southern,37,17.6,0.05,618.64,7.93,325.23,Pharmacy,CAM003,Paid
INV002585,2025-03-31,C0041,P004,SR012,East Malaysia,61,19.97,0.03,1181.62,10.13,563.69,Clinic,CAM002,Paid
INV002586,2026-03-17,C0108,P015,SR011,East Coast,170,11.13,0.03,1835.34,6.38,750.74,Clinic,,Paid
INV002587,2025-06-20,C0142,P010,SR012,East Malaysia,57,17.45,0.05,944.92,11.04,315.64,Pharmacy,,Paid
INV002588,2026-01-18,C0006,P015,SR006,East Malaysia,134,11.13,0.1,1342.28,6.38,487.36,Clinic,,Pending
INV002589,2026-03-05,C0127,P012,SR008,Kuala Lumpur,10,23.6,0,236.0,11.86,117.4,Pharmacy,,Paid
INV002590,2025-04-16,C0145,P006,SR004,Southern,47,28.44,0,1336.68,16.3,570.58,Pharmacy,CAM003,Pending
INV002591,2025-11-03,C0061,P002,SR011,East Coast,71,20.37,0.05,1373.96,9.86,673.9,Pharmacy,,Pending
INV002592,2025-08-19,C0045,P006,SR009,Northern,54,28.44,0,1535.76,16.3,655.56,Pharmacy,CAM005,Paid
INV002593,2025-03-10,C0011,P005,SR007,Central,171,48.8,0.1,7510.32,23.91,3421.71,Distributor,,Overdue
INV002594,2025-04-27,C0159,P008,SR007,Central,77,17.6,0.03,1314.54,7.93,703.93,Pharmacy,,Pending
INV002595,2025-08-20,C0104,P017,SR012,East Malaysia,58,60.49,0.05,3333.0,30.19,1581.98,Pharmacy,,Paid
INV002596,2025-06-16,C0076,P008,SR009,Northern,46,17.6,0.05,769.12,7.93,404.34,Hospital,CAM004,Paid
INV002597,2025-08-25,C0032,P005,SR011,East Coast,74,48.8,0,3611.2,23.91,1841.86,Hospital,,Paid
INV002598,2025-12-08,C0154,P013,SR011,East Coast,161,14.36,0.05,2196.36,8.98,750.58,Clinic,CAM008,Paid
INV002599,2025-09-06,C0128,P013,SR003,Northern,24,14.36,0.05,327.41,8.98,111.89,Hospital,CAM006,Paid
INV002600,2025-03-09,C0004,P013,SR005,East Coast,157,14.36,0.08,2074.16,8.98,664.3,Pharmacy,CAM002,Paid
INV002601,2026-04-04,C0088,P004,SR003,Northern,51,19.97,0.03,987.92,10.13,471.29,Distributor,CAM011,Paid
INV002602,2026-01-17,C0060,P013,SR005,East Coast,113,14.36,0.1,1460.41,8.98,445.67,Distributor,CAM009,Paid
INV002603,2026-06-05,C0162,P013,SR007,Central,103,14.36,0,1479.08,8.98,554.14,Hospital,,Paid
INV002604,2026-03-12,C0031,P015,SR001,Central,11,11.13,0,122.43,6.38,52.25,Pharmacy,,Paid
INV002605,2026-06-30,C0069,P011,SR006,East Malaysia,74,15.5,0,1147.0,7.06,624.56,Clinic,,Paid
INV002606,2025-04-19,C0017,P012,SR001,Central,89,23.6,0.03,2037.39,11.86,981.85,Pharmacy,CAM003,Paid
INV002607,2025-05-23,C0026,P004,SR010,Southern,65,19.97,0.08,1194.21,10.13,535.76,Hospital,CAM004,Paid
INV002608,2026-04-18,C0164,P005,SR011,East Coast,124,48.8,0.05,5748.64,23.91,2783.8,Pharmacy,CAM011,Pending
INV002609,2025-06-07,C0024,P017,SR001,Central,70,60.49,0.05,4022.59,30.19,1909.29,Clinic,,Paid
INV002610,2025-04-23,C0152,P006,SR006,East Malaysia,82,28.44,0.08,2145.51,16.3,808.91,Hospital,,Paid
INV002611,2026-05-20,C0163,P013,SR004,Southern,58,14.36,0.1,749.59,8.98,228.75,Clinic,,Paid
INV002612,2026-03-17,C0091,P004,SR009,Northern,163,19.97,0.15,2766.84,10.13,1115.65,Clinic,,Paid
INV002613,2026-04-24,C0139,P010,SR008,Kuala Lumpur,75,17.45,0,1308.75,11.04,480.75,Clinic,,Paid
INV002614,2026-01-03,C0135,P017,SR004,Southern,143,60.49,0,8650.07,30.19,4332.9,Clinic,,Paid
INV002615,2026-05-05,C0035,P013,SR003,Northern,9,14.36,0.08,118.9,8.98,38.08,Clinic,CAM011,Paid
INV002616,2025-06-22,C0093,P010,SR004,Southern,168,17.45,0.1,2638.44,11.04,783.72,Pharmacy,,Pending
INV002617,2025-03-24,C0150,P013,SR005,East Coast,147,14.36,0,2110.92,8.98,790.86,Pharmacy,CAM002,Paid
INV002618,2025-04-19,C0137,P006,SR007,Central,174,28.44,0.15,4206.28,16.3,1370.08,Pharmacy,,Pending
INV002619,2025-11-04,C0115,P006,SR010,Southern,53,28.44,0.05,1431.95,16.3,568.05,Pharmacy,,Paid
INV002620,2025-07-04,C0166,P001,SR004,Southern,48,34.05,0.08,1503.65,21.72,461.09,Pharmacy,CAM005,Paid
INV002621,2025-06-29,C0153,P001,SR006,East Malaysia,160,34.05,0.08,5012.16,21.72,1536.96,Clinic,,Paid
INV002622,2025-06-24,C0178,P015,SR001,Central,39,11.13,0.05,412.37,6.38,163.55,Hospital,,Paid
INV002623,2025-12-17,C0014,P012,SR008,Kuala Lumpur,54,23.6,0,1274.4,11.86,633.96,Pharmacy,,Paid
INV002624,2025-02-10,C0005,P008,SR003,Northern,17,17.6,0.08,275.26,7.93,140.45,Pharmacy,CAM001,Paid
INV002625,2025-07-25,C0138,P006,SR004,Southern,46,28.44,0.03,1268.99,16.3,519.19,Hospital,,Paid
INV002626,2025-08-16,C0098,P001,SR006,East Malaysia,112,34.05,0.15,3241.56,21.72,808.92,Distributor,,Paid
INV002627,2026-05-13,C0169,P002,SR010,Southern,107,20.37,0.03,2114.2,9.86,1059.18,Hospital,CAM012,Pending
INV002628,2025-02-26,C0122,P014,SR006,East Malaysia,105,18.87,0.03,1921.91,11.75,688.16,Pharmacy,,Paid
INV002629,2025-12-29,C0003,P001,SR011,East Coast,63,34.05,0.05,2037.89,21.72,669.53,Pharmacy,CAM009,Paid
INV002630,2026-03-12,C0169,P005,SR004,Southern,177,48.8,0,8637.6,23.91,4405.53,Hospital,,Pending
INV002631,2026-02-25,C0030,P001,SR011,East Coast,77,34.05,0.08,2412.1,21.72,739.66,Pharmacy,,Paid
INV002632,2025-07-24,C0026,P013,SR010,Southern,75,14.36,0.1,969.3,8.98,295.8,Hospital,CAM005,Paid
INV002633,2026-04-21,C0121,P013,SR009,Northern,127,14.36,0.15,1550.16,8.98,409.7,Distributor,,Pending
INV002634,2026-03-09,C0178,P007,SR007,Central,159,53.96,0.03,8322.25,26.47,4113.52,Hospital,,Paid
INV002635,2025-10-12,C0110,P003,SR008,Kuala Lumpur,88,31.96,0.1,2531.23,20.33,742.19,Hospital,CAM007,Paid
INV002636,2025-03-30,C0127,P007,SR002,Kuala Lumpur,81,53.96,0.08,4021.1,26.47,1877.03,Pharmacy,CAM002,Paid
INV002637,2025-08-13,C0114,P010,SR007,Central,73,17.45,0,1273.85,11.04,467.93,Hospital,,Paid
INV002638,2025-12-20,C0110,P011,SR002,Kuala Lumpur,133,15.5,0.1,1855.35,7.06,916.37,Hospital,,Paid
INV002639,2025-01-12,C0043,P012,SR009,Northern,142,23.6,0.03,3250.66,11.86,1566.54,Hospital,CAM001,Paid
INV002640,2025-02-12,C0072,P015,SR004,Southern,55,11.13,0.05,581.54,6.38,230.64,Clinic,,Pending
INV002641,2025-09-30,C0017,P001,SR001,Central,157,34.05,0.03,5185.47,21.72,1775.43,Pharmacy,,Paid
INV002642,2025-11-17,C0124,P009,SR001,Central,28,9.93,0.03,269.7,6.14,97.78,Hospital,CAM008,Pending
INV002643,2025-01-17,C0009,P008,SR011,East Coast,141,17.6,0,2481.6,7.93,1363.47,Distributor,,Paid
INV002644,2026-05-16,C0166,P014,SR004,Southern,80,18.87,0,1509.6,11.75,569.6,Pharmacy,,Pending
INV002645,2025-09-26,C0071,P007,SR012,East Malaysia,18,53.96,0.03,942.14,26.47,465.68,Pharmacy,,Paid
INV002646,2026-04-08,C0167,P012,SR009,Northern,70,23.6,0.1,1486.8,11.86,656.6,Clinic,,Paid
INV002647,2026-02-02,C0060,P013,SR005,East Coast,99,14.36,0.08,1307.91,8.98,418.89,Distributor,,Paid
INV002648,2026-01-17,C0133,P002,SR001,Central,43,20.37,0.05,832.11,9.86,408.13,Clinic,,Paid
INV002649,2025-04-23,C0003,P017,SR011,East Coast,90,60.49,0,5444.1,30.19,2727.0,Pharmacy,,Pending
INV002650,2026-01-30,C0006,P010,SR006,East Malaysia,98,17.45,0.05,1624.59,11.04,542.67,Clinic,,Paid
INV002651,2025-02-07,C0059,P008,SR011,East Coast,73,17.6,0.1,1156.32,7.93,577.43,Distributor,,Paid
INV002652,2025-01-28,C0102,P016,SR010,Southern,175,23.84,0,4172.0,14.05,1713.25,Pharmacy,,Paid
INV002653,2025-05-04,C0141,P005,SR006,East Malaysia,51,48.8,0.05,2364.36,23.91,1144.95,Clinic,,Pending
INV002654,2026-05-02,C0148,P009,SR003,Northern,162,9.93,0,1608.66,6.14,613.98,Pharmacy,,Paid
INV002655,2026-06-04,C0111,P011,SR002,Kuala Lumpur,133,15.5,0.08,1896.58,7.06,957.6,Pharmacy,,Pending
INV002656,2025-02-17,C0100,P016,SR004,Southern,151,23.84,0.05,3419.85,14.05,1298.3,Clinic,CAM002,Paid
INV002657,2026-05-31,C0124,P013,SR001,Central,85,14.36,0.08,1122.95,8.98,359.65,Hospital,,Pending
INV002658,2025-11-06,C0147,P005,SR004,Southern,35,48.8,0.08,1571.36,23.91,734.51,Pharmacy,,Paid
INV002659,2026-03-09,C0180,P003,SR007,Central,179,31.96,0.08,5263.17,20.33,1624.1,Clinic,CAM010,Paid
INV002660,2025-03-04,C0018,P013,SR002,Kuala Lumpur,152,14.36,0.15,1855.31,8.98,490.35,Hospital,,Pending
INV002661,2026-05-01,C0050,P006,SR006,East Malaysia,177,28.44,0.15,4278.8,16.3,1393.7,Distributor,,Overdue
INV002662,2026-05-18,C0031,P018,SR001,Central,112,17.27,0.08,1779.5,8.38,840.94,Pharmacy,,Pending
INV002663,2025-08-27,C0119,P003,SR007,Central,6,31.96,0.05,182.17,20.33,60.19,Distributor,,Paid
INV002664,2025-09-26,C0044,P013,SR007,Central,45,14.36,0,646.2,8.98,242.1,Clinic,,Paid
INV002665,2025-08-29,C0023,P008,SR011,East Coast,82,17.6,0.08,1327.74,7.93,677.48,Clinic,,Paid
INV002666,2025-04-26,C0073,P012,SR011,East Coast,120,23.6,0,2832.0,11.86,1408.8,Pharmacy,,Paid
INV002667,2025-12-15,C0138,P015,SR004,Southern,5,11.13,0.03,53.98,6.38,22.08,Hospital,,Paid
INV002668,2025-10-06,C0060,P018,SR011,East Coast,173,17.27,0.08,2748.69,8.38,1298.95,Distributor,,Paid
INV002669,2025-03-19,C0120,P018,SR005,East Coast,111,17.27,0.05,1821.12,8.38,890.94,Pharmacy,,Paid
INV002670,2026-01-21,C0165,P009,SR006,East Malaysia,178,9.93,0,1767.54,6.14,674.62,Clinic,,Paid
INV002671,2025-02-23,C0027,P013,SR007,Central,153,14.36,0.15,1867.52,8.98,493.58,Hospital,,Pending
INV002672,2026-06-08,C0024,P011,SR001,Central,56,15.5,0.15,737.8,7.06,342.44,Clinic,,Paid
INV002673,2025-02-25,C0154,P005,SR011,East Coast,166,48.8,0.03,7857.78,23.91,3888.72,Clinic,,Paid
INV002674,2025-02-01,C0132,P018,SR002,Kuala Lumpur,137,17.27,0.05,2247.69,8.38,1099.63,Hospital,,Pending
INV002675,2026-04-11,C0041,P013,SR006,East Malaysia,140,14.36,0,2010.4,8.98,753.2,Clinic,,Paid
INV002676,2025-10-31,C0077,P017,SR008,Kuala Lumpur,12,60.49,0.08,667.81,30.19,305.53,Hospital,CAM007,Paid
INV002677,2025-12-14,C0145,P006,SR010,Southern,166,28.44,0.03,4579.41,16.3,1873.61,Pharmacy,CAM008,Paid
INV002678,2025-04-26,C0154,P013,SR005,East Coast,48,14.36,0.08,634.14,8.98,203.1,Clinic,,Paid
INV002679,2025-02-03,C0136,P005,SR006,East Malaysia,66,48.8,0.05,3059.76,23.91,1481.7,Clinic,,Paid
INV002680,2025-06-29,C0108,P007,SR011,East Coast,76,53.96,0.03,3977.93,26.47,1966.21,Clinic,,Paid
INV002681,2026-01-26,C0162,P006,SR007,Central,90,28.44,0.15,2175.66,16.3,708.66,Hospital,,Pending
INV002682,2025-01-07,C0021,P006,SR006,East Malaysia,80,28.44,0.1,2047.68,16.3,743.68,Clinic,,Paid
INV002683,2025-06-16,C0169,P012,SR004,Southern,109,23.6,0.05,2443.78,11.86,1151.04,Hospital,,Overdue
INV002684,2025-06-09,C0058,P015,SR011,East Coast,68,11.13,0,756.84,6.38,323.0,Hospital,,Paid
INV002685,2026-04-08,C0104,P002,SR006,East Malaysia,161,20.37,0.03,3181.18,9.86,1593.72,Pharmacy,,Paid
INV002686,2025-10-28,C0063,P013,SR008,Kuala Lumpur,39,14.36,0.1,504.04,8.98,153.82,Clinic,,Paid
INV002687,2025-12-27,C0091,P008,SR009,Northern,70,17.6,0.05,1170.4,7.93,615.3,Clinic,CAM009,Pending
INV002688,2025-10-13,C0174,P001,SR004,Southern,107,34.05,0.1,3279.01,21.72,954.97,Hospital,CAM007,Paid
INV002689,2026-04-08,C0128,P008,SR009,Northern,75,17.6,0.15,1122.0,7.93,527.25,Hospital,,Paid
INV002690,2025-07-22,C0033,P008,SR012,East Malaysia,14,17.6,0.03,239.01,7.93,127.99,Hospital,,Paid
INV002691,2026-06-26,C0105,P010,SR006,East Malaysia,38,17.45,0.03,643.21,11.04,223.69,Hospital,,Paid
INV002692,2026-05-12,C0171,P006,SR001,Central,17,28.44,0.15,410.96,16.3,133.86,Pharmacy,CAM012,Paid
INV002693,2026-02-25,C0145,P005,SR004,Southern,103,48.8,0.05,4775.08,23.91,2312.35,Pharmacy,CAM010,Overdue
INV002694,2026-02-22,C0046,P007,SR007,Central,101,53.96,0.05,5177.46,26.47,2503.99,Clinic,,Pending
INV002695,2025-06-08,C0151,P018,SR002,Kuala Lumpur,60,17.27,0.03,1005.11,8.38,502.31,Distributor,,Paid
INV002696,2026-02-14,C0143,P017,SR008,Kuala Lumpur,131,60.49,0.05,7527.98,30.19,3573.09,Clinic,CAM010,Paid
INV002697,2025-05-05,C0064,P009,SR004,Southern,17,9.93,0.05,160.37,6.14,55.99,Clinic,,Pending
INV002698,2025-09-15,C0156,P008,SR001,Central,88,17.6,0,1548.8,7.93,850.96,Distributor,,Paid
INV002699,2025-03-28,C0040,P005,SR009,Northern,7,48.8,0,341.6,23.91,174.23,Pharmacy,,Paid
INV002700,2025-02-20,C0168,P015,SR009,Northern,42,11.13,0.1,420.71,6.38,152.75,Clinic,,Overdue
INV002701,2025-11-09,C0167,P008,SR003,Northern,77,17.6,0.08,1246.78,7.93,636.17,Clinic,,Paid
INV002702,2025-08-11,C0077,P004,SR002,Kuala Lumpur,57,19.97,0.05,1081.38,10.13,503.97,Hospital,,Paid
INV002703,2026-04-27,C0034,P002,SR008,Kuala Lumpur,169,20.37,0.03,3339.25,9.86,1672.91,Pharmacy,,Paid
INV002704,2025-05-19,C0076,P001,SR009,Northern,163,34.05,0.15,4717.63,21.72,1177.27,Hospital,,Paid
INV002705,2025-07-07,C0060,P011,SR005,East Coast,12,15.5,0.05,176.7,7.06,91.98,Distributor,,Paid
INV002706,2025-04-15,C0160,P009,SR012,East Malaysia,37,9.93,0.1,330.67,6.14,103.49,Distributor,,Overdue
INV002707,2025-02-04,C0167,P012,SR009,Northern,141,23.6,0,3327.6,11.86,1655.34,Clinic,CAM001,Paid
INV002708,2025-09-09,C0161,P001,SR007,Central,162,34.05,0.05,5240.29,21.72,1721.65,Pharmacy,CAM006,Paid
INV002709,2026-05-07,C0040,P010,SR003,Northern,84,17.45,0,1465.8,11.04,538.44,Pharmacy,,Paid
INV002710,2025-05-04,C0042,P011,SR004,Southern,23,15.5,0.08,327.98,7.06,165.6,Hospital,,Paid
INV002711,2025-11-20,C0104,P004,SR006,East Malaysia,18,19.97,0.05,341.49,10.13,159.15,Pharmacy,,Paid
INV002712,2025-03-17,C0128,P012,SR003,Northern,62,23.6,0.05,1390.04,11.86,654.72,Hospital,,Pending
INV002713,2025-07-03,C0012,P005,SR008,Kuala Lumpur,164,48.8,0.08,7362.94,23.91,3441.7,Pharmacy,,Pending
INV002714,2025-07-23,C0133,P016,SR001,Central,58,23.84,0.05,1313.58,14.05,498.68,Clinic,CAM005,Pending
INV002715,2025-11-14,C0071,P015,SR012,East Malaysia,145,11.13,0.05,1533.16,6.38,608.06,Pharmacy,,Paid
INV002716,2025-01-27,C0114,P018,SR007,Central,37,17.27,0.08,587.87,8.38,277.81,Hospital,CAM001,Overdue
INV002717,2025-01-06,C0178,P016,SR007,Central,87,23.84,0,2074.08,14.05,851.73,Hospital,,Paid
INV002718,2026-04-28,C0162,P002,SR007,Central,27,20.37,0.05,522.49,9.86,256.27,Hospital,CAM011,Pending
INV002719,2025-12-22,C0021,P009,SR012,East Malaysia,103,9.93,0,1022.79,6.14,390.37,Clinic,CAM008,Paid
INV002720,2025-12-29,C0131,P001,SR007,Central,93,34.05,0.05,3008.32,21.72,988.36,Hospital,CAM008,Paid
INV002721,2026-04-08,C0067,P009,SR008,Kuala Lumpur,176,9.93,0.03,1695.25,6.14,614.61,Pharmacy,,Paid
INV002722,2026-02-12,C0013,P016,SR011,East Coast,5,23.84,0,119.2,14.05,48.95,Pharmacy,CAM010,Pending
INV002723,2025-01-13,C0080,P011,SR011,East Coast,35,15.5,0.05,515.38,7.06,268.28,Hospital,,Overdue
INV002724,2025-09-12,C0155,P018,SR004,Southern,50,17.27,0,863.5,8.38,444.5,Hospital,,Paid
INV002725,2026-01-27,C0101,P006,SR003,Northern,66,28.44,0.05,1783.19,16.3,707.39,Distributor,,Paid
INV002726,2026-02-13,C0176,P009,SR005,East Coast,173,9.93,0.05,1632.0,6.14,569.78,Hospital,,Paid
INV002727,2025-11-26,C0041,P011,SR006,East Malaysia,102,15.5,0.03,1533.57,7.06,813.45,Clinic,,Paid
INV002728,2025-07-28,C0061,P011,SR011,East Coast,38,15.5,0,589.0,7.06,320.72,Pharmacy,,Paid
INV002729,2026-04-25,C0077,P009,SR002,Kuala Lumpur,133,9.93,0.1,1188.62,6.14,372.0,Hospital,,Pending
INV002730,2026-03-19,C0125,P002,SR008,Kuala Lumpur,15,20.37,0.05,290.27,9.86,142.37,Clinic,,Paid
INV002731,2025-05-01,C0154,P003,SR011,East Coast,61,31.96,0,1949.56,20.33,709.43,Clinic,,Paid
INV002732,2025-05-29,C0100,P013,SR004,Southern,29,14.36,0.03,403.95,8.98,143.53,Clinic,CAM004,Paid
INV002733,2025-12-18,C0042,P013,SR004,Southern,52,14.36,0.08,686.98,8.98,220.02,Hospital,CAM008,Paid
INV002734,2026-04-11,C0176,P006,SR005,East Coast,9,28.44,0.03,248.28,16.3,101.58,Hospital,,Paid
INV002735,2025-01-08,C0122,P016,SR012,East Malaysia,98,23.84,0.08,2149.41,14.05,772.51,Pharmacy,CAM001,Pending
INV002736,2025-05-21,C0164,P007,SR005,East Coast,118,53.96,0.08,5857.9,26.47,2734.44,Pharmacy,CAM004,Pending
INV002737,2025-12-14,C0063,P009,SR008,Kuala Lumpur,129,9.93,0.1,1152.87,6.14,360.81,Clinic,,Paid
INV002738,2026-02-22,C0047,P008,SR011,East Coast,152,17.6,0.03,2594.94,7.93,1389.58,Hospital,CAM010,Overdue
INV002739,2025-05-22,C0099,P003,SR012,East Malaysia,9,31.96,0,287.64,20.33,104.67,Pharmacy,,Paid
INV002740,2026-04-05,C0002,P007,SR007,Central,137,53.96,0.05,7022.89,26.47,3396.5,Clinic,CAM011,Paid
INV002741,2025-02-12,C0102,P013,SR004,Southern,116,14.36,0.1,1499.18,8.98,457.5,Pharmacy,,Paid
INV002742,2025-05-13,C0136,P003,SR012,East Malaysia,73,31.96,0.1,2099.77,20.33,615.68,Clinic,,Paid
INV002743,2025-05-04,C0003,P007,SR005,East Coast,156,53.96,0,8417.76,26.47,4288.44,Pharmacy,,Paid
INV002744,2025-08-31,C0164,P001,SR005,East Coast,98,34.05,0,3336.9,21.72,1208.34,Pharmacy,,Paid
INV002745,2025-07-24,C0118,P012,SR012,East Malaysia,157,23.6,0.03,3594.04,11.86,1732.02,Hospital,,Paid
INV002746,2025-07-11,C0101,P002,SR003,Northern,164,20.37,0.08,3073.43,9.86,1456.39,Distributor,,Paid
INV002747,2026-04-20,C0090,P016,SR008,Kuala Lumpur,174,23.84,0.03,4023.72,14.05,1579.02,Hospital,,Overdue
INV002748,2025-05-21,C0012,P011,SR008,Kuala Lumpur,147,15.5,0.15,1936.72,7.06,898.9,Pharmacy,CAM004,Overdue
INV002749,2025-08-19,C0132,P003,SR002,Kuala Lumpur,147,31.96,0,4698.12,20.33,1709.61,Hospital,,Paid
INV002750,2026-02-03,C0090,P012,SR002,Kuala Lumpur,77,23.6,0.1,1635.48,11.86,722.26,Hospital,,Pending
INV002751,2026-02-12,C0104,P006,SR006,East Malaysia,157,28.44,0.08,4107.87,16.3,1548.77,Pharmacy,,Paid
INV002752,2026-05-22,C0014,P011,SR008,Kuala Lumpur,102,15.5,0,1581.0,7.06,860.88,Pharmacy,,Paid
INV002753,2026-03-07,C0036,P010,SR007,Central,12,17.45,0.05,198.93,11.04,66.45,Distributor,CAM010,Pending
INV002754,2026-02-20,C0005,P005,SR003,Northern,95,48.8,0.08,4265.12,23.91,1993.67,Pharmacy,CAM010,Paid
INV002755,2026-01-19,C0051,P001,SR001,Central,117,34.05,0,3983.85,21.72,1442.61,Hospital,,Overdue
INV002756,2026-03-10,C0128,P004,SR009,Northern,113,19.97,0,2256.61,10.13,1111.92,Hospital,,Paid
INV002757,2026-01-18,C0034,P006,SR008,Kuala Lumpur,82,28.44,0,2332.08,16.3,995.48,Pharmacy,CAM009,Paid
INV002758,2025-09-29,C0015,P013,SR011,East Coast,98,14.36,0,1407.28,8.98,527.24,Clinic,,Paid
INV002759,2026-04-24,C0150,P002,SR011,East Coast,122,20.37,0,2485.14,9.86,1282.22,Pharmacy,,Paid
INV002760,2026-06-22,C0164,P018,SR011,East Coast,116,17.27,0.15,1702.82,8.38,730.74,Pharmacy,,Overdue
INV002761,2026-02-19,C0149,P007,SR008,Kuala Lumpur,89,53.96,0.03,4658.37,26.47,2302.54,Clinic,CAM010,Paid
INV002762,2025-11-27,C0156,P016,SR007,Central,165,23.84,0.08,3618.91,14.05,1300.66,Distributor,,Paid
INV002763,2025-01-08,C0096,P015,SR005,East Coast,52,11.13,0.15,491.95,6.38,160.19,Hospital,,Paid
INV002764,2026-05-01,C0023,P018,SR011,East Coast,67,17.27,0.1,1041.38,8.38,479.92,Clinic,,Paid
INV002765,2025-07-10,C0042,P001,SR010,Southern,115,34.05,0.05,3719.96,21.72,1222.16,Hospital,CAM005,Paid
INV002766,2026-05-06,C0055,P005,SR003,Northern,149,48.8,0.15,6180.52,23.91,2617.93,Hospital,,Paid
INV002767,2025-07-10,C0144,P005,SR010,Southern,66,48.8,0.08,2963.14,23.91,1385.08,Pharmacy,,Overdue
INV002768,2026-04-17,C0097,P006,SR007,Central,47,28.44,0.05,1269.85,16.3,503.75,Pharmacy,,Paid
INV002769,2025-06-13,C0058,P018,SR011,East Coast,171,17.27,0,2953.17,8.38,1520.19,Hospital,CAM004,Paid
INV002770,2025-04-07,C0065,P001,SR006,East Malaysia,113,34.05,0.05,3655.27,21.72,1200.91,Pharmacy,CAM002,Paid
INV002771,2025-10-28,C0036,P007,SR007,Central,131,53.96,0.08,6503.26,26.47,3035.69,Distributor,,Paid
INV002772,2025-01-10,C0173,P016,SR012,East Malaysia,87,23.84,0.1,1866.67,14.05,644.32,Clinic,CAM001,Paid
INV002773,2025-05-10,C0100,P002,SR010,Southern,87,20.37,0.05,1683.58,9.86,825.76,Clinic,,Paid
INV002774,2025-03-13,C0052,P018,SR002,Kuala Lumpur,36,17.27,0,621.72,8.38,320.04,Clinic,,Paid
INV002775,2025-10-19,C0063,P007,SR002,Kuala Lumpur,52,53.96,0.08,2581.45,26.47,1205.01,Clinic,,Paid
INV002776,2025-06-04,C0033,P016,SR012,East Malaysia,124,23.84,0.05,2808.35,14.05,1066.15,Hospital,CAM004,Paid
INV002777,2026-06-03,C0180,P002,SR007,Central,107,20.37,0.15,1852.65,9.86,797.63,Clinic,,Paid
INV002778,2026-03-30,C0001,P007,SR010,Southern,18,53.96,0,971.28,26.47,494.82,Pharmacy,,Paid
INV002779,2025-11-17,C0044,P017,SR007,Central,39,60.49,0.05,2241.15,30.19,1063.74,Clinic,CAM008,Paid
INV002780,2025-11-01,C0014,P005,SR008,Kuala Lumpur,74,48.8,0,3611.2,23.91,1841.86,Pharmacy,,Paid
INV002781,2026-01-11,C0130,P006,SR010,Southern,121,28.44,0.05,3269.18,16.3,1296.88,Clinic,,Overdue
INV002782,2026-03-17,C0041,P001,SR006,East Malaysia,67,34.05,0.08,2098.84,21.72,643.6,Clinic,,Paid
INV002783,2026-06-05,C0170,P012,SR012,East Malaysia,72,23.6,0.15,1444.32,11.86,590.4,Hospital,,Paid
INV002784,2026-04-04,C0069,P011,SR012,East Malaysia,170,15.5,0.05,2503.25,7.06,1303.05,Clinic,CAM011,Overdue
INV002785,2026-05-12,C0148,P018,SR009,Northern,158,17.27,0.08,2510.37,8.38,1186.33,Pharmacy,CAM012,Paid
INV002786,2025-11-19,C0081,P001,SR010,Southern,157,34.05,0.08,4918.18,21.72,1508.14,Pharmacy,,Paid
INV002787,2026-03-03,C0112,P010,SR005,East Coast,37,17.45,0,645.65,11.04,237.17,Pharmacy,CAM010,Pending
INV002788,2025-04-14,C0034,P004,SR002,Kuala Lumpur,145,19.97,0.05,2750.87,10.13,1282.02,Pharmacy,,Paid
INV002789,2025-03-18,C0170,P004,SR012,East Malaysia,162,19.97,0.03,3138.09,10.13,1497.03,Hospital,,Paid
INV002790,2025-01-17,C0002,P003,SR001,Central,180,31.96,0.05,5465.16,20.33,1805.76,Clinic,,Overdue
INV002791,2025-06-17,C0036,P007,SR007,Central,132,53.96,0.03,6909.04,26.47,3415.0,Distributor,,Overdue
INV002792,2025-06-15,C0088,P013,SR009,Northern,134,14.36,0.08,1770.3,8.98,566.98,Distributor,CAM004,Pending
INV002793,2025-05-12,C0053,P015,SR007,Central,19,11.13,0.03,205.13,6.38,83.91,Clinic,,Paid
INV002794,2025-10-25,C0018,P013,SR002,Kuala Lumpur,103,14.36,0.08,1360.75,8.98,435.81,Hospital,,Paid
INV002795,2025-09-19,C0148,P012,SR009,Northern,83,23.6,0.05,1860.86,11.86,876.48,Pharmacy,,Paid
INV002796,2025-10-05,C0101,P001,SR009,Northern,136,34.05,0.05,4399.26,21.72,1445.34,Distributor,,Paid
INV002797,2026-02-01,C0050,P018,SR006,East Malaysia,5,17.27,0.1,77.72,8.38,35.82,Distributor,,Paid
INV002798,2025-07-26,C0102,P004,SR004,Southern,144,19.97,0,2875.68,10.13,1416.96,Pharmacy,,Paid
INV002799,2026-01-29,C0103,P005,SR002,Kuala Lumpur,30,48.8,0.05,1390.8,23.91,673.5,Clinic,,Paid
INV002800,2026-04-06,C0176,P017,SR011,East Coast,76,60.49,0.03,4459.32,30.19,2164.88,Hospital,,Paid
INV002801,2026-02-13,C0083,P011,SR010,Southern,131,15.5,0.03,1969.59,7.06,1044.73,Pharmacy,,Paid
INV002802,2026-04-27,C0111,P009,SR002,Kuala Lumpur,6,9.93,0,59.58,6.14,22.74,Pharmacy,,Paid
INV002803,2026-03-01,C0136,P005,SR012,East Malaysia,179,48.8,0,8735.2,23.91,4455.31,Clinic,CAM010,Paid
INV002804,2025-11-29,C0028,P005,SR004,Southern,70,48.8,0.1,3074.4,23.91,1400.7,Clinic,CAM008,Overdue
INV002805,2025-01-06,C0037,P007,SR002,Kuala Lumpur,140,53.96,0.05,7176.68,26.47,3470.88,Pharmacy,,Paid
INV002806,2026-06-09,C0060,P011,SR011,East Coast,15,15.5,0.08,213.9,7.06,108.0,Distributor,,Overdue
INV002807,2026-02-23,C0050,P002,SR012,East Malaysia,73,20.37,0,1487.01,9.86,767.23,Distributor,CAM010,Paid
INV002808,2025-02-16,C0178,P011,SR001,Central,143,15.5,0.05,2105.67,7.06,1096.09,Hospital,,Paid
INV002809,2025-10-12,C0018,P007,SR008,Kuala Lumpur,176,53.96,0.05,9022.11,26.47,4363.39,Hospital,,Paid
INV002810,2025-03-09,C0156,P016,SR007,Central,152,23.84,0.1,3261.31,14.05,1125.71,Distributor,CAM002,Paid
INV002811,2025-06-06,C0143,P009,SR002,Kuala Lumpur,58,9.93,0.03,558.66,6.14,202.54,Clinic,,Paid
INV002812,2025-11-02,C0082,P002,SR010,Southern,57,20.37,0.03,1126.26,9.86,564.24,Clinic,,Pending
INV002813,2026-05-19,C0077,P017,SR002,Kuala Lumpur,151,60.49,0.03,8859.97,30.19,4301.28,Hospital,,Overdue
INV002814,2025-09-15,C0174,P001,SR010,Southern,154,34.05,0.1,4719.33,21.72,1374.45,Hospital,,Paid
INV002815,2026-03-19,C0001,P006,SR010,Southern,74,28.44,0,2104.56,16.3,898.36,Pharmacy,,Pending
INV002816,2025-02-15,C0060,P003,SR011,East Coast,140,31.96,0.05,4250.68,20.33,1404.48,Distributor,,Paid
INV002817,2025-10-15,C0157,P001,SR010,Southern,53,34.05,0.1,1624.18,21.72,473.02,Pharmacy,CAM007,Paid
INV002818,2026-03-27,C0171,P015,SR007,Central,78,11.13,0.05,824.73,6.38,327.09,Pharmacy,,Paid
INV002819,2025-04-27,C0169,P010,SR004,Southern,136,17.45,0.1,2135.88,11.04,634.44,Hospital,,Overdue
INV002820,2026-06-20,C0041,P007,SR006,East Malaysia,133,53.96,0.05,6817.85,26.47,3297.34,Clinic,,Pending
INV002821,2025-11-24,C0165,P017,SR012,East Malaysia,136,60.49,0.1,7403.98,30.19,3298.14,Clinic,CAM008,Paid
INV002822,2025-08-14,C0044,P014,SR001,Central,169,18.87,0.03,3093.36,11.75,1107.61,Clinic,,Paid
INV002823,2025-10-14,C0043,P015,SR009,Northern,128,11.13,0.03,1381.9,6.38,565.26,Hospital,,Paid
INV002824,2026-03-31,C0050,P001,SR012,East Malaysia,108,34.05,0,3677.4,21.72,1331.64,Distributor,,Paid
INV002825,2025-03-30,C0096,P003,SR005,East Coast,124,31.96,0.05,3764.89,20.33,1243.97,Hospital,CAM002,Pending
INV002826,2026-01-06,C0088,P010,SR009,Northern,164,17.45,0.05,2718.71,11.04,908.15,Distributor,,Overdue
INV002827,2025-06-06,C0061,P005,SR011,East Coast,41,48.8,0,2000.8,23.91,1020.49,Pharmacy,,Paid
INV002828,2026-05-30,C0149,P001,SR002,Kuala Lumpur,48,34.05,0,1634.4,21.72,591.84,Clinic,,Paid
INV002829,2025-02-06,C0110,P011,SR008,Kuala Lumpur,143,15.5,0.05,2105.67,7.06,1096.09,Hospital,,Paid
INV002830,2025-10-15,C0120,P015,SR011,East Coast,71,11.13,0,790.23,6.38,337.25,Pharmacy,,Paid
INV002831,2025-11-18,C0081,P007,SR004,Southern,144,53.96,0.05,7381.73,26.47,3570.05,Pharmacy,,Pending
INV002832,2025-08-04,C0119,P017,SR001,Central,95,60.49,0.05,5459.22,30.19,2591.17,Distributor,CAM005,Paid
INV002833,2025-11-06,C0095,P017,SR011,East Coast,47,60.49,0.05,2700.88,30.19,1281.95,Pharmacy,,Paid
INV002834,2026-06-02,C0068,P018,SR011,East Coast,110,17.27,0,1899.7,8.38,977.9,Distributor,CAM012,Overdue
INV002835,2026-05-06,C0103,P003,SR002,Kuala Lumpur,65,31.96,0.05,1973.53,20.33,652.08,Clinic,,Paid
INV002836,2025-01-29,C0162,P011,SR001,Central,145,15.5,0.1,2022.75,7.06,999.05,Hospital,,Paid
INV002837,2026-06-20,C0165,P013,SR006,East Malaysia,135,14.36,0.08,1783.51,8.98,571.21,Clinic,,Pending
INV002838,2025-01-28,C0167,P016,SR003,Northern,107,23.84,0.03,2474.35,14.05,971.0,Clinic,,Overdue
INV002839,2025-02-07,C0031,P002,SR007,Central,155,20.37,0,3157.35,9.86,1629.05,Pharmacy,,Paid
INV002840,2025-05-28,C0100,P018,SR004,Southern,62,17.27,0.03,1038.62,8.38,519.06,Clinic,,Paid
INV002841,2026-03-24,C0170,P010,SR012,East Malaysia,16,17.45,0,279.2,11.04,102.56,Hospital,,Paid
INV002842,2026-03-07,C0126,P011,SR008,Kuala Lumpur,135,15.5,0.05,1987.88,7.06,1034.78,Hospital,,Pending
INV002843,2025-08-19,C0049,P011,SR007,Central,119,15.5,0,1844.5,7.06,1004.36,Pharmacy,,Paid
INV002844,2025-04-14,C0044,P007,SR001,Central,87,53.96,0.03,4553.68,26.47,2250.79,Clinic,,Paid
INV002845,2025-11-22,C0113,P002,SR009,Northern,37,20.37,0.05,716.01,9.86,351.19,Clinic,,Paid
INV002846,2025-08-16,C0133,P009,SR007,Central,72,9.93,0,714.96,6.14,272.88,Clinic,,Paid
INV002847,2025-08-03,C0027,P003,SR007,Central,21,31.96,0.03,651.03,20.33,224.1,Hospital,,Paid
INV002848,2025-04-15,C0040,P008,SR009,Northern,17,17.6,0,299.2,7.93,164.39,Pharmacy,,Paid
INV002849,2025-11-29,C0161,P013,SR001,Central,14,14.36,0.05,190.99,8.98,65.27,Pharmacy,,Pending
INV002850,2026-04-03,C0138,P002,SR004,Southern,64,20.37,0.05,1238.5,9.86,607.46,Hospital,CAM011,Paid
INV002851,2026-06-09,C0075,P009,SR009,Northern,126,9.93,0.05,1188.62,6.14,414.98,Pharmacy,CAM012,Pending
INV002852,2026-03-10,C0110,P010,SR002,Kuala Lumpur,21,17.45,0.05,348.13,11.04,116.29,Hospital,,Paid
INV002853,2026-05-07,C0056,P016,SR003,Northern,35,23.84,0.03,809.37,14.05,317.62,Pharmacy,,Paid
INV002854,2025-06-14,C0154,P005,SR011,East Coast,64,48.8,0,3123.2,23.91,1592.96,Clinic,,Paid
INV002855,2025-08-02,C0010,P005,SR003,Northern,89,48.8,0.05,4126.04,23.91,1998.05,Pharmacy,,Paid
INV002856,2025-06-17,C0059,P008,SR005,East Coast,81,17.6,0,1425.6,7.93,783.27,Distributor,,Pending
INV002857,2025-03-12,C0141,P012,SR012,East Malaysia,142,23.6,0,3351.2,11.86,1667.08,Clinic,,Paid
INV002858,2026-04-23,C0054,P010,SR011,East Coast,103,17.45,0.1,1617.62,11.04,480.5,Pharmacy,,Paid
INV002859,2025-05-06,C0089,P012,SR007,Central,171,23.6,0,4035.6,11.86,2007.54,Hospital,,Paid
INV002860,2025-10-02,C0157,P004,SR010,Southern,21,19.97,0.05,398.4,10.13,185.67,Pharmacy,CAM006,Pending
INV002861,2025-03-20,C0132,P004,SR008,Kuala Lumpur,149,19.97,0.05,2826.75,10.13,1317.38,Hospital,,Overdue
INV002862,2025-04-12,C0059,P010,SR011,East Coast,175,17.45,0.05,2901.06,11.04,969.06,Distributor,,Paid
INV002863,2025-09-19,C0144,P007,SR010,Southern,120,53.96,0.03,6280.94,26.47,3104.54,Pharmacy,,Paid
INV002864,2025-05-09,C0138,P013,SR010,Southern,175,14.36,0.05,2387.35,8.98,815.85,Hospital,,Paid
INV002865,2025-07-26,C0008,P005,SR009,Northern,167,48.8,0.03,7905.11,23.91,3912.14,Clinic,,Paid
INV002866,2026-01-29,C0048,P004,SR002,Kuala Lumpur,111,19.97,0.03,2150.17,10.13,1025.74,Distributor,,Paid
INV002867,2026-01-22,C0107,P014,SR010,Southern,24,18.87,0,452.88,11.75,170.88,Clinic,,Pending
INV002868,2025-09-04,C0072,P006,SR004,Southern,39,28.44,0.08,1020.43,16.3,384.73,Clinic,,Paid
INV002869,2025-08-14,C0069,P018,SR006,East Malaysia,23,17.27,0.1,357.49,8.38,164.75,Clinic,CAM006,Overdue
INV002870,2025-08-15,C0108,P016,SR011,East Coast,163,23.84,0.08,3575.05,14.05,1284.9,Clinic,CAM006,Paid
INV002871,2025-12-02,C0039,P010,SR007,Central,108,17.45,0,1884.6,11.04,692.28,Distributor,CAM008,Paid
INV002872,2025-12-25,C0017,P015,SR007,Central,106,11.13,0.1,1061.8,6.38,385.52,Pharmacy,,Paid
INV002873,2026-01-21,C0014,P004,SR008,Kuala Lumpur,68,19.97,0.05,1290.06,10.13,601.22,Pharmacy,CAM009,Paid
INV002874,2026-01-01,C0165,P013,SR012,East Malaysia,96,14.36,0.05,1309.63,8.98,447.55,Clinic,CAM008,Paid
INV002875,2026-03-26,C0097,P009,SR001,Central,81,9.93,0.05,764.11,6.14,266.77,Pharmacy,,Paid
INV002876,2025-11-28,C0001,P006,SR010,Southern,92,28.44,0,2616.48,16.3,1116.88,Pharmacy,,Paid
INV002877,2025-10-05,C0074,P009,SR012,East Malaysia,128,9.93,0,1271.04,6.14,485.12,Pharmacy,,Paid
INV002878,2025-01-01,C0077,P016,SR002,Kuala Lumpur,64,23.84,0,1525.76,14.05,626.56,Hospital,,Paid
INV002879,2025-03-27,C0096,P016,SR011,East Coast,153,23.84,0.1,3282.77,14.05,1133.12,Hospital,CAM002,Paid
INV002880,2026-04-14,C0135,P017,SR010,Southern,155,60.49,0.1,8438.36,30.19,3758.91,Clinic,CAM011,Pending
INV002881,2025-01-09,C0075,P001,SR009,Northern,78,34.05,0,2655.9,21.72,961.74,Pharmacy,,Paid
INV002882,2025-04-08,C0132,P007,SR002,Kuala Lumpur,140,53.96,0.1,6798.96,26.47,3093.16,Hospital,,Paid
INV002883,2026-05-07,C0063,P003,SR008,Kuala Lumpur,57,31.96,0.05,1730.63,20.33,571.82,Clinic,CAM011,Paid
INV002884,2026-03-20,C0124,P018,SR007,Central,48,17.27,0.05,787.51,8.38,385.27,Hospital,,Overdue
INV002885,2025-01-16,C0125,P018,SR002,Kuala Lumpur,145,17.27,0.05,2378.94,8.38,1163.84,Clinic,CAM001,Paid
INV002886,2025-11-24,C0109,P010,SR006,East Malaysia,89,17.45,0.08,1428.81,11.04,446.25,Clinic,,Paid
INV002887,2025-01-03,C0037,P014,SR002,Kuala Lumpur,67,18.87,0.15,1074.65,11.75,287.4,Pharmacy,,Paid
INV002888,2025-09-27,C0046,P007,SR001,Central,108,53.96,0,5827.68,26.47,2968.92,Clinic,CAM006,Paid
INV002889,2026-05-30,C0111,P011,SR008,Kuala Lumpur,9,15.5,0.08,128.34,7.06,64.8,Pharmacy,,Paid
INV002890,2025-10-23,C0025,P004,SR012,East Malaysia,44,19.97,0,878.68,10.13,432.96,Hospital,,Paid
INV002891,2025-11-19,C0020,P009,SR007,Central,155,9.93,0.05,1462.19,6.14,510.49,Clinic,CAM008,Paid
INV002892,2025-09-13,C0053,P017,SR001,Central,37,60.49,0,2238.13,30.19,1121.1,Clinic,CAM006,Paid
INV002893,2025-11-24,C0060,P005,SR005,East Coast,175,48.8,0,8540.0,23.91,4355.75,Distributor,,Paid
INV002894,2025-01-29,C0025,P002,SR006,East Malaysia,34,20.37,0.08,637.17,9.86,301.93,Hospital,CAM001,Paid
INV002895,2025-04-14,C0050,P008,SR006,East Malaysia,98,17.6,0,1724.8,7.93,947.66,Distributor,,Overdue
INV002896,2025-08-08,C0041,P008,SR012,East Malaysia,90,17.6,0.1,1425.6,7.93,711.9,Clinic,,Paid
INV002897,2025-05-10,C0056,P010,SR003,Northern,133,17.45,0.03,2251.22,11.04,782.9,Pharmacy,,Pending
INV002898,2025-11-02,C0157,P015,SR010,Southern,6,11.13,0,66.78,6.38,28.5,Pharmacy,,Paid
INV002899,2026-03-17,C0110,P007,SR008,Kuala Lumpur,49,53.96,0.08,2432.52,26.47,1135.49,Hospital,,Pending
INV002900,2026-01-01,C0064,P014,SR010,Southern,167,18.87,0.08,2899.19,11.75,936.94,Clinic,,Pending
INV002901,2025-09-06,C0071,P018,SR012,East Malaysia,50,17.27,0.05,820.32,8.38,401.32,Pharmacy,,Paid
INV002902,2025-04-05,C0086,P006,SR009,Northern,108,28.44,0.03,2979.37,16.3,1218.97,Clinic,CAM002,Paid
INV002903,2026-02-04,C0041,P012,SR006,East Malaysia,168,23.6,0.05,3766.56,11.86,1774.08,Clinic,,Paid
INV002904,2026-03-03,C0107,P010,SR004,Southern,73,17.45,0.05,1210.16,11.04,404.24,Clinic,,Paid
INV002905,2026-02-19,C0149,P012,SR002,Kuala Lumpur,78,23.6,0.1,1656.72,11.86,731.64,Clinic,,Overdue
INV002906,2026-02-08,C0112,P011,SR005,East Coast,91,15.5,0,1410.5,7.06,768.04,Pharmacy,,Paid
INV002907,2026-02-22,C0033,P018,SR012,East Malaysia,68,17.27,0,1174.36,8.38,604.52,Hospital,CAM010,Paid
INV002908,2025-06-04,C0077,P004,SR008,Kuala Lumpur,126,19.97,0,2516.22,10.13,1239.84,Hospital,,Pending
INV002909,2026-03-05,C0051,P018,SR001,Central,87,17.27,0.03,1457.42,8.38,728.36,Hospital,,Paid
INV002910,2025-12-03,C0129,P014,SR006,East Malaysia,176,18.87,0.05,3155.06,11.75,1087.06,Clinic,,Paid
INV002911,2025-05-31,C0076,P016,SR003,Northern,162,23.84,0.05,3668.98,14.05,1392.88,Hospital,,Paid
INV002912,2025-03-21,C0107,P004,SR010,Southern,62,19.97,0.08,1139.09,10.13,511.03,Clinic,,Paid
INV002913,2026-06-12,C0168,P007,SR009,Northern,27,53.96,0,1456.92,26.47,742.23,Clinic,,Paid
INV002914,2025-08-02,C0122,P005,SR012,East Malaysia,20,48.8,0.05,927.2,23.91,449.0,Pharmacy,CAM005,Overdue
INV002915,2025-10-08,C0138,P014,SR010,Southern,146,18.87,0.1,2479.52,11.75,764.02,Hospital,CAM007,Paid
INV002916,2025-10-09,C0147,P007,SR004,Southern,38,53.96,0.15,1742.91,26.47,737.05,Pharmacy,,Paid
INV002917,2025-07-21,C0152,P010,SR012,East Malaysia,106,17.45,0,1849.7,11.04,679.46,Hospital,,Pending
INV002918,2025-06-18,C0100,P010,SR010,Southern,108,17.45,0,1884.6,11.04,692.28,Clinic,,Pending
INV002919,2025-04-22,C0118,P005,SR012,East Malaysia,7,48.8,0,341.6,23.91,174.23,Hospital,,Paid
INV002920,2025-03-23,C0171,P004,SR001,Central,169,19.97,0.05,3206.18,10.13,1494.21,Pharmacy,,Paid
INV002921,2026-04-17,C0023,P014,SR011,East Coast,177,18.87,0,3339.99,11.75,1260.24,Clinic,,Paid
INV002922,2025-08-12,C0085,P008,SR002,Kuala Lumpur,13,17.6,0,228.8,7.93,125.71,Pharmacy,,Paid
INV002923,2025-01-29,C0030,P013,SR005,East Coast,150,14.36,0.05,2046.3,8.98,699.3,Pharmacy,,Paid
INV002924,2025-03-25,C0050,P008,SR006,East Malaysia,74,17.6,0.15,1107.04,7.93,520.22,Distributor,CAM002,Pending
INV002925,2025-07-30,C0176,P009,SR005,East Coast,77,9.93,0,764.61,6.14,291.83,Hospital,,Pending
INV002926,2025-09-29,C0023,P002,SR005,East Coast,116,20.37,0.05,2244.77,9.86,1101.01,Clinic,CAM006,Overdue
INV002927,2025-04-04,C0027,P013,SR001,Central,77,14.36,0.05,1050.43,8.98,358.97,Hospital,,Paid
INV002928,2025-03-27,C0007,P002,SR007,Central,172,20.37,0.1,3153.28,9.86,1457.36,Clinic,CAM002,Paid
INV002929,2026-03-04,C0107,P004,SR010,Southern,144,19.97,0.15,2444.33,10.13,985.61,Clinic,,Paid
INV002930,2025-02-10,C0064,P010,SR004,Southern,36,17.45,0.15,533.97,11.04,136.53,Clinic,,Paid
INV002931,2025-12-04,C0078,P018,SR010,Southern,44,17.27,0.15,645.9,8.38,277.18,Clinic,CAM008,Paid
INV002932,2025-03-04,C0179,P016,SR004,Southern,129,23.84,0.1,2767.82,14.05,955.37,Pharmacy,,Paid
INV002933,2026-01-27,C0016,P003,SR011,East Coast,128,31.96,0,4090.88,20.33,1488.64,Clinic,,Paid
INV002934,2026-05-23,C0030,P007,SR005,East Coast,30,53.96,0.05,1537.86,26.47,743.76,Pharmacy,CAM012,Overdue
INV002935,2025-11-07,C0119,P001,SR001,Central,138,34.05,0.05,4463.95,21.72,1466.59,Distributor,,Paid
INV002936,2025-10-24,C0024,P004,SR001,Central,141,19.97,0.05,2674.98,10.13,1246.65,Clinic,,Paid
INV002937,2026-05-12,C0179,P003,SR004,Southern,116,31.96,0.05,3521.99,20.33,1163.71,Pharmacy,,Paid
INV002938,2025-10-29,C0110,P007,SR002,Kuala Lumpur,66,53.96,0.05,3383.29,26.47,1636.27,Hospital,,Paid
INV002939,2026-05-27,C0078,P004,SR010,Southern,36,19.97,0.08,661.41,10.13,296.73,Clinic,,Paid
INV002940,2025-06-05,C0031,P012,SR007,Central,17,23.6,0,401.2,11.86,199.58,Pharmacy,CAM004,Paid
INV002941,2025-02-22,C0106,P014,SR006,East Malaysia,104,18.87,0,1962.48,11.75,740.48,Pharmacy,,Pending
INV002942,2025-12-12,C0043,P011,SR003,Northern,172,15.5,0.05,2532.7,7.06,1318.38,Hospital,CAM008,Paid
INV002943,2026-01-08,C0073,P016,SR005,East Coast,124,23.84,0.05,2808.35,14.05,1066.15,Pharmacy,,Paid
INV002944,2026-06-18,C0135,P012,SR010,Southern,104,23.6,0.05,2331.68,11.86,1098.24,Clinic,,Paid
INV002945,2025-08-15,C0015,P001,SR011,East Coast,32,34.05,0.05,1035.12,21.72,340.08,Clinic,,Pending
INV002946,2026-03-20,C0116,P012,SR010,Southern,58,23.6,0.03,1327.74,11.86,639.86,Clinic,,Pending
INV002947,2025-10-31,C0038,P006,SR009,Northern,168,28.44,0.08,4395.69,16.3,1657.29,Pharmacy,,Paid
INV002948,2025-05-17,C0168,P012,SR009,Northern,98,23.6,0,2312.8,11.86,1150.52,Clinic,,Paid
INV002949,2025-01-24,C0170,P002,SR006,East Malaysia,80,20.37,0.1,1466.64,9.86,677.84,Hospital,,Paid
INV002950,2025-08-16,C0002,P013,SR007,Central,51,14.36,0.03,710.39,8.98,252.41,Clinic,,Paid
INV002951,2025-04-16,C0002,P001,SR007,Central,109,34.05,0.05,3525.88,21.72,1158.4,Clinic,CAM003,Overdue
INV002952,2025-04-13,C0125,P005,SR002,Kuala Lumpur,6,48.8,0.05,278.16,23.91,134.7,Clinic,CAM003,Paid
INV002953,2025-06-15,C0036,P008,SR001,Central,146,17.6,0,2569.6,7.93,1411.82,Distributor,CAM004,Paid
INV002954,2025-10-12,C0121,P011,SR003,Northern,139,15.5,0,2154.5,7.06,1173.16,Distributor,,Paid
INV002955,2025-11-01,C0009,P001,SR011,East Coast,28,34.05,0,953.4,21.72,345.24,Distributor,,Paid
INV002956,2025-04-29,C0059,P012,SR005,East Coast,34,23.6,0.15,682.04,11.86,278.8,Distributor,,Paid
INV002957,2025-11-18,C0050,P011,SR012,East Malaysia,42,15.5,0,651.0,7.06,354.48,Distributor,,Paid
INV002958,2025-01-08,C0112,P010,SR005,East Coast,168,17.45,0.08,2697.07,11.04,842.35,Pharmacy,,Overdue
INV002959,2025-02-11,C0154,P015,SR005,East Coast,12,11.13,0,133.56,6.38,57.0,Clinic,,Pending
INV002960,2025-01-25,C0077,P004,SR008,Kuala Lumpur,89,19.97,0,1777.33,10.13,875.76,Hospital,CAM001,Pending
INV002961,2025-05-10,C0131,P004,SR007,Central,78,19.97,0.05,1479.78,10.13,689.64,Hospital,,Paid
INV002962,2026-04-11,C0074,P005,SR006,East Malaysia,49,48.8,0,2391.2,23.91,1219.61,Pharmacy,,Paid
INV002963,2025-08-17,C0006,P013,SR006,East Malaysia,93,14.36,0.05,1268.71,8.98,433.57,Clinic,,Paid
INV002964,2025-01-26,C0173,P008,SR012,East Malaysia,147,17.6,0.05,2457.84,7.93,1292.13,Clinic,CAM001,Paid
INV002965,2026-04-01,C0065,P008,SR012,East Malaysia,157,17.6,0.05,2625.04,7.93,1380.03,Pharmacy,CAM011,Paid
INV002966,2025-12-19,C0127,P012,SR008,Kuala Lumpur,10,23.6,0.05,224.2,11.86,105.6,Pharmacy,CAM008,Pending
INV002967,2026-03-17,C0146,P002,SR011,East Coast,96,20.37,0.1,1759.97,9.86,813.41,Clinic,,Paid
INV002968,2026-03-16,C0004,P013,SR005,East Coast,17,14.36,0.03,236.8,8.98,84.14,Pharmacy,,Paid
INV002969,2025-09-04,C0060,P015,SR011,East Coast,100,11.13,0.05,1057.35,6.38,419.35,Distributor,CAM006,Paid
INV002970,2026-03-31,C0107,P003,SR004,Southern,112,31.96,0.08,3293.16,20.33,1016.2,Clinic,CAM011,Paid
INV002971,2025-08-14,C0163,P001,SR010,Southern,54,34.05,0.05,1746.76,21.72,573.88,Clinic,,Paid
INV002972,2026-02-12,C0076,P009,SR009,Northern,122,9.93,0.08,1114.54,6.14,365.46,Hospital,,Pending
INV002973,2025-11-27,C0003,P018,SR011,East Coast,177,17.27,0,3056.79,8.38,1573.53,Pharmacy,,Pending
INV002974,2025-06-28,C0055,P010,SR003,Northern,13,17.45,0.03,220.04,11.04,76.52,Hospital,,Paid
INV002975,2025-05-10,C0079,P004,SR010,Southern,92,19.97,0,1837.24,10.13,905.28,Hospital,,Pending
INV002976,2025-04-21,C0084,P018,SR011,East Coast,85,17.27,0.05,1394.55,8.38,682.25,Distributor,,Paid
INV002977,2025-01-30,C0099,P006,SR012,East Malaysia,149,28.44,0.1,3813.8,16.3,1385.1,Pharmacy,CAM001,Paid
INV002978,2026-04-09,C0016,P008,SR005,East Coast,61,17.6,0.08,987.71,7.93,503.98,Clinic,,Paid
INV002979,2025-10-26,C0092,P006,SR002,Kuala Lumpur,26,28.44,0.03,717.26,16.3,293.46,Pharmacy,,Pending
INV002980,2026-06-22,C0100,P008,SR004,Southern,76,17.6,0,1337.6,7.93,734.92,Clinic,,Pending
INV002981,2026-03-22,C0101,P006,SR003,Northern,118,28.44,0,3355.92,16.3,1432.52,Distributor,,Paid
INV002982,2025-06-10,C0154,P005,SR005,East Coast,11,48.8,0.03,520.7,23.91,257.69,Clinic,,Paid
INV002983,2025-07-01,C0031,P012,SR001,Central,156,23.6,0,3681.6,11.86,1831.44,Pharmacy,,Paid
INV002984,2026-05-02,C0002,P013,SR001,Central,37,14.36,0.1,478.19,8.98,145.93,Clinic,,Overdue
INV002985,2025-05-05,C0060,P006,SR005,East Coast,82,28.44,0.05,2215.48,16.3,878.88,Distributor,,Overdue
INV002986,2026-01-02,C0002,P006,SR001,Central,16,28.44,0.05,432.29,16.3,171.49,Clinic,,Paid
INV002987,2025-09-03,C0165,P008,SR006,East Malaysia,100,17.6,0.05,1672.0,7.93,879.0,Clinic,,Paid
INV002988,2025-03-05,C0001,P002,SR004,Southern,52,20.37,0.08,974.5,9.86,461.78,Pharmacy,,Paid
INV002989,2026-01-21,C0038,P006,SR009,Northern,101,28.44,0.08,2642.64,16.3,996.34,Pharmacy,,Paid
INV002990,2025-03-07,C0132,P012,SR008,Kuala Lumpur,158,23.6,0.03,3616.94,11.86,1743.06,Hospital,,Paid
INV002991,2025-05-27,C0059,P001,SR011,East Coast,93,34.05,0.08,2913.32,21.72,893.36,Distributor,,Paid
INV002992,2025-08-28,C0022,P013,SR012,East Malaysia,124,14.36,0.1,1602.58,8.98,489.06,Hospital,,Paid
INV002993,2025-12-06,C0097,P010,SR007,Central,78,17.45,0.1,1224.99,11.04,363.87,Pharmacy,,Pending
INV002994,2025-05-02,C0158,P010,SR010,Southern,55,17.45,0.08,882.97,11.04,275.77,Pharmacy,,Paid
INV002995,2025-04-17,C0021,P015,SR012,East Malaysia,114,11.13,0.15,1078.5,6.38,351.18,Clinic,,Paid
INV002996,2025-12-19,C0046,P016,SR007,Central,22,23.84,0,524.48,14.05,215.38,Clinic,,Paid
INV002997,2025-03-30,C0180,P011,SR007,Central,145,15.5,0,2247.5,7.06,1223.8,Clinic,,Pending
INV002998,2025-03-03,C0040,P005,SR003,Northern,22,48.8,0.08,987.71,23.91,461.69,Pharmacy,,Paid
INV002999,2026-03-29,C0007,P013,SR007,Central,166,14.36,0.05,2264.57,8.98,773.89,Clinic,CAM011,Paid
INV003000,2026-05-13,C0032,P018,SR011,East Coast,154,17.27,0,2659.58,8.38,1369.06,Hospital,,Paid
INV003001,2026-06-14,C0073,P017,SR011,East Coast,111,60.49,0,6714.39,30.19,3363.3,Pharmacy,,Paid
INV003002,2025-03-27,C0074,P005,SR012,East Malaysia,54,48.8,0,2635.2,23.91,1344.06,Pharmacy,CAM002,Paid
INV003003,2025-12-11,C0063,P018,SR002,Kuala Lumpur,67,17.27,0.08,1064.52,8.38,503.06,Clinic,CAM008,Paid
INV003004,2025-12-19,C0154,P017,SR011,East Coast,102,60.49,0.05,5861.48,30.19,2782.1,Clinic,CAM008,Pending
INV003005,2025-09-22,C0027,P016,SR001,Central,179,23.84,0.05,4053.99,14.05,1539.04,Hospital,,Paid
INV003006,2025-12-16,C0054,P017,SR005,East Coast,15,60.49,0,907.35,30.19,454.5,Pharmacy,,Paid
INV003007,2025-02-01,C0100,P012,SR004,Southern,114,23.6,0.03,2609.69,11.86,1257.65,Clinic,CAM001,Pending
INV003008,2025-08-14,C0095,P003,SR005,East Coast,129,31.96,0,4122.84,20.33,1500.27,Pharmacy,CAM006,Paid
INV003009,2025-09-12,C0126,P012,SR008,Kuala Lumpur,85,23.6,0.15,1705.1,11.86,697.0,Hospital,,Paid
INV003010,2026-02-25,C0067,P017,SR008,Kuala Lumpur,135,60.49,0.03,7921.17,30.19,3845.52,Pharmacy,,Paid
INV003011,2025-10-22,C0095,P004,SR005,East Coast,83,19.97,0.05,1574.63,10.13,733.84,Pharmacy,CAM007,Overdue
INV003012,2025-05-13,C0146,P014,SR011,East Coast,103,18.87,0.05,1846.43,11.75,636.18,Clinic,,Paid
INV003013,2025-04-23,C0037,P002,SR008,Kuala Lumpur,37,20.37,0.08,693.39,9.86,328.57,Pharmacy,,Paid
INV003014,2025-07-03,C0153,P008,SR012,East Malaysia,10,17.6,0.05,167.2,7.93,87.9,Clinic,,Paid
INV003015,2025-10-03,C0036,P003,SR001,Central,152,31.96,0,4857.92,20.33,1767.76,Distributor,,Pending
INV003016,2026-01-16,C0002,P006,SR001,Central,55,28.44,0.03,1517.27,16.3,620.77,Clinic,,Paid
INV003017,2025-01-07,C0074,P012,SR012,East Malaysia,150,23.6,0.05,3363.0,11.86,1584.0,Pharmacy,,Paid
INV003018,2026-06-17,C0075,P002,SR009,Northern,11,20.37,0,224.07,9.86,115.61,Pharmacy,,Paid
INV003019,2026-06-27,C0035,P003,SR009,Northern,120,31.96,0.05,3643.44,20.33,1203.84,Clinic,,Pending
INV003020,2025-05-28,C0063,P007,SR008,Kuala Lumpur,170,53.96,0.08,8439.34,26.47,3939.44,Clinic,CAM004,Overdue
INV003021,2025-10-04,C0082,P003,SR010,Southern,129,31.96,0.05,3916.7,20.33,1294.13,Clinic,,Paid
INV003022,2025-07-21,C0105,P008,SR006,East Malaysia,138,17.6,0.05,2307.36,7.93,1213.02,Hospital,CAM005,Overdue
INV003023,2025-06-05,C0007,P002,SR007,Central,133,20.37,0.1,2438.29,9.86,1126.91,Clinic,CAM004,Pending
INV003024,2025-07-28,C0053,P007,SR007,Central,120,53.96,0.08,5957.18,26.47,2780.78,Clinic,,Overdue
INV003025,2026-06-06,C0043,P018,SR009,Northern,132,17.27,0.08,2097.27,8.38,991.11,Hospital,,Paid
INV003026,2026-01-26,C0003,P011,SR011,East Coast,160,15.5,0.1,2232.0,7.06,1102.4,Pharmacy,,Pending
INV003027,2025-05-17,C0007,P018,SR007,Central,112,17.27,0.03,1876.21,8.38,937.65,Clinic,,Paid
INV003028,2025-07-12,C0038,P009,SR009,Northern,28,9.93,0.1,250.24,6.14,78.32,Pharmacy,,Paid
INV003029,2025-01-01,C0020,P004,SR007,Central,79,19.97,0.03,1530.3,10.13,730.03,Clinic,,Pending
INV003030,2026-06-28,C0177,P002,SR004,Southern,60,20.37,0.15,1038.87,9.86,447.27,Hospital,,Pending
INV003031,2025-02-06,C0074,P009,SR006,East Malaysia,20,9.93,0.03,192.64,6.14,69.84,Pharmacy,CAM001,Paid
INV003032,2026-01-30,C0131,P011,SR001,Central,180,15.5,0,2790.0,7.06,1519.2,Hospital,CAM009,Paid
INV003033,2025-08-11,C0123,P010,SR012,East Malaysia,86,17.45,0.03,1455.68,11.04,506.24,Clinic,CAM005,Paid
INV003034,2025-01-13,C0027,P013,SR007,Central,102,14.36,0.03,1420.78,8.98,504.82,Hospital,CAM001,Paid
INV003035,2025-02-06,C0024,P002,SR001,Central,123,20.37,0.08,2305.07,9.86,1092.29,Clinic,,Paid
INV003036,2026-06-24,C0178,P018,SR001,Central,128,17.27,0.08,2033.72,8.38,961.08,Hospital,,Paid
INV003037,2025-04-20,C0094,P017,SR012,East Malaysia,113,60.49,0.15,5810.06,30.19,2398.59,Pharmacy,,Paid
INV003038,2025-03-29,C0146,P016,SR011,East Coast,117,23.84,0.03,2705.6,14.05,1061.75,Clinic,,Paid
INV003039,2025-07-23,C0041,P014,SR006,East Malaysia,126,18.87,0.1,2139.86,11.75,659.36,Clinic,,Pending
INV003040,2025-12-07,C0138,P007,SR010,Southern,53,53.96,0.03,2774.08,26.47,1371.17,Hospital,,Paid
INV003041,2025-12-23,C0109,P011,SR012,East Malaysia,43,15.5,0.05,633.17,7.06,329.59,Clinic,CAM008,Overdue
INV003042,2026-06-06,C0042,P010,SR004,Southern,104,17.45,0.05,1724.06,11.04,575.9,Hospital,CAM012,Pending
INV003043,2026-05-09,C0086,P018,SR003,Northern,22,17.27,0.08,349.54,8.38,165.18,Clinic,,Paid
INV003044,2025-10-02,C0109,P014,SR012,East Malaysia,159,18.87,0.1,2700.3,11.75,832.05,Clinic,CAM006,Paid
INV003045,2026-06-12,C0088,P007,SR003,Northern,123,53.96,0,6637.08,26.47,3381.27,Distributor,,Pending
INV003046,2026-03-17,C0152,P018,SR006,East Malaysia,70,17.27,0.03,1172.63,8.38,586.03,Hospital,,Paid
INV003047,2025-03-04,C0043,P011,SR003,Northern,137,15.5,0.03,2059.8,7.06,1092.58,Hospital,CAM002,Overdue
INV003048,2025-01-05,C0140,P015,SR001,Central,6,11.13,0.05,63.44,6.38,25.16,Clinic,,Paid
INV003049,2025-01-09,C0164,P015,SR005,East Coast,147,11.13,0.1,1472.5,6.38,534.64,Pharmacy,,Overdue
INV003050,2026-05-02,C0121,P015,SR003,Northern,35,11.13,0.1,350.6,6.38,127.3,Distributor,,Paid
INV003051,2025-05-12,C0178,P016,SR007,Central,55,23.84,0,1311.2,14.05,538.45,Hospital,,Paid
INV003052,2025-01-09,C0114,P003,SR001,Central,23,31.96,0,735.08,20.33,267.49,Hospital,CAM001,Paid
INV003053,2025-10-30,C0173,P010,SR012,East Malaysia,60,17.45,0.1,942.3,11.04,279.9,Clinic,,Paid
INV003054,2026-05-11,C0178,P015,SR007,Central,29,11.13,0.08,296.95,6.38,111.93,Hospital,,Pending
INV003055,2026-03-14,C0031,P016,SR001,Central,101,23.84,0.03,2335.6,14.05,916.55,Pharmacy,,Paid
INV003056,2025-12-25,C0103,P013,SR008,Kuala Lumpur,109,14.36,0.03,1518.28,8.98,539.46,Clinic,,Pending
INV003057,2026-01-22,C0135,P008,SR004,Southern,78,17.6,0.08,1262.98,7.93,644.44,Clinic,CAM009,Paid
INV003058,2025-10-16,C0036,P013,SR007,Central,55,14.36,0.08,726.62,8.98,232.72,Distributor,,Overdue
INV003059,2025-07-06,C0033,P003,SR006,East Malaysia,71,31.96,0,2269.16,20.33,825.73,Hospital,,Paid
INV003060,2025-01-22,C0093,P010,SR010,Southern,176,17.45,0,3071.2,11.04,1128.16,Pharmacy,CAM001,Paid
INV003061,2025-04-28,C0022,P011,SR006,East Malaysia,29,15.5,0,449.5,7.06,244.76,Hospital,,Pending
INV003062,2025-06-05,C0108,P001,SR005,East Coast,134,34.05,0,4562.7,21.72,1652.22,Clinic,,Paid
INV003063,2025-08-02,C0172,P009,SR011,East Coast,91,9.93,0.05,858.45,6.14,299.71,Pharmacy,,Pending
INV003064,2025-07-28,C0057,P011,SR011,East Coast,134,15.5,0.05,1973.15,7.06,1027.11,Clinic,CAM005,Pending
INV003065,2025-07-11,C0028,P010,SR010,Southern,125,17.45,0.05,2072.19,11.04,692.19,Clinic,,Paid
INV003066,2026-06-02,C0106,P013,SR012,East Malaysia,178,14.36,0.1,2300.47,8.98,702.03,Pharmacy,,Paid
INV003067,2025-08-01,C0024,P016,SR001,Central,173,23.84,0.05,3918.1,14.05,1487.45,Clinic,,Pending
INV003068,2025-05-26,C0080,P013,SR011,East Coast,72,14.36,0.1,930.53,8.98,283.97,Hospital,,Paid
INV003069,2026-05-26,C0172,P005,SR011,East Coast,5,48.8,0,244.0,23.91,124.45,Pharmacy,CAM012,Paid
INV003070,2026-02-05,C0171,P002,SR001,Central,82,20.37,0.08,1536.71,9.86,728.19,Pharmacy,,Paid
INV003071,2025-01-18,C0082,P003,SR004,Southern,148,31.96,0.08,4351.67,20.33,1342.83,Clinic,CAM001,Paid
INV003072,2025-04-28,C0103,P007,SR002,Kuala Lumpur,170,53.96,0.08,8439.34,26.47,3939.44,Clinic,CAM003,Paid
INV003073,2026-03-07,C0168,P007,SR009,Northern,158,53.96,0.08,7843.63,26.47,3661.37,Clinic,,Paid
INV003074,2025-01-14,C0023,P002,SR005,East Coast,14,20.37,0.05,270.92,9.86,132.88,Clinic,,Paid
INV003075,2025-08-29,C0017,P018,SR007,Central,138,17.27,0,2383.26,8.38,1226.82,Pharmacy,CAM006,Pending
INV003076,2026-06-29,C0012,P006,SR002,Kuala Lumpur,90,28.44,0.08,2354.83,16.3,887.83,Pharmacy,,Paid
INV003077,2025-12-10,C0140,P006,SR001,Central,164,28.44,0.08,4291.03,16.3,1617.83,Clinic,CAM008,Paid
INV003078,2026-03-31,C0107,P014,SR004,Southern,67,18.87,0.08,1163.15,11.75,375.9,Clinic,,Paid
INV003079,2025-01-26,C0132,P003,SR002,Kuala Lumpur,40,31.96,0.08,1176.13,20.33,362.93,Hospital,,Paid
INV003080,2025-11-07,C0118,P009,SR012,East Malaysia,5,9.93,0.1,44.69,6.14,13.99,Hospital,,Pending
INV003081,2025-08-14,C0019,P003,SR005,East Coast,94,31.96,0.08,2763.9,20.33,852.88,Hospital,,Paid
INV003082,2025-09-08,C0003,P014,SR011,East Coast,56,18.87,0.05,1003.88,11.75,345.88,Pharmacy,,Paid
INV003083,2025-05-23,C0025,P018,SR006,East Malaysia,83,17.27,0,1433.41,8.38,737.87,Hospital,,Paid
INV003084,2026-02-22,C0092,P001,SR002,Kuala Lumpur,108,34.05,0.1,3309.66,21.72,963.9,Pharmacy,,Paid
INV003085,2025-04-11,C0131,P016,SR007,Central,106,23.84,0.1,2274.34,14.05,785.04,Hospital,CAM002,Paid
INV003086,2025-08-30,C0111,P018,SR008,Kuala Lumpur,11,17.27,0,189.97,8.38,97.79,Pharmacy,,Pending
INV003087,2025-06-15,C0118,P013,SR006,East Malaysia,156,14.36,0,2240.16,8.98,839.28,Hospital,,Paid
INV003088,2026-06-12,C0177,P017,SR004,Southern,150,60.49,0.08,8347.62,30.19,3819.12,Hospital,,Paid
INV003089,2026-02-11,C0022,P013,SR012,East Malaysia,48,14.36,0,689.28,8.98,258.24,Hospital,,Paid
INV003090,2025-01-01,C0119,P010,SR001,Central,86,17.45,0.05,1425.66,11.04,476.22,Distributor,CAM001,Paid
INV003091,2026-05-04,C0123,P015,SR006,East Malaysia,116,11.13,0.03,1252.35,6.38,512.27,Clinic,,Paid
INV003092,2025-10-31,C0007,P018,SR001,Central,147,17.27,0.03,2462.53,8.38,1230.67,Clinic,,Paid
INV003093,2025-01-31,C0019,P010,SR005,East Coast,117,17.45,0,2041.65,11.04,749.97,Hospital,,Paid
INV003094,2026-05-10,C0142,P007,SR006,East Malaysia,40,53.96,0.05,2050.48,26.47,991.68,Pharmacy,,Overdue
INV003095,2025-12-27,C0102,P012,SR004,Southern,141,23.6,0.05,3161.22,11.86,1488.96,Pharmacy,CAM008,Pending
INV003096,2025-11-12,C0135,P014,SR004,Southern,19,18.87,0.1,322.68,11.75,99.43,Clinic,,Paid
INV003097,2025-07-08,C0068,P009,SR005,East Coast,138,9.93,0.15,1164.79,6.14,317.47,Distributor,,Pending
INV003098,2025-12-24,C0164,P015,SR005,East Coast,165,11.13,0,1836.45,6.38,783.75,Pharmacy,CAM008,Paid
INV003099,2025-01-19,C0032,P004,SR005,East Coast,92,19.97,0.05,1745.38,10.13,813.42,Hospital,CAM001,Pending
INV003100,2025-02-06,C0127,P009,SR002,Kuala Lumpur,151,9.93,0.08,1379.48,6.14,452.34,Pharmacy,CAM001,Paid
INV003101,2025-07-05,C0042,P008,SR004,Southern,109,17.6,0.05,1822.48,7.93,958.11,Hospital,,Paid
INV003102,2025-01-17,C0099,P006,SR006,East Malaysia,8,28.44,0.08,209.32,16.3,78.92,Pharmacy,,Paid
INV003103,2025-05-20,C0067,P006,SR008,Kuala Lumpur,171,28.44,0.08,4474.18,16.3,1686.88,Pharmacy,CAM004,Paid
INV003104,2026-04-26,C0163,P010,SR004,Southern,88,17.45,0.05,1458.82,11.04,487.3,Clinic,,Paid
INV003105,2025-10-11,C0079,P013,SR010,Southern,109,14.36,0.08,1440.02,8.98,461.2,Hospital,,Paid
INV003106,2026-01-25,C0139,P016,SR002,Kuala Lumpur,97,23.84,0.05,2196.86,14.05,834.01,Clinic,CAM009,Paid
INV003107,2025-12-05,C0017,P009,SR007,Central,172,9.93,0.05,1622.56,6.14,566.48,Pharmacy,,Paid
INV003108,2026-03-05,C0091,P017,SR003,Northern,175,60.49,0.08,9738.89,30.19,4455.64,Clinic,CAM010,Pending
INV003109,2025-08-23,C0170,P012,SR012,East Malaysia,166,23.6,0,3917.6,11.86,1948.84,Hospital,,Paid
INV003110,2026-03-21,C0101,P010,SR009,Northern,66,17.45,0,1151.7,11.04,423.06,Distributor,,Pending
INV003111,2026-04-17,C0122,P012,SR012,East Malaysia,6,23.6,0.15,120.36,11.86,49.2,Pharmacy,,Paid
INV003112,2025-06-12,C0167,P014,SR003,Northern,173,18.87,0.1,2938.06,11.75,905.31,Clinic,CAM004,Pending
INV003113,2026-03-17,C0153,P011,SR006,East Malaysia,96,15.5,0,1488.0,7.06,810.24,Clinic,,Pending
INV003114,2025-11-09,C0082,P002,SR010,Southern,13,20.37,0.05,251.57,9.86,123.39,Clinic,,Paid
INV003115,2026-02-15,C0119,P006,SR001,Central,18,28.44,0.05,486.32,16.3,192.92,Distributor,CAM010,Paid
INV003116,2026-04-24,C0115,P008,SR010,Southern,41,17.6,0.1,649.44,7.93,324.31,Pharmacy,,Paid
INV003117,2025-12-20,C0171,P001,SR001,Central,148,34.05,0.15,4283.49,21.72,1068.93,Pharmacy,CAM008,Paid
INV003118,2025-12-26,C0029,P012,SR005,East Coast,178,23.6,0,4200.8,11.86,2089.72,Distributor,,Paid
INV003119,2025-12-18,C0006,P006,SR006,East Malaysia,84,28.44,0,2388.96,16.3,1019.76,Clinic,CAM008,Paid
INV003120,2026-04-21,C0153,P009,SR006,East Malaysia,62,9.93,0.08,566.41,6.14,185.73,Clinic,,Pending
INV003121,2025-12-05,C0049,P003,SR001,Central,33,31.96,0,1054.68,20.33,383.79,Pharmacy,,Paid
INV003122,2025-10-09,C0043,P013,SR009,Northern,52,14.36,0.1,672.05,8.98,205.09,Hospital,,Paid
INV003123,2026-03-21,C0173,P013,SR006,East Malaysia,175,14.36,0.03,2437.61,8.98,866.11,Clinic,,Paid
INV003124,2026-06-21,C0094,P016,SR006,East Malaysia,140,23.84,0,3337.6,14.05,1370.6,Pharmacy,,Paid
INV003125,2025-12-25,C0090,P010,SR008,Kuala Lumpur,25,17.45,0.03,423.16,11.04,147.16,Hospital,,Overdue
INV003126,2025-03-24,C0150,P008,SR011,East Coast,29,17.6,0,510.4,7.93,280.43,Pharmacy,,Overdue
INV003127,2025-12-19,C0092,P011,SR002,Kuala Lumpur,121,15.5,0.08,1725.46,7.06,871.2,Pharmacy,,Paid
INV003128,2026-05-01,C0048,P018,SR002,Kuala Lumpur,111,17.27,0.05,1821.12,8.38,890.94,Distributor,CAM011,Paid
INV003129,2025-05-24,C0023,P011,SR011,East Coast,100,15.5,0.15,1317.5,7.06,611.5,Clinic,,Pending
INV003130,2025-06-20,C0109,P009,SR006,East Malaysia,49,9.93,0.08,447.64,6.14,146.78,Clinic,,Paid
INV003131,2025-09-21,C0135,P004,SR010,Southern,105,19.97,0,2096.85,10.13,1033.2,Clinic,,Overdue
INV003132,2026-03-11,C0147,P008,SR004,Southern,159,17.6,0.1,2518.56,7.93,1257.69,Pharmacy,CAM010,Overdue
INV003133,2025-12-11,C0019,P014,SR011,East Coast,20,18.87,0.03,366.08,11.75,131.08,Hospital,CAM008,Pending
INV003134,2025-05-27,C0033,P014,SR012,East Malaysia,63,18.87,0.08,1093.71,11.75,353.46,Hospital,CAM004,Overdue
INV003135,2025-08-09,C0072,P008,SR004,Southern,83,17.6,0.05,1387.76,7.93,729.57,Clinic,,Paid
INV003136,2025-10-26,C0167,P005,SR003,Northern,42,48.8,0.03,1988.11,23.91,983.89,Clinic,,Paid
INV003137,2026-01-11,C0012,P005,SR002,Kuala Lumpur,65,48.8,0,3172.0,23.91,1617.85,Pharmacy,CAM009,Paid
INV003138,2026-01-15,C0114,P013,SR007,Central,52,14.36,0.05,709.38,8.98,242.42,Hospital,CAM009,Paid
INV003139,2025-01-25,C0074,P009,SR006,East Malaysia,26,9.93,0.05,245.27,6.14,85.63,Pharmacy,,Paid
INV003140,2025-09-12,C0112,P012,SR005,East Coast,26,23.6,0.1,552.24,11.86,243.88,Pharmacy,,Pending
INV003141,2026-05-11,C0124,P004,SR001,Central,87,19.97,0,1737.39,10.13,856.08,Hospital,CAM012,Overdue
INV003142,2026-04-24,C0155,P005,SR010,Southern,91,48.8,0.1,3996.72,23.91,1820.91,Hospital,,Paid
INV003143,2025-06-15,C0131,P004,SR007,Central,41,19.97,0.08,753.27,10.13,337.94,Hospital,CAM004,Pending
INV003144,2026-05-16,C0059,P005,SR005,East Coast,30,48.8,0.05,1390.8,23.91,673.5,Distributor,CAM012,Pending
INV003145,2026-03-30,C0056,P015,SR009,Northern,128,11.13,0,1424.64,6.38,608.0,Pharmacy,CAM011,Paid
INV003146,2026-04-08,C0125,P001,SR008,Kuala Lumpur,169,34.05,0.03,5581.82,21.72,1911.14,Clinic,,Pending
INV003147,2025-03-24,C0096,P007,SR005,East Coast,70,53.96,0.03,3663.88,26.47,1810.98,Hospital,CAM002,Paid
INV003148,2026-01-22,C0134,P008,SR008,Kuala Lumpur,147,17.6,0.05,2457.84,7.93,1292.13,Distributor,,Pending
INV003149,2025-11-14,C0164,P012,SR005,East Coast,48,23.6,0.05,1076.16,11.86,506.88,Pharmacy,,Paid
INV003150,2026-02-11,C0013,P008,SR005,East Coast,74,17.6,0,1302.4,7.93,715.58,Pharmacy,,Pending
INV003151,2025-10-07,C0105,P015,SR012,East Malaysia,81,11.13,0.05,856.45,6.38,339.67,Hospital,,Pending
INV003152,2025-09-03,C0109,P018,SR006,East Malaysia,16,17.27,0,276.32,8.38,142.24,Clinic,CAM006,Paid
INV003153,2025-03-15,C0013,P011,SR005,East Coast,67,15.5,0,1038.5,7.06,565.48,Pharmacy,,Paid
INV003154,2025-11-14,C0041,P005,SR006,East Malaysia,30,48.8,0,1464.0,23.91,746.7,Clinic,,Paid
INV003155,2025-08-30,C0045,P002,SR003,Northern,180,20.37,0.08,3373.27,9.86,1598.47,Pharmacy,,Paid
INV003156,2026-06-20,C0032,P014,SR005,East Coast,111,18.87,0.1,1885.11,11.75,580.86,Hospital,,Paid
INV003157,2025-03-30,C0167,P016,SR003,Northern,102,23.84,0.05,2310.1,14.05,877.0,Clinic,,Paid
INV003158,2025-11-10,C0166,P016,SR010,Southern,128,23.84,0,3051.52,14.05,1253.12,Pharmacy,,Paid
INV003159,2025-12-29,C0034,P003,SR008,Kuala Lumpur,30,31.96,0.08,882.1,20.33,272.2,Pharmacy,,Pending
INV003160,2026-04-13,C0030,P014,SR005,East Coast,73,18.87,0.05,1308.63,11.75,450.88,Pharmacy,,Paid
INV003161,2026-06-30,C0156,P011,SR001,Central,51,15.5,0,790.5,7.06,430.44,Distributor,,Paid
INV003162,2026-01-16,C0021,P004,SR006,East Malaysia,164,19.97,0.03,3176.83,10.13,1515.51,Clinic,,Paid
INV003163,2026-01-08,C0108,P016,SR005,East Coast,162,23.84,0.03,3746.22,14.05,1470.12,Clinic,CAM009,Paid
INV003164,2026-04-10,C0110,P016,SR002,Kuala Lumpur,65,23.84,0.05,1472.12,14.05,558.87,Hospital,,Pending
INV003165,2026-05-29,C0129,P014,SR006,East Malaysia,113,18.87,0,2132.31,11.75,804.56,Clinic,,Paid
INV003166,2026-02-16,C0098,P015,SR006,East Malaysia,11,11.13,0.03,118.76,6.38,48.58,Distributor,,Paid
INV003167,2025-07-20,C0140,P017,SR007,Central,78,60.49,0.1,4246.4,30.19,1891.58,Clinic,CAM005,Paid
INV003168,2025-10-23,C0171,P013,SR001,Central,82,14.36,0.03,1142.19,8.98,405.83,Pharmacy,,Paid
INV003169,2026-05-22,C0109,P007,SR006,East Malaysia,5,53.96,0.03,261.71,26.47,129.36,Clinic,,Paid
INV003170,2026-04-14,C0107,P004,SR010,Southern,49,19.97,0.05,929.6,10.13,433.23,Clinic,CAM011,Paid
INV003171,2025-08-21,C0029,P013,SR011,East Coast,58,14.36,0.1,749.59,8.98,228.75,Distributor,,Paid
INV003172,2025-09-14,C0100,P011,SR010,Southern,142,15.5,0.15,1870.85,7.06,868.33,Clinic,,Paid
INV003173,2026-05-10,C0006,P007,SR012,East Malaysia,146,53.96,0.05,7484.25,26.47,3619.63,Clinic,,Overdue
INV003174,2025-01-04,C0008,P009,SR003,Northern,129,9.93,0.08,1178.49,6.14,386.43,Clinic,,Paid
INV003175,2025-08-21,C0177,P003,SR010,Southern,152,31.96,0.15,4129.23,20.33,1039.07,Hospital,,Paid
INV003176,2025-04-27,C0170,P006,SR012,East Malaysia,19,28.44,0.03,524.15,16.3,214.45,Hospital,,Paid
INV003177,2025-02-14,C0068,P002,SR011,East Coast,180,20.37,0,3666.6,9.86,1891.8,Distributor,,Paid
INV003178,2026-04-08,C0044,P005,SR001,Central,76,48.8,0.05,3523.36,23.91,1706.2,Clinic,,Paid
INV003179,2025-04-27,C0115,P013,SR004,Southern,127,14.36,0.03,1769.01,8.98,628.55,Pharmacy,,Paid
INV003180,2026-06-18,C0168,P009,SR009,Northern,77,9.93,0.05,726.38,6.14,253.6,Clinic,,Paid
INV003181,2025-02-28,C0081,P006,SR004,Southern,32,28.44,0.05,864.58,16.3,342.98,Pharmacy,CAM002,Pending
INV003182,2026-03-04,C0092,P017,SR002,Kuala Lumpur,146,60.49,0.05,8389.96,30.19,3982.22,Pharmacy,,Overdue
INV003183,2025-01-10,C0111,P003,SR008,Kuala Lumpur,59,31.96,0.05,1791.36,20.33,591.89,Pharmacy,,Overdue
INV003184,2025-11-17,C0105,P008,SR006,East Malaysia,109,17.6,0,1918.4,7.93,1054.03,Hospital,CAM008,Overdue
INV003185,2026-01-11,C0091,P015,SR003,Northern,111,11.13,0,1235.43,6.38,527.25,Clinic,,Paid
INV003186,2025-08-12,C0125,P018,SR002,Kuala Lumpur,27,17.27,0.05,442.98,8.38,216.72,Clinic,,Paid
INV003187,2025-02-24,C0101,P017,SR003,Northern,17,60.49,0,1028.33,30.19,515.1,Distributor,CAM002,Paid
INV003188,2026-03-13,C0127,P012,SR002,Kuala Lumpur,179,23.6,0.08,3886.45,11.86,1763.51,Pharmacy,CAM010,Pending
INV003189,2025-07-19,C0108,P004,SR005,East Coast,24,19.97,0.05,455.32,10.13,212.2,Clinic,,Paid
INV003190,2025-02-07,C0012,P010,SR002,Kuala Lumpur,67,17.45,0.05,1110.69,11.04,371.01,Pharmacy,CAM001,Pending
INV003191,2026-01-16,C0133,P011,SR001,Central,92,15.5,0.08,1311.92,7.06,662.4,Clinic,,Pending
INV003192,2025-08-29,C0175,P018,SR003,Northern,44,17.27,0.05,721.89,8.38,353.17,Hospital,CAM006,Paid
INV003193,2025-06-07,C0038,P011,SR009,Northern,32,15.5,0.05,471.2,7.06,245.28,Pharmacy,CAM004,Paid
INV003194,2025-03-10,C0162,P009,SR007,Central,112,9.93,0.1,1000.94,6.14,313.26,Hospital,,Paid
INV003195,2025-07-06,C0049,P013,SR001,Central,36,14.36,0.08,475.6,8.98,152.32,Pharmacy,,Paid
INV003196,2025-09-25,C0092,P009,SR002,Kuala Lumpur,58,9.93,0.08,529.86,6.14,173.74,Pharmacy,,Paid
INV003197,2025-04-07,C0081,P013,SR004,Southern,18,14.36,0.05,245.56,8.98,83.92,Pharmacy,CAM003,Paid
INV003198,2026-06-18,C0170,P011,SR006,East Malaysia,171,15.5,0.05,2517.97,7.06,1310.71,Hospital,,Paid
INV003199,2025-11-10,C0093,P018,SR010,Southern,39,17.27,0.05,639.85,8.38,313.03,Pharmacy,,Pending
INV003200,2025-02-02,C0144,P006,SR004,Southern,122,28.44,0.05,3296.2,16.3,1307.6,Pharmacy,,Paid
